10000 30000
0 1100 13
0 4971 11
0 8141 7
0 5549 13
0 7976 14
0 4053 16
0 5410 3
1 172 7
1 6931 13
1 4549 10
1 9976 14
1 8607 7
1 6814 11
1 9771 3
1 4807 10
1 3210 11
2 1489 6
2 4118 6
2 2196 17
3 567 5
3 2403 7
3 3149 5
3 5043 11
3 8879 7
3 9821 10
4 3919 17
4 7790 11
4 1757 6
4 6529 20
4 303 15
4 7617 20
5 1226 19
5 2048 7
5 4951 9
5 424 20
6 8977 14
6 6678 12
6 7695 15
6 8870 15
6 6354 11
7 2676 18
7 4680 8
7 2792 8
7 2435 12
7 5442 6
7 1260 4
8 2742 20
8 854 16
8 4124 1
8 2246 13
8 9114 10
8 9349 1
8 5651 14
8 9394 10
9 9813 3
9 8265 5
9 4705 7
9 3450 3
9 7416 11
9 9002 9
9 7869 2
9 566 5
10 817 10
10 6530 9
10 1354 15
10 774 17
10 6866 7
10 8699 1
11 7479 15
11 5435 11
11 8289 1
11 9883 4
11 7598 13
11 6998 7
11 8536 5
11 2225 16
11 7505 1
11 8964 7
12 2160 9
12 151 19
12 9251 4
13 9175 9
13 7546 4
13 1780 1
13 9382 12
13 3578 5
13 8841 13
14 2438 20
14 817 13
14 9197 7
15 2188 14
15 3786 10
15 7170 6
15 7536 15
15 8362 5
15 2405 3
15 9470 6
15 6820 13
16 684 9
16 8000 11
16 3665 10
16 6091 7
16 7984 13
16 7705 16
16 3037 14
17 1559 17
17 2065 16
17 2762 20
17 3250 14
17 3801 16
17 8134 10
17 6135 13
17 7836 16
18 8431 6
18 2445 13
19 7069 20
19 3675 17
19 884 14
19 818 7
19 768 1
19 7721 3
19 1776 8
19 4267 7
20 1770 8
20 3516 5
20 2217 16
20 907 20
20 1645 18
21 523 18
21 5596 5
21 6329 4
21 6784 15
22 7607 1
22 5692 6
22 6784 14
22 1749 16
23 6164 4
23 1877 20
23 7881 19
23 2855 13
23 8337 3
23 3380 10
23 8023 20
23 217 10
23 2080 20
24 8840 4
24 5387 18
24 3272 12
24 2286 4
24 9208 10
24 1329 15
24 3841 12
24 3335 14
25 5780 4
25 3171 14
25 1587 2
25 7323 7
25 3414 18
25 1569 10
25 8900 19
25 4837 11
25 129 5
26 8215 13
26 1815 1
26 8325 14
26 4166 17
26 4437 6
26 1203 6
26 9738 17
26 2644 15
27 8518 19
27 5092 11
27 8985 13
27 7765 3
28 2760 10
28 5609 3
29 2911 1
29 9076 19
30 4924 13
30 1063 13
30 1705 3
30 5904 12
30 988 20
31 722 6
31 5820 20
31 1075 7
31 9890 6
31 9614 11
32 7437 15
32 998 17
32 3110 20
32 6704 2
32 8620 18
32 2156 17
32 2795 11
33 9974 2
33 1229 14
33 952 19
33 7989 1
33 6574 7
33 2973 2
33 2210 8
34 8008 10
34 841 16
34 2879 3
34 2754 3
34 9201 6
34 1001 2
34 1895 5
34 5869 16
35 6396 7
35 5592 1
35 2435 5
35 8844 8
35 3706 17
35 2771 12
35 528 19
36 9319 11
36 7045 4
36 6162 5
36 4817 19
36 9621 5
36 2273 2
36 9021 15
36 7255 5
37 7722 5
37 8977 7
37 6534 2
37 5004 7
37 3509 8
38 9028 12
38 4632 18
38 6927 5
38 609 8
39 9325 8
39 3030 19
39 1756 18
39 7960 20
39 2532 12
39 3300 3
40 9534 4
40 2523 4
40 6290 8
40 5298 20
40 5064 19
40 1842 16
41 4080 16
41 6478 8
41 1425 18
41 5693 15
41 3954 20
41 3650 6
41 9717 15
42 4377 18
42 8336 15
42 645 13
42 6114 15
42 418 18
42 2078 6
42 6047 8
42 6187 13
43 2564 1
43 2754 18
43 6655 10
43 3079 6
43 2307 5
43 7732 19
43 8644 13
43 8739 14
43 5333 11
44 208 4
44 1713 10
44 3060 9
44 7113 9
44 828 17
44 9487 13
44 7215 11
44 5530 15
44 1851 9
44 1594 7
45 800 1
45 336 13
45 6859 5
45 4030 1
45 6159 13
45 1941 17
45 1565 3
45 7477 10
46 4542 18
46 5926 10
46 3443 19
46 8864 20
46 3119 4
47 2071 19
47 3228 17
47 2439 15
47 9464 5
47 7939 2
47 5152 6
48 7240 19
48 463 17
48 5107 3
48 963 3
49 4169 7
49 5161 1
49 1941 1
49 9912 17
49 1646 9
49 8080 8
49 6118 7
50 6564 19
50 7486 4
50 4718 10
50 5361 3
50 7099 19
50 3501 18
50 4664 4
50 8126 3
50 4080 15
51 5278 19
51 1759 14
51 1531 8
51 3233 7
52 3509 1
52 5098 11
52 198 1
52 4011 15
52 7143 9
52 5471 19
52 1709 11
52 8116 2
52 8628 10
52 3868 10
53 7433 8
53 1090 6
53 5378 15
53 2665 4
53 8070 19
53 3755 6
53 1282 19
54 6298 18
54 8727 1
54 1989 5
54 923 17
54 8120 9
54 7033 9
54 2505 4
54 8595 14
55 2442 3
55 7668 13
55 79 19
55 2791 7
55 3836 14
56 3648 6
56 6245 9
56 8562 2
56 3396 17
56 84 17
56 6578 11
56 4506 4
57 4146 14
57 6063 8
57 661 5
57 9367 8
57 2329 17
57 6854 4
58 722 7
58 3015 16
58 9942 1
58 5074 11
58 9606 16
58 838 10
58 8970 3
58 7663 2
59 3253 8
59 2956 16
59 2608 14
59 9928 6
59 1503 6
60 9414 14
60 3594 11
60 8531 20
60 3081 9
60 7287 4
60 3300 11
60 9900 5
61 6444 12
61 5693 18
61 7372 7
61 205 17
61 1479 12
61 582 3
62 7005 14
62 1500 8
62 7422 11
62 3602 16
62 5546 17
62 7429 3
62 8450 4
63 5271 14
63 9064 10
63 182 9
63 4523 14
63 4136 14
64 7676 17
64 4661 9
64 2148 16
64 4420 4
64 7316 7
65 9638 6
65 1209 20
65 7605 2
66 9428 4
66 1199 2
66 2720 6
66 7704 20
66 2378 4
66 5990 11
66 6842 17
67 293 11
67 5095 4
67 9560 4
67 9232 18
68 210 12
68 6792 17
68 6944 3
68 912 4
68 9095 2
68 8562 4
69 6688 10
69 1893 13
69 4693 2
69 5157 5
69 278 7
69 6915 12
69 9502 8
70 2556 11
70 1616 19
70 7807 13
70 8695 17
70 5997 6
70 1395 17
70 2647 19
70 3316 1
70 6312 4
70 7607 9
70 9180 2
70 1974 18
71 8689 4
71 3261 5
71 6082 8
71 1848 11
71 714 14
71 4205 8
71 5347 3
71 782 13
71 8946 16
71 2988 13
71 2938 13
72 6370 2
72 7869 5
72 480 15
72 8918 4
72 5184 13
72 6882 18
72 7731 19
73 433 6
73 317 15
73 9481 17
73 7160 18
73 8815 18
73 9677 9
73 7897 15
73 5268 17
74 6861 15
74 7716 3
74 616 18
74 9888 3
74 8569 20
74 4406 7
75 7927 18
75 6778 8
76 6280 10
76 4277 16
76 797 15
76 9433 2
76 5355 12
76 5621 3
76 2218 1
76 5587 9
77 950 16
77 4758 8
77 925 1
77 5015 18
78 522 1
78 3959 6
78 6258 17
78 8686 6
78 7546 4
78 968 7
78 2684 4
79 2762 3
79 4913 10
79 8402 17
79 4082 6
79 9258 10
79 4769 3
79 4179 10
80 8807 8
80 3216 1
80 2354 9
80 7962 10
80 4828 10
80 5539 13
80 6177 19
80 3146 15
80 1224 18
80 2276 19
81 6131 10
81 8671 5
81 8647 11
81 7015 19
81 7779 14
81 7063 8
81 9411 10
81 5751 19
82 9383 1
82 8953 1
82 4467 3
82 957 19
82 9069 15
83 9399 14
83 5010 17
83 6194 20
83 1573 8
83 8537 8
83 7138 9
84 9016 12
84 6420 1
84 1755 2
84 1076 9
84 187 4
85 1499 20
85 7424 12
85 5891 3
85 9826 3
85 5128 7
85 6259 2
86 7349 7
86 1492 1
86 6683 15
86 3622 13
87 4155 13
87 2948 3
87 9096 16
87 4663 1
87 1101 13
88 1022 4
89 3096 13
89 9195 13
89 7352 18
89 291 9
90 1746 14
90 5429 10
90 2347 18
91 4393 5
91 5109 1
91 9604 20
91 5308 17
91 6330 16
91 9838 5
91 4216 17
91 7295 10
92 4178 17
92 6620 3
92 8863 17
92 9781 4
93 4080 18
93 4499 13
93 2520 19
93 1723 13
93 190 20
93 1366 5
93 229 8
93 2545 9
93 8682 9
94 8904 9
94 6263 2
94 2565 11
94 3194 12
94 397 15
94 255 5
95 9735 10
95 6470 16
95 5885 15
95 9365 6
95 5159 3
95 4532 8
95 8516 19
96 5763 14
96 1036 7
96 5828 13
96 3828 5
96 1330 1
96 2145 19
96 5984 3
96 8501 14
96 2511 1
96 9571 9
97 6601 19
97 3540 10
97 1642 4
97 8796 16
98 4255 6
98 7203 7
99 1058 3
99 7496 20
99 5876 1
99 4696 3
99 4114 15
100 2972 2
100 1865 13
100 982 14
100 9023 17
100 5120 13
100 9151 8
100 4852 15
100 5353 5
101 5325 4
101 1642 18
102 2230 12
102 7888 18
102 8818 19
102 9012 7
102 7929 12
102 2300 17
102 4494 9
103 8316 2
103 7955 10
103 7451 16
103 8287 2
103 4553 12
104 6756 15
104 6718 3
104 118 6
104 4813 14
104 2736 11
104 2452 13
104 6697 12
104 4191 13
104 769 9
104 895 4
105 5047 14
105 7945 11
105 2484 13
105 8668 13
105 5308 14
106 4557 15
106 7988 4
106 8419 11
106 4613 15
106 5172 4
106 9765 3
106 9039 4
106 2092 5
106 8185 2
107 4920 16
107 4009 1
107 6811 4
107 2748 17
107 2191 1
107 2225 11
107 7405 17
108 257 19
108 9899 7
108 8871 12
108 6708 19
108 7716 14
108 8187 16
108 9904 19
108 6025 6
108 6631 14
108 2984 6
109 8001 12
109 8768 11
109 9446 5
109 2424 12
110 6483 15
110 3018 14
110 7831 3
110 4757 12
110 4742 1
110 4667 8
110 5560 7
110 6672 12
111 4064 20
111 9987 17
111 3821 9
111 6430 18
112 529 2
112 7863 17
112 5995 14
112 856 3
112 4657 17
112 7688 14
112 7187 17
112 358 7
113 2549 1
113 5523 9
113 6131 7
113 3782 9
113 871 5
113 8862 6
113 9508 19
113 811 20
113 5005 16
113 221 18
114 4123 12
114 2982 7
114 7706 5
114 1567 4
114 9715 1
114 6651 3
114 9360 8
115 8002 8
115 3723 19
115 4861 18
115 9794 19
115 4196 7
116 9469 1
116 3212 19
116 4994 1
116 5470 9
116 784 1
116 2602 2
116 1942 8
116 3040 16
116 376 14
116 820 12
117 1163 18
117 8515 10
117 8052 19
117 4983 1
117 7109 4
118 3788 10
118 9542 2
118 6154 11
118 264 14
118 8804 11
118 1310 1
118 4735 5
118 4768 12
118 1452 15
119 6962 18
119 2194 16
119 6026 2
119 3176 20
119 8601 2
119 2904 20
119 6255 11
120 1676 20
120 8736 2
120 4610 5
120 3558 15
121 9468 20
121 3304 19
121 2689 1
121 5163 9
121 2954 13
121 1621 7
121 4164 13
121 7713 20
121 8775 3
121 4429 20
121 3843 19
121 4084 4
121 3271 17
122 923 7
123 8911 17
124 6138 14
124 2807 9
124 3673 17
124 3634 18
124 5870 7
125 897 13
125 7954 5
125 7154 14
125 8768 19
126 8149 14
126 2305 3
126 8415 14
126 3432 7
127 9724 13
127 8421 15
127 8200 16
127 7913 3
127 4940 15
127 225 15
127 5368 11
127 1045 6
128 9086 20
128 6438 14
128 3396 19
128 9119 10
128 4607 6
129 5469 13
129 5638 20
129 2600 4
129 9382 12
129 9977 9
129 3107 18
129 2213 20
129 8601 15
130 7483 18
130 2532 18
130 4029 3
130 2936 9
130 9355 4
130 6271 5
130 2049 9
130 816 11
130 7539 6
130 1680 15
131 7116 16
131 5375 2
131 4357 12
131 1626 2
131 9961 18
132 4497 16
132 152 11
132 8481 11
132 6179 2
132 4743 11
132 4488 14
132 3342 6
132 5499 9
132 5282 10
133 8793 18
133 9547 3
133 6662 18
133 9871 18
133 9083 18
134 7183 13
134 2706 15
134 4478 17
134 1622 19
134 7923 12
135 4326 1
135 4075 4
135 2460 8
135 232 19
135 2363 4
135 442 19
136 8059 7
136 1091 17
136 1805 15
136 6997 2
136 8714 15
137 193 9
137 174 3
137 4827 10
137 7110 6
137 7088 1
137 8194 4
137 4881 8
137 8154 9
137 3521 20
137 3554 18
137 9546 10
137 3952 7
138 9228 18
138 9849 6
138 173 18
138 2903 3
138 5056 10
138 2935 1
138 4881 10
138 3810 13
138 7472 6
138 2406 10
139 4278 16
139 3690 18
139 1348 14
139 4952 7
139 9905 12
139 7335 15
139 8620 6
140 9313 7
140 5576 14
141 1741 6
141 7251 16
141 2315 8
141 2199 8
141 3467 2
142 351 17
142 5497 19
142 7705 1
142 7123 8
142 1446 10
142 5234 11
142 877 10
142 8915 10
143 4024 13
143 9444 17
143 591 10
144 1879 8
144 4216 6
144 7483 3
145 7767 2
145 1660 20
145 8401 11
145 7207 10
145 4969 20
145 6360 13
145 432 18
145 469 14
145 1186 4
146 3982 16
146 2992 15
146 6865 7
146 5540 2
147 7280 16
147 7305 19
147 3078 1
147 9524 19
148 7917 20
148 3892 3
148 5052 19
148 1140 20
149 3583 17
149 7052 9
149 3205 13
149 4536 15
149 5293 14
149 4578 3
149 2291 15
149 386 1
150 6476 20
150 6971 19
151 613 12
151 4861 4
151 2096 3
151 629 2
151 4075 7
151 8717 12
151 5337 13
151 6093 6
152 7508 11
152 3366 16
152 2233 13
152 8088 5
152 6069 3
153 4183 2
153 7283 20
153 1742 2
153 993 5
154 919 17
154 5974 1
154 7088 12
154 349 15
155 1651 19
155 4244 11
155 9853 12
155 7835 1
156 2843 1
156 5152 2
156 6167 9
157 7939 10
157 5488 9
157 5219 3
157 9530 12
157 3216 14
157 4681 13
157 7739 8
157 4597 2
157 8396 12
157 9785 15
157 4818 6
158 1832 16
158 2267 12
158 5006 14
158 220 5
158 963 6
158 3564 1
158 8514 6
158 1686 4
159 8776 15
159 2893 11
159 2797 18
159 2994 19
159 6433 6
159 2425 18
159 5600 7
159 2937 19
160 7763 1
160 4193 11
160 5491 7
160 1682 15
160 8504 1
160 6441 4
160 9737 8
161 1604 16
161 981 13
161 5177 1
161 6593 15
161 484 6
161 7361 1
161 7488 7
162 8476 5
162 5944 9
162 9189 17
162 5352 20
162 5810 7
162 3098 5
163 3763 8
163 510 15
163 9607 16
164 3721 12
164 2284 14
164 3195 16
164 1355 16
164 4733 20
164 5255 9
165 540 13
165 7443 13
166 9106 18
166 2927 11
166 4004 7
166 9973 6
166 5509 9
166 6718 4
166 2697 10
167 6704 17
167 2073 10
167 4938 5
167 8939 14
167 4573 18
167 4941 20
168 4942 17
168 1555 18
168 7296 2
168 7369 16
169 7682 15
169 6130 12
169 5799 16
169 2909 10
169 3961 14
170 938 12
170 2273 17
170 6479 11
170 1307 15
170 6561 18
170 9502 12
170 4953 13
170 5334 10
171 3563 12
171 7334 3
171 2319 19
171 6983 6
171 6564 9
171 559 5
172 1735 15
172 7775 19
172 1783 8
172 1595 9
173 3913 13
173 7428 18
173 6602 5
173 975 20
173 9388 18
173 5315 12
173 8442 3
173 475 13
173 722 12
173 5409 5
174 3208 6
174 2140 17
174 3357 16
174 3735 7
174 3363 11
174 3594 4
175 7192 3
175 618 18
175 6946 15
175 7168 16
175 7402 17
175 4416 13
176 8765 8
176 1921 9
176 5610 3
176 9343 9
176 7575 10
176 7835 18
176 7408 16
176 1167 16
176 318 15
176 1306 10
177 1258 15
177 5221 14
178 6494 7
178 5388 19
178 4885 15
178 5914 3
178 9087 1
179 5064 7
179 2926 3
179 1977 17
180 2815 18
180 9511 15
180 844 6
181 2718 16
181 5700 16
181 8470 19
181 6288 14
181 4904 2
181 5148 14
182 9068 18
182 7303 17
182 9557 17
182 7216 13
182 905 15
182 2225 10
183 1271 6
183 4493 1
183 6092 11
183 8974 1
183 9336 11
183 2953 16
183 5256 18
183 2309 10
183 1115 13
184 225 6
184 565 5
185 2684 3
185 3296 13
185 4670 7
185 3526 9
185 1393 14
185 8856 11
185 8019 3
186 7317 18
186 371 13
186 4863 11
186 6829 4
186 2587 12
187 9386 8
187 6266 3
187 220 5
187 3204 3
187 8786 10
187 3427 3
188 9064 8
188 542 17
188 7170 5
188 6131 20
188 208 17
188 5330 16
189 9720 20
189 7964 2
189 1735 18
189 9676 14
189 6212 17
189 1091 14
190 894 11
190 2200 4
190 1966 9
190 7273 14
190 4177 14
191 9373 2
191 4201 4
191 6490 16
191 8016 1
191 453 12
192 5416 19
192 7295 8
193 9884 20
193 5006 14
193 2893 15
193 2773 2
194 6739 4
194 4731 11
194 7733 12
194 7613 6
194 3578 6
194 8132 13
194 2474 10
194 4546 3
195 1010 5
195 1113 9
195 9473 13
195 2820 12
195 672 11
195 5914 5
195 9961 20
195 5796 12
195 7864 16
196 6376 18
196 7306 15
196 7780 7
196 689 11
196 8304 4
196 1839 13
196 4788 18
196 1820 8
197 8655 5
197 4250 1
197 1120 6
197 3845 6
197 561 15
197 7668 4
197 3156 3
197 5991 7
197 2509 3
198 2178 17
198 9566 2
198 7656 2
198 3253 5
199 4663 3
199 9329 9
199 1847 20
199 4981 17
200 1680 2
200 7514 2
200 2635 18
200 6623 9
200 502 15
200 3839 11
200 900 11
201 721 12
201 1682 15
201 9225 16
201 5237 8
201 6984 10
201 311 7
202 4781 5
202 7506 18
202 8598 6
202 1912 8
202 2036 20
202 5077 3
202 4933 7
202 2947 5
202 5892 3
202 4107 18
202 7756 8
203 6662 14
203 2381 13
203 1878 19
203 8855 9
203 6112 20
204 1262 17
204 9913 8
204 3123 12
204 1190 19
204 2859 17
204 7623 1
205 5618 17
206 1998 9
206 8669 13
206 5793 20
206 5103 17
206 9834 16
206 2518 7
206 684 5
206 409 19
206 4883 15
206 4430 11
207 5590 17
207 2248 9
207 4413 11
207 5275 14
208 7775 5
208 6071 16
208 1485 4
208 1588 7
208 7010 15
208 5380 2
209 8564 5
209 8055 9
209 6856 10
209 7620 13
209 9891 20
210 1937 17
210 1464 9
210 780 12
210 2478 19
210 6091 18
211 2243 20
211 1361 1
211 3903 20
212 4117 2
212 9941 13
212 8036 13
212 3394 1
212 8028 19
212 7648 10
212 6194 15
213 6438 17
213 9463 7
213 2090 2
213 4405 14
213 9066 5
213 2596 14
213 7067 10
214 1161 13
214 8583 11
214 8749 17
214 4738 18
215 3541 19
215 8468 19
215 8628 18
215 5516 16
215 4651 6
215 6690 9
215 6069 9
216 4698 10
216 531 13
216 5568 8
216 3515 3
216 7186 5
217 1911 17
217 3811 9
217 9449 5
217 7976 2
217 7514 19
217 6975 6
217 5736 15
217 5721 10
218 9122 19
218 8257 8
218 2531 19
219 2930 2
219 3304 19
219 716 17
220 603 3
220 5921 3
221 9824 5
221 3924 5
221 3304 2
222 1802 6
222 7516 3
222 1175 11
222 2258 4
222 803 5
222 1883 17
222 8517 12
223 3874 3
223 9040 7
223 4074 13
223 2655 17
223 4476 9
223 8167 2
223 4628 11
223 372 10
223 8188 4
223 9361 13
224 9048 11
224 3726 6
225 4295 8
225 4713 16
225 1814 1
225 7753 1
225 655 18
225 5225 15
225 7192 16
225 7638 16
225 9024 12
225 6209 3
226 7793 20
226 308 2
227 2213 2
227 3115 7
227 1567 6
227 3095 6
227 9666 14
227 7084 1
227 3502 16
227 4234 8
228 6464 10
228 5991 15
228 3980 17
228 7364 10
228 9554 8
228 8261 6
228 3092 14
229 9472 15
229 1231 9
229 7976 18
229 4745 10
229 7551 14
229 8376 9
229 7217 8
229 4135 3
229 9665 2
229 4259 7
230 3050 5
230 5279 7
230 7233 8
230 7092 18
231 8751 12
231 8615 9
231 3156 8
231 1616 15
231 2617 14
231 5597 16
231 5011 8
231 2266 2
232 1827 12
232 5185 18
232 8459 11
232 9319 18
232 3281 6
232 5137 3
232 9388 20
232 6316 14
232 8693 9
233 6223 11
233 7825 20
233 714 20
233 8423 14
233 8596 18
233 4485 5
233 4235 5
233 5712 9
234 2984 7
234 8906 3
234 9542 5
234 390 3
235 2822 5
235 6066 12
235 2860 12
235 5091 17
235 5376 17
235 4918 20
235 7734 17
235 4327 7
235 3883 20
235 2134 6
236 1542 7
236 501 1
237 7014 16
237 4678 18
237 4530 4
237 9834 9
238 5523 4
238 3875 5
238 5886 11
238 4698 15
238 1573 1
238 4462 14
238 3812 15
239 4430 2
240 7308 15
240 4959 16
240 5143 20
241 1528 6
241 2468 10
241 330 9
241 515 11
241 9378 10
241 7698 16
241 6188 11
241 5356 20
242 9467 15
242 7960 3
242 7031 4
242 2544 8
242 5595 4
243 5869 12
243 5489 14
243 6290 17
243 6737 16
243 3053 7
244 1595 4
244 4094 2
244 1640 5
244 3549 10
244 1916 6
244 2593 13
244 8995 10
244 6206 11
244 4487 20
244 4819 14
244 1624 8
245 4421 19
245 2844 9
245 8795 14
245 8868 17
246 2742 10
246 8565 12
246 5924 17
247 6971 7
247 7095 4
247 5607 1
247 9271 19
247 446 1
247 581 7
247 4987 12
248 4598 18
248 2817 12
248 8585 17
249 1875 16
249 523 5
249 1995 13
249 7999 7
249 256 6
250 6285 16
250 7603 12
250 9951 2
251 7486 6
251 3470 16
251 1124 3
251 9173 20
252 7522 5
252 6509 13
252 3511 10
252 3190 6
252 6803 4
252 7337 1
253 5981 6
253 5183 8
253 7971 18
253 1786 15
253 8699 6
253 6338 17
253 9735 18
254 535 1
254 2732 16
254 2169 8
254 5257 14
254 4277 14
254 5458 10
255 4828 19
255 9357 16
255 1755 2
255 7337 13
255 555 20
255 4579 11
255 7676 19
256 6868 20
256 3394 1
256 2584 4
256 4194 19
256 9992 13
256 6298 9
256 1105 8
256 1924 8
257 1175 12
257 1491 14
257 2795 5
257 3892 7
257 8390 19
258 5304 11
258 2978 1
258 5254 6
258 5653 3
258 6703 3
259 4500 4
259 6109 17
259 2489 16
259 7684 1
259 2889 2
259 9729 1
260 7860 2
260 3083 18
260 2190 5
260 1826 6
260 9220 5
260 5737 2
260 7743 12
260 2961 8
261 9671 5
261 3042 6
261 6544 2
261 1894 18
262 1497 19
262 3531 8
262 2281 19
262 532 12
262 6653 13
262 9378 2
263 4354 17
263 4358 19
263 2344 17
263 3155 1
263 9373 10
264 5789 14
264 8957 13
264 1331 3
264 5866 15
264 1722 4
264 1996 1
264 6247 3
264 4235 10
264 2686 16
265 4272 18
265 5960 6
265 9268 9
265 385 15
265 2217 12
265 706 19
266 5850 20
266 2035 4
266 1866 4
266 5527 16
266 1032 7
266 2202 19
266 3982 2
266 9133 13
266 4120 14
266 3776 11
266 530 2
266 6787 13
267 8480 17
267 8220 17
268 606 17
268 1553 12
268 2331 15
268 1488 14
268 6694 2
268 5832 6
268 1870 15
268 5128 7
269 8782 4
269 1468 14
269 9214 1
269 2125 8
269 5569 12
269 9078 2
269 5249 5
269 1458 10
270 3566 11
271 3315 1
271 3941 13
271 8853 7
271 6549 5
272 6035 15
272 5901 2
272 2919 12
272 2314 5
272 5311 9
272 6778 3
272 4513 14
272 7639 20
272 5016 9
272 6563 11
273 1195 14
273 5450 10
273 3255 13
273 1936 18
273 1689 14
273 8338 13
273 3790 15
273 5074 13
273 6442 9
274 8673 14
274 3933 20
274 6142 4
274 2610 9
275 1701 6
275 4425 17
276 6381 10
276 2042 1
276 7488 1
276 8328 1
276 2548 1
276 4164 4
276 7107 7
277 2030 15
277 9331 9
277 9460 7
277 3672 15
277 8861 17
277 5053 9
277 8532 16
278 8615 4
278 9557 1
278 8397 16
278 8714 8
278 8084 17
278 8587 6
278 5782 7
279 1592 6
279 5338 5
279 5988 11
279 9686 18
280 4697 8
280 6103 8
280 3840 16
280 2110 14
280 2998 6
280 7965 5
281 3330 7
281 3870 8
281 8615 9
281 2819 11
281 8854 2
281 9179 4
281 1726 11
282 7342 9
282 7581 4
282 6265 16
282 1528 16
282 8034 13
282 7232 12
283 5856 15
283 9497 18
284 2150 14
284 9294 14
284 4556 3
284 4682 2
284 9221 2
284 7080 2
284 2015 1
285 2627 12
285 406 20
285 7445 3
285 7054 4
285 3266 17
285 4922 13
286 8753 6
286 9193 9
286 6007 16
286 6176 20
286 5107 8
287 4252 20
287 7319 7
287 2516 7
287 4593 10
288 1702 17
288 9715 19
289 8955 3
289 5490 10
289 6984 2
289 9536 5
289 8133 13
290 1034 19
290 7636 13
290 8056 8
290 1440 3
290 5945 11
290 7387 12
290 2393 12
291 8148 17
291 3765 2
291 4538 1
291 3810 17
292 4670 16
292 6459 12
292 5873 16
292 9907 11
293 8755 15
293 6673 11
293 4699 4
293 1600 7
293 9479 4
294 690 17
294 8321 8
294 7520 18
294 1231 5
295 2794 7
295 7397 16
295 9412 2
295 2023 18
295 6535 9
295 4826 9
295 6821 9
295 3360 13
296 9052 18
296 3683 11
296 1708 1
296 8918 4
296 5137 7
296 8539 18
296 6039 3
297 770 8
297 4155 17
297 337 12
297 2458 10
297 5207 4
297 4012 18
297 8991 10
297 1003 6
298 5928 20
298 1415 8
298 7618 6
298 2240 13
298 1280 9
299 4254 11
299 8375 15
299 7808 2
299 1401 3
299 2305 16
299 6350 15
300 5954 8
300 5004 8
300 7195 16
301 2315 2
301 5681 3
301 4526 2
301 3277 14
301 4335 12
301 2317 7
301 3587 13
302 8231 2
302 3329 12
302 2378 10
302 5198 19
302 9216 16
303 4992 3
303 4427 6
303 9922 16
303 1353 19
303 2450 8
303 2267 3
304 8457 2
304 9593 18
304 696 5
304 1713 13
304 1886 6
305 8309 16
305 4644 15
305 8235 11
305 4409 14
305 4558 20
305 1196 20
305 5578 20
306 5965 1
306 8779 14
306 6788 1
306 4935 10
306 9626 4
306 3988 17
307 7147 14
307 8154 20
307 3794 13
307 7887 1
307 4863 20
307 8088 12
307 5822 13
308 1273 13
308 8115 4
308 4115 3
309 6388 18
309 2515 6
309 5348 18
309 1053 19
310 7225 5
310 2944 3
310 525 1
310 1385 16
310 7763 11
310 7750 17
310 4621 14
310 7812 10
311 1298 8
311 6914 12
311 4027 18
312 4792 8
312 8010 1
312 9847 19
312 1563 16
312 9108 11
312 6072 8
313 3742 7
313 3130 13
313 7843 7
313 9312 4
314 9398 9
314 6517 19
314 4541 5
315 6484 17
315 9855 19
315 7498 14
315 3941 19
315 3096 4
315 5851 17
316 7611 13
316 1651 4
316 2950 16
316 3532 11
317 8837 13
317 2492 18
317 5135 14
317 7645 7
318 9100 9
318 6989 11
318 6234 9
318 8263 19
318 3405 13
319 1832 9
319 6266 6
319 3313 6
319 1938 1
319 1497 14
319 6749 19
320 9432 19
320 5363 5
320 4049 11
320 5429 11
320 6340 17
321 7724 8
321 4303 2
321 4028 1
321 9004 7
321 3161 12
322 8821 18
322 1086 2
322 7887 18
322 6892 15
322 1167 12
323 1771 13
323 6640 8
323 7231 9
323 9112 10
323 6236 20
323 418 4
323 6194 2
323 7622 17
323 2554 17
324 5638 12
324 3629 8
324 7897 10
324 7805 18
324 5330 18
324 3204 8
324 1294 3
324 5803 20
324 5522 6
325 7329 15
325 4016 6
325 9750 15
325 3898 15
325 8682 17
325 6070 7
325 7931 10
326 3584 2
326 7960 16
326 8843 19
326 2792 7
326 9003 5
326 6372 17
326 1534 3
326 9087 18
327 1991 3
327 1571 13
327 8397 16
327 5009 3
327 6078 16
327 8991 15
328 5221 4
328 8409 4
328 591 1
328 3215 8
328 4213 10
328 4780 2
328 2936 6
329 2774 2
329 8875 16
329 8423 8
329 1040 14
329 3625 3
330 3940 16
330 1727 10
330 8501 11
330 4680 15
331 6102 9
331 4579 4
331 3495 16
332 1031 20
332 3455 3
332 1728 17
333 2496 9
333 9079 17
333 5231 1
333 2214 1
334 7695 2
334 4223 1
334 4752 1
334 3155 3
334 6339 8
334 1844 8
334 710 2
335 6241 6
335 8389 4
335 848 9
335 3784 18
336 3411 19
336 8604 1
336 7742 9
337 4589 1
337 6669 3
338 7862 3
338 8822 8
338 8243 19
338 7484 6
338 6750 4
338 1021 12
339 9619 18
339 376 3
339 6291 19
339 8508 5
339 8176 15
339 8206 16
339 3976 5
339 9548 9
339 1361 10
339 4957 8
339 1579 15
340 2643 14
340 7917 10
340 2723 11
340 8947 13
340 737 3
341 6636 17
341 2908 10
341 5014 14
341 5628 18
341 6153 19
341 2695 4
341 9519 12
341 8580 18
341 2358 7
341 5716 7
342 9807 13
342 2212 11
342 5805 20
342 3751 15
343 1657 10
343 6030 16
343 6714 2
343 2288 19
344 9638 4
344 4621 10
344 4566 17
344 5315 15
344 6605 4
345 5049 20
345 6212 6
345 1239 20
345 890 1
345 7345 17
346 1767 8
346 2118 8
346 9727 17
346 1454 5
346 754 13
347 2032 12
347 2016 14
347 2410 4
347 4109 19
348 9443 16
348 1871 18
348 6010 19
348 8199 13
348 6960 18
348 8665 3
348 5928 5
348 8624 13
348 5366 13
348 9794 14
348 3690 20
348 6880 19
349 828 4
349 6189 13
349 9366 19
349 5656 19
349 1006 6
349 9836 15
349 8453 15
349 8651 1
350 6106 17
350 3037 14
351 4776 13
351 3731 12
351 7084 15
351 2679 10
351 7388 18
351 8150 14
351 6561 12
351 6402 20
351 6557 15
352 9186 15
352 3211 11
352 6186 20
352 5541 15
353 8977 16
353 9214 14
353 656 16
353 4026 7
354 3027 17
354 3463 1
354 4885 2
354 9339 15
354 4542 11
354 9984 2
355 5159 14
355 8148 17
355 6763 5
355 2987 7
355 3011 8
355 5027 16
355 9463 8
355 3867 8
355 5575 19
355 2761 8
355 5466 9
356 6487 15
356 7192 10
356 5235 3
356 1301 6
356 3242 14
356 2745 16
356 527 18
357 1056 17
357 1908 13
357 3546 11
357 8094 15
358 8255 2
358 2301 15
358 7409 8
358 4959 18
358 9556 12
359 6484 9
359 2420 13
359 3460 1
359 8045 12
359 5446 5
359 3595 3
360 4787 15
360 3412 7
361 3806 5
361 1038 3
361 9435 8
361 6848 7
361 2083 1
362 3046 11
362 9174 17
362 8773 15
362 6548 18
362 1987 19
362 8081 6
362 7886 17
363 8358 17
363 7854 1
364 9633 6
364 7108 6
364 2072 19
364 3456 12
364 7098 11
365 7653 16
366 3013 13
366 4873 20
366 6755 7
366 9986 2
366 3211 17
366 3929 17
367 3992 18
367 7281 7
367 2305 16
367 6670 2
367 9707 15
368 5119 20
368 8277 19
368 7291 3
368 3544 20
368 9017 1
368 612 14
368 5050 5
368 5824 7
368 2538 3
369 3206 12
369 5421 10
369 9227 8
369 7805 10
369 3658 10
369 2462 20
369 6210 3
370 5620 19
370 3411 16
370 7742 10
370 7973 15
370 6062 1
371 8530 18
371 7342 10
371 3458 18
371 9917 13
371 8571 16
371 6047 4
372 4888 4
372 7719 15
372 9852 6
372 428 10
372 6509 20
372 9148 17
374 6697 11
374 1533 19
374 8603 13
374 6099 8
374 2347 9
374 3846 7
374 1240 14
375 3465 12
375 8074 2
375 1163 20
375 8347 9
375 2552 4
375 1687 14
375 2603 5
375 7247 13
375 5635 15
375 3592 6
375 4278 9
376 1859 1
376 2485 17
376 9140 20
376 6578 13
376 1552 6
376 7729 18
377 9614 16
377 8486 2
377 6228 3
377 541 8
377 830 5
377 8384 4
377 1444 12
377 6176 13
377 5848 14
378 3012 15
378 8731 2
378 8144 3
378 7824 20
378 4707 3
378 7057 17
378 7989 15
378 3405 4
379 1475 15
379 2355 4
379 2298 1
379 6867 9
379 9496 11
379 5627 20
379 5793 19
379 4635 20
380 9616 6
380 8795 2
380 9821 16
380 2020 3
380 6918 17
380 7479 20
380 3201 18
381 8052 1
381 3140 5
381 9966 6
381 4213 3
381 7402 8
381 6084 4
382 6177 18
382 6560 19
382 8624 13
383 2621 2
383 4950 11
383 4651 2
383 6121 7
383 9727 10
383 6851 13
383 9506 4
384 8021 3
384 8973 16
384 7101 8
384 2521 10
384 2553 3
384 5468 16
385 4852 9
385 8064 3
385 5766 9
385 881 14
385 5972 12
385 9953 12
385 2078 10
386 3610 11
386 2618 3
386 8881 6
386 9855 8
387 3164 7
387 5273 11
387 9220 12
387 8375 19
387 2788 3
387 4585 14
387 5735 10
387 3028 20
388 557 3
388 3752 12
388 9620 14
388 8751 13
388 1192 7
388 8912 1
388 7364 7
388 9233 13
388 3511 7
389 7523 8
389 6653 17
389 5006 14
389 5263 10
389 1099 17
390 8035 13
390 3382 11
390 8373 1
390 2844 2
391 3817 15
391 5153 10
391 1189 9
391 2674 7
392 1936 11
392 7068 6
392 6374 11
392 6921 1
392 6894 3
392 3275 19
392 6141 3
393 9708 14
393 3713 12
393 5705 8
393 7238 13
393 9212 9
393 9095 15
393 3621 1
393 824 13
393 5721 14
393 580 20
394 8649 14
394 2194 16
394 6550 16
394 9653 17
394 1409 4
394 5493 7
395 2961 9
395 1982 3
395 7345 10
395 8841 11
395 8640 5
396 9730 9
396 859 9
396 447 18
396 5652 14
396 3335 9
396 2119 19
396 2732 3
396 4862 11
396 7913 7
397 9537 12
397 4939 1
397 9229 19
397 4673 1
398 4218 9
398 8703 7
398 4287 12
399 9562 3
399 4379 17
399 4164 9
399 6271 2
399 4889 13
400 757 7
400 5738 20
400 7628 5
400 7360 20
400 5899 9
400 523 13
401 2284 12
401 6412 4
401 4320 7
401 6442 5
401 5250 15
401 8403 3
401 7151 2
401 8195 2
401 550 10
402 5651 20
402 1030 19
402 1438 4
402 9396 6
402 7690 14
402 9450 9
402 1468 8
403 7761 17
403 8719 9
403 2153 16
403 7219 1
404 8468 20
404 2942 18
404 5350 4
404 981 19
404 9762 6
405 805 1
405 3799 12
405 8386 2
405 3329 20
405 9724 4
406 2938 13
406 6580 7
406 2713 8
406 9997 19
406 4321 5
406 3721 8
407 6510 13
407 4723 5
407 7870 11
407 720 19
407 3757 8
407 6156 5
408 7387 18
408 7907 14
408 6628 12
408 9655 16
408 1965 4
408 779 4
408 9162 20
408 4855 6
408 7059 10
408 2214 19
409 1824 4
409 4344 5
410 9198 17
410 9361 7
410 6519 1
410 6175 1
411 7273 14
411 2329 6
412 6272 8
412 8415 18
412 1511 4
412 5569 17
412 7294 7
413 3584 20
413 9069 6
413 5044 9
413 810 12
414 1744 4
414 2138 14
414 2916 16
414 7190 19
414 472 3
414 2680 16
414 595 15
414 8951 13
414 6595 4
415 3163 19
415 3696 14
415 1745 1
415 6815 16
416 6145 20
416 8901 3
416 5444 4
416 5682 16
416 2324 5
416 3128 20
416 6026 5
416 1558 8
416 7104 8
416 8253 11
417 2292 19
417 9013 4
417 785 8
417 8211 7
417 9249 12
417 6945 7
417 1014 3
418 1740 12
418 2686 8
418 5669 12
418 5744 14
418 9747 6
419 7033 18
419 7397 15
419 7550 5
419 669 10
419 3391 12
420 9481 1
420 9861 9
420 7166 1
420 7074 19
420 5993 9
420 2307 4
420 1011 9
420 7065 15
420 6557 16
420 5022 3
421 3390 14
421 3317 18
421 1924 6
421 8243 18
421 8908 20
421 9749 18
422 2159 6
422 6054 3
422 1296 18
422 9252 5
422 8856 10
422 733 10
422 8505 13
423 1496 18
423 5432 6
423 9910 4
423 2104 13
423 6624 7
423 7162 13
424 1858 5
424 6208 20
424 4243 16
424 2469 1
424 1630 7
424 8401 17
424 5264 14
424 3098 10
425 5384 15
425 5564 8
425 5698 5
425 4725 6
425 7559 7
425 2669 5
426 7585 5
426 7388 9
426 1219 6
427 2946 14
427 3783 7
427 3208 15
427 6728 18
428 6765 7
428 852 13
428 6140 17
428 9332 3
428 8796 6
429 3026 11
429 8739 9
429 7405 4
429 1680 10
430 9121 11
430 8094 5
430 1692 17
430 2512 16
430 7656 18
430 3682 9
430 7282 16
430 8559 12
430 1405 20
430 656 1
431 881 9
431 6958 9
431 906 15
431 8101 10
431 2286 3
431 736 15
431 1323 14
431 438 10
431 1825 7
431 4518 9
432 6896 9
432 5618 3
432 3880 1
432 1925 12
432 6827 15
432 9261 19
432 4580 10
433 9899 2
433 4948 13
433 6186 11
434 9195 6
434 9428 12
434 7865 7
434 8620 6
435 481 19
435 2192 8
435 8095 5
435 7218 9
436 6797 10
436 5040 9
436 3395 18
436 5682 8
437 1199 9
437 9432 12
438 8161 4
438 2883 19
438 6232 19
438 1330 12
438 6249 11
438 5446 1
438 1321 18
438 9828 20
438 8703 15
439 4942 16
439 3678 11
439 3428 9
439 8005 16
439 7961 5
439 7168 18
439 5418 4
439 9937 11
439 7657 15
439 3448 1
440 9012 14
440 9567 14
440 3632 6
440 1597 12
440 2690 1
440 5881 4
440 1001 14
440 9053 6
440 2262 6
441 6455 1
441 2482 10
441 621 7
441 3921 15
442 3883 15
442 9697 4
443 4249 9
443 9031 20
443 6493 10
443 2482 18
443 5314 16
443 5344 6
444 1375 10
444 2287 17
444 2252 9
445 958 19
445 5982 5
445 7851 14
445 3270 4
445 9876 12
445 1338 6
445 2988 17
446 1448 8
446 9326 1
446 1835 11
446 9994 14
446 1695 18
446 1391 5
447 4780 2
447 2249 18
447 8033 2
447 7547 17
447 2513 6
447 4386 1
447 4373 16
447 3791 17
447 9339 1
448 7896 20
448 7426 17
448 3547 17
448 9804 6
448 2317 6
449 4670 2
449 4251 19
449 2956 5
449 9099 12
449 7951 6
449 5526 4
449 3687 1
450 6991 19
450 4157 9
450 490 5
450 1635 7
450 2831 12
450 7329 9
450 3460 16
450 3089 19
451 9793 3
451 5070 7
451 1566 2
451 9358 6
451 8734 16
451 6572 19
451 5952 5
452 1889 19
452 3952 19
452 8164 1
452 2666 6
452 4487 11
453 3144 3
453 9157 1
453 9307 1
453 6465 6
453 2166 6
453 8920 16
453 6998 20
453 5263 18
454 6392 5
454 2252 12
454 5160 15
454 8186 19
455 2507 19
455 2192 17
455 8078 17
455 7577 8
455 2620 11
455 8227 20
456 8846 9
456 1584 7
456 9873 6
456 8249 14
457 6908 2
457 1220 8
457 8505 6
457 9853 6
457 4136 10
457 492 2
458 2340 18
458 4643 1
458 3467 15
458 8753 16
458 6125 2
458 8744 1
458 3326 8
458 5933 16
458 7535 18
459 5496 4
459 3778 16
459 8851 4
459 5506 12
460 2445 2
460 5256 13
460 5932 18
460 3000 11
460 2458 5
461 3678 10
461 9674 13
461 7486 1
461 9623 17
461 8042 17
461 9437 18
461 9548 19
462 9692 12
462 5921 19
462 8295 6
462 4482 2
462 7624 18
462 3810 11
463 6379 4
463 7257 12
463 6060 3
464 1330 6
464 7481 5
464 1570 17
464 5416 14
464 3450 13
465 7961 2
466 4009 1
466 5260 19
466 7708 19
466 7657 20
466 7610 15
466 978 10
466 5114 19
467 2687 9
467 2905 4
468 2795 4
468 4370 15
468 9211 4
468 7126 12
469 3297 19
469 2842 2
469 7071 8
470 8098 13
470 8416 10
470 8566 17
470 3762 16
470 4379 8
471 4991 16
471 4754 5
471 9583 12
471 5832 20
471 7419 1
471 8740 4
471 3150 5
472 9975 11
472 5875 20
472 6054 19
472 7399 14
472 2345 17
472 9078 9
473 1328 17
473 7932 7
473 6965 9
473 4011 8
473 9349 5
473 6339 19
474 4906 15
474 2955 18
474 2846 14
474 3847 16
474 8382 3
474 1579 11
474 8248 10
474 5878 6
475 6371 19
475 2131 11
475 3673 20
475 3850 20
475 605 11
475 7656 16
476 7947 3
476 3659 19
476 6204 10
476 6370 15
476 2291 16
476 5899 2
477 2877 2
477 4233 15
477 6691 3
477 1955 20
477 3672 3
477 5359 2
478 6481 8
478 7125 12
478 8806 7
478 4011 8
478 2091 13
478 4501 8
478 579 12
478 4533 20
478 8007 5
478 8914 4
478 5701 16
479 1487 6
479 1683 7
479 3049 9
479 971 1
479 8098 11
479 8839 3
480 5488 12
480 3588 11
480 1940 18
480 5195 18
480 2527 14
480 4219 14
480 7211 8
480 8377 4
480 9694 9
480 3380 8
481 7202 18
481 2049 15
481 4237 2
481 1751 13
481 9052 4
481 5869 3
482 6343 11
482 2851 10
482 664 5
482 2036 4
482 2928 4
483 6270 17
483 2384 17
483 5366 20
483 736 11
483 8109 20
483 4216 9
483 9475 20
483 6406 4
483 782 20
484 8781 5
484 2554 13
484 3066 11
484 5699 19
484 3239 11
484 1529 4
484 6919 16
485 5347 7
485 1470 8
485 5094 13
485 2659 13
485 9883 14
485 6585 10
485 3257 18
486 1631 4
486 3262 9
486 5605 8
486 8129 3
486 3439 7
486 5151 15
486 7169 9
487 5927 1
487 7254 1
487 7722 3
488 1535 19
488 5573 18
488 742 2
488 6618 4
488 6765 4
488 9127 1
489 6183 14
489 4412 8
489 5456 18
489 1322 6
489 2764 6
489 9268 9
489 3725 9
489 7541 8
490 6525 6
490 5532 13
490 8998 12
490 7001 9
490 5207 19
490 7539 11
491 9088 3
491 528 17
491 2660 20
491 8751 17
491 5128 4
491 6735 19
491 5435 16
491 8236 17
491 4502 11
491 3976 11
491 3425 3
491 6513 15
492 6420 20
493 9149 4
493 9179 12
493 5295 10
493 2165 8
493 7871 13
494 2406 19
494 4313 18
494 2584 2
494 5345 7
494 1835 9
494 4224 12
494 4755 20
494 1952 9
494 1596 18
494 5982 20
495 7987 7
495 5178 1
495 8484 10
496 8159 20
496 3641 9
496 6354 2
496 3636 17
496 4066 2
496 5124 20
496 1157 3
497 7292 2
497 7807 1
497 1370 14
497 1301 19
497 6615 11
498 7713 13
498 3659 20
498 8362 18
498 4125 3
498 4534 20
498 6973 18
498 1017 7
499 1772 7
499 6931 7
499 2392 3
499 763 13
499 3227 16
500 2029 19
500 7241 6
500 8326 13
500 816 13
500 3915 10
500 1770 1
500 1942 8
500 670 2
501 5468 15
501 627 12
501 6078 1
501 6049 11
501 8955 19
501 3530 19
501 9101 19
502 2324 1
502 6800 14
502 3554 9
503 3139 1
503 8256 17
503 6166 4
504 7765 2
504 2577 13
504 9091 15
504 2834 4
504 5084 2
504 9827 19
505 3613 4
505 3086 15
505 5886 20
505 3312 13
505 4556 12
506 4003 4
506 1061 1
506 9827 11
506 9127 20
507 7909 6
507 7293 1
507 9342 18
507 4245 13
507 7200 11
507 8818 7
507 6647 16
507 8321 10
507 9156 19
508 659 9
508 5758 12
508 3248 12
508 8751 18
508 5452 7
508 6284 20
509 2848 7
509 4846 3
509 3335 17
509 6726 12
509 7679 14
509 2955 13
509 3070 11
510 7504 9
510 2339 19
510 4595 8
510 4623 9
510 4817 15
510 7034 17
510 1123 4
510 7202 5
511 9533 14
511 819 17
511 572 18
511 5700 17
512 2926 4
512 8872 1
512 7434 16
512 1734 18
512 1653 13
512 3368 8
512 3774 6
513 9309 2
513 8311 3
513 3558 20
513 3286 15
513 7614 2
513 6628 7
513 5675 1
514 1104 16
514 9032 17
514 801 4
514 2065 15
514 2687 14
514 5094 5
514 833 8
514 9508 6
514 8861 11
514 812 11
515 1920 17
515 4273 18
515 2203 4
515 772 3
515 8480 20
515 6533 4
515 7465 6
516 8050 15
516 612 15
516 9014 14
517 9380 4
517 7051 12
517 5426 4
517 5208 18
517 8732 1
517 1576 15
517 5455 17
518 4448 9
518 6884 10
518 5833 5
518 5762 9
518 4845 13
518 6198 15
519 7734 14
519 1320 1
519 5410 2
519 996 9
519 3042 5
519 3515 12
519 8897 20
520 6912 15
520 2094 14
520 9741 11
520 4498 16
520 3135 3
521 1617 6
521 8941 11
522 7315 9
522 5917 10
522 7042 12
522 2165 18
522 8516 10
523 1043 15
523 2015 19
524 6445 12
524 7177 3
524 5454 20
524 2209 13
524 2893 3
524 8379 9
524 3521 19
525 5168 20
525 9317 1
525 9885 3
525 7163 9
525 2849 1
525 4083 19
525 3722 1
525 1945 11
526 983 10
526 7752 10
526 9214 10
526 4641 19
527 1848 14
527 9299 6
527 6371 12
528 4877 5
528 6694 4
528 6601 14
528 5051 12
528 7260 8
528 4980 18
528 9491 20
528 8192 15
529 5876 7
529 6607 19
529 762 2
529 5718 15
530 9913 13
530 9297 13
530 3305 13
530 4676 16
530 6140 12
530 1323 5
531 2381 9
531 6505 10
531 1010 6
531 7922 1
531 9400 8
531 5284 4
532 5194 11
532 9369 16
532 9221 19
532 5498 19
532 3070 16
532 5804 1
532 2094 13
533 8232 12
533 3902 18
533 4228 3
533 7897 4
533 2038 5
533 4961 9
534 4771 12
534 2569 2
534 4749 16
534 2458 15
534 3020 18
534 1635 8
534 2410 14
535 4785 8
535 4859 11
535 2186 2
535 5331 20
535 9046 14
535 2204 17
535 3149 2
535 797 4
535 8434 19
536 6070 5
536 5856 5
536 1341 15
536 2637 4
536 2385 14
537 1766 14
537 718 6
537 2151 7
537 8264 20
537 5749 8
537 8114 12
538 2897 6
538 6528 14
538 1718 1
538 7510 3
538 9559 15
539 9232 15
539 4771 6
539 1424 14
539 1076 11
539 2532 11
540 8917 17
540 3529 3
540 6267 7
540 3110 5
540 2403 14
540 5926 4
540 1344 7
540 5066 11
540 3558 9
541 7478 5
541 3617 15
541 864 1
541 1642 3
542 5617 18
542 9133 5
542 3385 7
542 7617 7
543 6334 5
543 2169 2
543 9249 2
543 7489 6
543 5909 11
543 1539 8
543 3053 2
543 4736 9
543 8810 13
543 9499 16
544 2302 10
544 1157 1
544 864 15
544 7429 4
544 2795 18
545 5528 12
545 4926 8
545 6950 8
545 7311 4
545 4967 3
545 2125 11
546 9495 13
546 6183 10
546 7052 17
546 5402 8
546 9882 11
546 2208 14
546 9058 6
546 6684 18
546 9137 15
546 1909 11
547 4831 7
547 3703 4
547 9414 17
547 1441 9
547 7068 18
548 620 8
548 2223 8
548 6701 13
548 5857 10
548 3776 19
548 8098 5
548 9153 4
549 3263 12
549 4473 5
549 7760 19
549 979 14
549 4201 9
549 5858 12
549 900 17
550 9731 15
550 9822 3
550 8261 13
550 4498 13
550 6415 7
550 2583 20
550 5154 7
550 5434 2
551 8697 7
551 9563 5
551 3050 6
552 7047 4
553 2740 14
553 8174 18
553 4463 17
553 8548 2
553 6989 15
553 4657 1
553 8294 4
553 7804 17
554 8584 5
554 5281 3
554 7753 11
554 6394 11
554 5258 16
554 3106 9
555 4489 3
555 9915 5
555 9586 12
555 5015 4
555 4929 6
556 4014 4
556 8932 18
556 9545 18
556 7836 7
556 8931 7
557 9733 10
557 3349 1
557 4451 3
557 3679 16
558 4960 19
558 2070 3
558 2342 19
558 7720 10
558 4873 9
558 5466 11
559 2865 12
560 2364 16
560 6308 14
560 3490 13
560 7873 19
560 5662 13
561 7542 5
561 2139 12
562 9812 7
562 7688 14
562 8700 15
563 7000 4
563 2314 4
563 2666 16
563 4766 4
564 8721 5
564 7876 2
564 7828 8
564 9989 10
564 8402 12
565 7827 16
565 5351 9
565 2337 4
566 9581 15
566 6200 11
566 3095 13
566 3646 12
566 5176 20
566 7956 6
566 5709 7
567 2435 1
567 7396 2
567 8447 5
567 2356 6
567 4566 10
568 6468 6
568 9215 5
568 1010 8
568 3033 15
569 6662 3
569 3946 13
569 5734 13
569 6782 10
569 8126 8
570 2068 7
570 9925 7
570 7875 12
570 5834 3
570 7077 20
570 6316 20
570 6115 20
571 1194 15
571 1600 6
571 8446 3
571 665 3
572 1254 3
572 1029 11
572 3068 5
572 910 20
572 3672 6
573 1386 15
573 1967 1
573 1500 20
573 6273 19
573 9861 7
574 3251 2
574 1697 14
575 5846 16
575 6136 14
575 3327 9
575 2481 5
575 6205 2
575 8170 4
575 5590 3
576 9234 16
576 5797 8
576 9686 3
576 4022 2
577 2859 3
577 3346 2
577 7181 20
577 9770 4
577 9952 1
577 6246 9
577 6092 13
578 9552 2
578 2744 2
578 1590 11
578 9245 6
578 3556 2
578 8668 10
579 2932 19
579 5666 11
579 3818 13
579 9279 14
580 7586 18
580 3152 13
580 7927 12
581 1158 3
581 5950 1
581 2266 7
582 7774 18
582 4202 20
583 8136 12
583 9145 7
583 9761 16
583 8367 6
584 2292 5
584 9424 15
584 7683 17
584 2465 8
584 5116 19
584 5758 6
584 9180 20
585 2294 1
585 1701 6
585 4683 11
585 5260 7
585 9336 6
585 8057 10
585 6437 9
585 1569 17
586 7231 18
586 8125 18
586 6068 1
586 4623 16
586 3241 14
587 6755 20
587 1525 14
587 3000 12
587 3851 15
587 7625 16
588 8864 13
588 927 11
588 3524 10
589 7531 7
589 4428 19
589 3421 12
589 5379 20
590 8938 6
590 5893 18
590 3695 19
590 8577 4
590 4627 9
590 1990 14
590 9343 8
590 5354 3
591 3405 6
591 1494 10
591 6413 11
591 9668 8
591 5238 9
591 1314 15
591 6119 9
591 1623 19
591 5795 3
592 8420 3
592 7224 13
592 6122 2
592 8488 17
592 7358 9
593 1435 15
593 4452 18
593 4725 4
594 3206 18
594 6344 6
594 9910 5
594 9246 6
594 7651 7
595 2880 9
595 9279 9
595 1446 19
595 9660 10
595 6395 9
595 4625 15
595 4369 10
596 2068 18
596 7420 10
596 1467 17
596 2871 12
596 7649 13
596 1307 20
597 1596 10
597 4180 10
597 9233 11
597 8551 3
598 3361 9
598 2467 6
598 6763 4
598 3733 12
598 4555 15
598 8187 5
599 4150 20
599 9567 19
599 8704 3
599 1586 9
599 2690 5
599 9568 13
600 9037 2
600 5461 16
600 2315 3
600 9764 8
600 7870 7
600 743 19
600 1788 3
601 7451 9
601 5718 8
601 3081 18
601 2793 5
601 9541 15
601 2721 13
601 6093 10
602 5890 13
602 5947 4
602 1301 5
602 2437 7
602 1857 20
603 6607 12
603 6143 11
603 6951 9
604 2319 12
604 2446 5
604 4340 11
604 5566 19
605 4807 4
605 1380 7
605 3309 15
605 6320 6
605 7589 1
605 7769 14
605 6296 15
605 6841 15
605 7732 7
606 8115 2
606 6914 20
606 7987 15
606 8740 18
606 7642 1
606 3507 8
606 4190 20
606 5290 20
606 7646 7
606 1014 9
607 6443 13
607 2153 18
607 6593 13
607 6033 6
607 5946 2
608 8149 16
608 1575 11
608 9920 7
608 6298 19
608 9099 4
608 9246 20
608 2596 3
608 8047 19
609 4986 7
609 9964 18
609 4193 6
609 7921 17
609 1720 19
610 6532 3
610 2058 17
610 7960 7
610 8318 11
611 8767 1
611 4133 15
611 6648 8
611 1996 20
611 4057 17
611 7219 10
612 6006 18
612 9441 11
612 6131 11
612 5343 1
612 9606 12
612 4092 2
612 8048 13
613 2821 17
613 1875 4
613 4350 12
613 6997 4
613 3095 3
613 9548 9
613 6490 14
613 1518 5
613 4026 15
614 8180 17
614 7679 11
614 4621 13
614 1360 14
614 2538 6
615 5569 3
615 4949 16
615 7748 13
615 3915 6
615 3090 15
615 9786 6
616 7404 10
616 2859 8
616 728 17
616 3263 4
616 3140 10
616 4400 9
617 1409 12
617 1210 14
617 9655 12
617 3453 3
618 5517 9
618 8745 19
618 9978 20
618 7542 15
618 2239 11
618 2135 7
618 5282 2
618 8327 3
618 2802 10
619 6397 9
619 5421 13
619 6775 7
619 4104 8
620 5434 18
620 9660 9
620 7812 11
620 6507 11
620 9381 10
621 8035 11
621 3900 1
621 9415 3
621 9713 5
622 3620 5
622 1521 5
623 6358 3
623 6298 20
623 7327 17
623 4410 17
623 3020 10
624 1385 18
624 4205 4
624 1895 7
624 3890 3
625 1702 5
625 8718 2
625 1240 12
625 5957 20
625 8134 8
625 9569 2
626 1776 18
626 3393 19
626 9552 17
627 2254 20
627 5902 8
627 7447 1
627 6107 19
627 2515 5
627 2436 6
628 4486 5
628 7100 2
628 7938 6
628 1304 10
629 6068 3
629 7010 16
629 2173 14
630 8530 14
630 3018 19
630 5055 15
630 1144 2
630 9889 13
631 7379 17
631 7699 7
632 4493 18
632 6244 6
632 4929 18
632 6558 6
633 6225 13
633 2466 14
633 2828 15
633 4803 10
633 5912 2
634 6267 1
634 3759 1
634 2009 20
634 7463 16
634 4073 16
634 5229 8
635 6581 11
635 6851 10
635 8807 19
635 9038 14
636 6697 6
636 3683 12
637 2245 20
637 4807 12
637 7133 19
637 7658 1
637 6516 4
637 6341 5
637 1258 3
638 1002 7
638 9549 12
638 3661 11
638 4701 7
638 7614 2
638 8008 4
638 2294 6
638 6676 11
639 9827 8
639 6949 9
639 9080 7
639 7928 14
639 3703 9
639 9451 13
640 9439 14
640 2427 19
640 8642 8
640 7515 15
640 8260 2
640 4811 14
641 2827 16
641 2110 11
641 7367 14
641 8796 10
642 8399 10
642 3698 1
642 6243 7
643 9137 3
643 8745 9
643 4796 17
644 9084 6
644 7301 6
644 4670 4
644 1718 3
644 7728 20
644 4779 9
644 7343 11
644 5053 16
644 1931 6
644 2759 1
645 1591 12
645 2627 12
645 2221 11
645 8383 8
645 7453 6
645 9052 4
645 702 13
645 7021 18
645 7856 11
645 4051 12
646 4760 11
646 4107 1
646 9861 5
646 9134 13
646 1511 20
646 8656 10
646 9808 12
647 1192 1
647 1349 12
647 4292 17
647 7636 7
647 3572 13
647 5961 2
647 8689 15
648 8533 6
648 5955 5
648 4037 18
648 3551 17
648 7903 10
649 8916 19
649 7971 19
649 1061 7
650 1229 19
650 7833 5
651 1343 18
651 4053 18
651 8844 14
651 9169 13
651 7264 17
651 8860 19
651 9374 17
651 9788 1
651 1133 4
651 3225 1
652 3534 13
652 4615 11
652 2666 6
652 9360 17
652 9435 12
652 4360 10
653 5974 10
653 9798 7
653 5258 2
653 760 11
653 6527 6
653 5690 7
653 2626 14
653 2559 4
653 3747 9
654 2536 4
654 2384 14
654 9282 8
654 4244 15
655 7059 1
655 3097 15
655 5756 6
655 6882 16
656 7711 9
656 7847 5
656 4062 1
656 7885 2
657 3838 12
657 1113 2
657 9583 6
657 7014 20
657 2112 10
657 7656 1
657 4497 15
658 2170 19
658 4813 20
659 2870 8
659 742 20
659 8565 15
659 2190 16
659 2907 18
660 3522 17
660 4757 3
660 3714 2
660 3110 9
660 4818 17
660 9354 12
661 7682 19
661 3621 4
661 2220 12
661 6045 20
661 7283 1
661 7903 12
662 5878 9
662 8410 6
662 5529 10
662 1433 18
662 3309 15
662 8819 17
662 4557 10
663 7855 2
663 8387 10
663 9742 4
663 9653 10
664 3755 16
664 7544 4
664 8247 9
664 6589 1
665 7020 17
665 9128 17
665 7510 15
665 4013 16
665 7980 19
665 5927 12
665 4572 3
665 6791 11
666 1153 13
666 2185 20
666 9949 19
667 5110 6
667 1101 5
667 3690 19
667 9073 4
667 7012 7
668 8108 15
668 7250 19
668 7568 2
668 4379 3
668 2803 13
669 7624 18
669 2977 17
669 9963 10
669 3725 1
669 7674 10
670 7436 16
670 9118 13
670 7166 8
670 6735 8
670 3922 1
670 1717 20
670 7951 19
671 4458 10
671 7445 16
671 9889 20
671 9121 4
671 7434 10
672 9272 4
672 9081 11
672 1595 19
672 9610 6
672 8251 17
672 892 10
672 1924 5
672 909 15
672 9695 13
672 3888 16
672 8316 15
672 9529 9
672 8232 4
673 9167 14
673 9494 11
673 3734 8
673 3057 15
674 9234 9
674 8591 14
674 1915 13
674 7622 15
674 5404 18
674 2994 11
674 5130 14
674 3415 7
675 8344 15
675 1544 4
675 3397 13
675 2471 10
676 2020 8
676 8485 13
677 2929 3
677 4344 4
677 9109 4
678 2140 13
678 5109 17
678 8888 12
678 2441 19
679 7068 12
679 9303 5
679 9568 10
679 9373 3
679 4961 16
679 6788 4
680 6491 14
680 4737 17
680 3708 16
680 4924 10
680 2846 16
680 2967 18
680 1148 6
681 8880 11
681 5870 14
681 8431 8
681 7181 9
681 7890 7
682 3081 6
682 1846 11
682 6429 3
682 7806 1
682 9495 4
682 4377 3
682 6983 1
682 7796 6
682 6503 18
682 3124 17
683 1704 7
683 4176 4
683 7156 9
683 8490 19
683 4550 3
683 4231 9
684 2019 3
684 7358 2
684 2413 3
684 4170 3
684 8551 5
684 8953 2
684 4455 3
685 5050 15
685 6633 10
685 1586 15
685 1981 9
685 8957 18
685 2754 3
685 3216 11
685 5220 16
686 3268 19
686 9721 14
686 3608 4
686 6149 19
686 7699 9
686 7397 5
686 1689 7
687 8311 17
687 9067 2
687 3451 6
687 8912 3
687 3262 6
687 7691 9
687 8413 11
687 4766 18
687 6648 5
688 9520 9
688 2299 16
688 3577 1
688 5766 17
688 3746 1
688 8276 16
688 8029 2
688 3327 19
688 3394 6
689 4758 15
689 9857 17
689 9216 12
689 737 15
690 911 9
690 2569 7
690 2976 14
690 6762 10
691 2598 6
691 8037 11
691 2883 9
691 8125 6
691 694 10
692 7901 15
692 7944 2
692 1098 6
692 4186 13
692 9403 20
692 7602 4
692 3808 11
693 6505 10
693 5776 13
693 9981 13
693 4761 14
693 1006 20
693 9183 5
693 7212 1
694 7485 16
694 4959 6
694 1571 19
694 7468 15
695 8215 5
695 6694 5
695 4775 8
695 7436 4
696 3217 17
696 7687 15
696 8083 1
696 4888 17
696 6669 14
697 3764 8
697 2359 7
697 6361 10
697 6437 9
697 8283 12
697 7912 8
697 5970 19
697 9624 15
697 5108 12
698 7282 2
698 8919 18
698 9287 6
698 8720 19
698 2572 1
699 7552 7
699 6936 17
699 934 11
699 5781 13
699 2015 20
699 5574 17
699 3322 2
699 9907 5
700 5627 18
700 2947 10
700 756 9
700 9546 1
700 2856 5
701 3834 15
701 5533 17
701 1359 7
701 6368 14
701 5881 5
701 4278 13
702 6672 18
702 4351 9
702 8599 20
702 4066 10
702 8012 4
702 6954 10
703 5250 15
703 4944 20
703 8897 2
703 2492 9
703 2687 10
703 4218 15
704 8360 11
704 7051 3
704 8495 12
704 7278 8
704 3558 16
704 1962 20
705 1815 6
705 3573 13
706 2095 1
706 2617 14
706 4376 1
706 4860 18
706 9267 5
706 6812 8
707 8738 17
707 4914 5
707 3111 1
707 4337 1
708 6445 1
708 7275 6
708 1807 20
708 3068 16
708 8045 18
708 6523 1
708 5898 14
709 1710 16
709 1085 18
709 9167 5
710 3629 9
710 9904 14
710 7846 11
710 6739 11
710 9633 7
710 4215 1
711 4333 20
711 6068 5
711 1556 5
711 7067 6
711 9932 6
711 9890 4
712 8631 5
712 3678 17
712 9238 18
712 6982 4
712 3743 13
713 6338 20
713 1516 1
713 9102 7
713 8626 11
713 5994 18
713 2251 7
713 8423 6
713 7283 5
714 5942 8
714 4466 6
714 4927 16
714 1061 5
715 5213 8
715 6731 10
715 6447 9
715 4329 5
715 4445 9
716 2165 3
716 4630 13
716 5208 2
716 1650 17
716 2837 7
716 2539 18
716 985 17
716 8168 3
717 3302 9
717 2126 18
717 2094 19
717 4073 20
717 9705 9
717 1515 18
717 5656 6
718 7975 6
718 5397 7
718 6172 7
718 3358 5
718 4628 6
718 5226 17
718 1134 10
718 6016 14
718 1645 13
719 1524 4
719 2799 20
719 5896 19
719 1103 19
719 6525 15
719 6227 3
719 1012 2
720 9013 17
720 2435 4
721 9736 17
721 6810 13
721 1032 7
721 4962 5
721 7007 4
721 6998 8
721 6077 8
721 6408 15
722 2255 11
722 1811 6
722 3958 3
722 6804 9
722 9442 12
723 5132 12
723 7798 10
723 9817 9
723 1790 15
723 1077 5
724 6590 5
724 6844 16
724 3079 1
724 5180 2
724 1452 9
724 4419 17
725 2725 20
725 2410 20
725 2545 16
725 5979 9
725 3895 9
725 6207 6
725 7881 6
725 8572 11
726 2185 20
726 2918 15
726 7086 7
727 7144 2
727 7274 7
727 9224 16
727 9948 9
728 5755 17
728 824 12
728 2525 2
728 2100 17
728 6231 7
729 1684 15
729 7264 9
729 7478 8
729 2113 5
729 4166 2
729 9396 2
729 4344 13
729 9036 1
730 4765 18
730 2779 8
730 3872 1
730 6991 15
731 7303 16
731 7572 8
731 1237 14
732 1885 13
732 6841 16
732 3884 12
732 8854 17
732 6075 12
732 7533 19
732 5098 17
732 5426 15
732 3643 16
732 9276 3
733 6585 11
733 1984 15
733 5113 8
733 1048 8
734 8711 8
734 5376 11
734 5682 8
734 4839 17
734 2581 7
734 6321 16
735 3825 19
735 9253 2
735 9422 6
735 1568 8
735 7146 18
735 6626 19
735 5762 10
735 5657 2
736 5657 11
736 3672 14
737 9648 20
737 7801 10
737 4545 15
737 2938 13
737 8944 4
737 9557 20
738 1253 6
738 6848 15
738 8380 17
738 2969 4
738 6770 5
738 5679 2
738 2123 15
738 8918 20
739 2100 13
739 8986 5
739 8193 9
739 4640 18
739 4976 2
739 6722 19
740 1792 20
740 3837 12
740 9908 6
740 2840 6
740 5340 9
740 1087 5
741 5995 15
741 1364 11
741 1765 14
741 6250 4
741 3611 15
741 8702 8
741 1103 15
741 7461 5
742 2290 2
742 1196 3
742 1594 16
742 3184 1
743 5296 3
743 5225 4
743 2518 15
743 6741 11
743 5879 11
743 6951 11
744 3612 13
744 9449 15
744 4745 15
744 7063 10
744 6696 16
744 3885 8
745 893 12
745 9594 4
745 6783 2
745 9801 14
745 4609 15
745 4658 10
745 6676 10
745 9118 9
745 3007 20
745 5474 20
745 7922 17
745 1558 19
746 9717 2
746 8379 16
746 1719 4
746 4887 13
746 4611 16
746 2223 16
746 2207 17
746 8144 17
746 2205 2
746 2763 8
747 8741 1
747 5567 6
747 8298 10
747 8505 19
747 9806 5
747 4130 8
748 787 1
748 2400 1
748 2371 18
748 7351 7
748 7658 8
748 3375 10
749 9216 4
749 4885 18
749 5333 16
749 8217 4
749 5742 11
749 7900 11
750 1139 1
750 2689 7
750 7720 20
750 7259 7
750 9306 2
750 5507 8
750 5198 17
750 2758 1
750 2177 7
751 1556 12
751 2312 9
751 1455 7
751 1736 4
752 793 8
752 8450 15
752 3487 8
752 2009 4
752 6538 5
753 5314 19
753 4006 12
753 1037 1
753 6390 9
753 5004 18
753 2046 17
753 4247 18
753 5790 4
753 5891 20
754 7141 18
754 5425 16
755 7649 12
755 3472 19
755 3708 19
755 9619 15
756 9622 8
756 8510 5
756 6000 6
756 868 19
756 3367 5
756 5479 16
756 927 17
757 3974 2
757 7911 20
757 2141 19
757 8931 5
758 1074 17
759 8508 8
759 7352 19
759 1237 18
759 6980 13
759 5960 7
759 3929 19
759 5850 4
760 6910 2
760 3783 14
760 5351 6
760 8563 1
760 9809 9
760 7945 14
760 7015 15
760 8938 18
761 6790 14
761 6679 7
761 2718 2
761 2440 8
761 8733 18
761 8116 3
762 1218 13
762 1182 19
762 4693 3
763 3889 19
763 5861 9
764 5820 18
764 1014 13
764 2159 16
764 6344 2
764 7323 15
764 5342 13
764 9687 20
764 4698 18
765 2305 14
765 1745 9
765 964 9
765 973 9
766 4496 19
766 6879 3
766 8443 4
766 8835 18
767 6861 12
767 3745 3
767 9210 2
768 8120 4
768 2700 11
768 6006 9
768 6526 6
768 3709 15
768 2658 6
769 4712 11
769 4553 11
769 8602 15
769 4387 8
769 2931 1
769 6068 4
769 8333 17
769 5104 2
769 7581 17
770 6670 16
770 9189 5
770 7589 11
770 9198 17
771 1489 10
771 8090 6
771 1940 8
771 1448 1
771 7269 5
771 6871 6
771 8936 16
772 1953 6
772 8668 16
772 3105 12
772 2240 6
773 4963 4
773 6102 12
773 3895 6
773 3692 16
773 8675 5
773 9867 8
774 3793 3
774 4844 4
774 6524 9
774 1341 8
774 6087 10
775 2430 3
775 1864 13
775 2181 13
775 1381 8
775 5884 18
776 7906 6
776 8770 14
776 4055 15
776 5126 15
777 8850 12
777 6672 19
777 1163 15
777 5608 5
777 3717 15
778 4344 15
778 9923 15
778 4459 4
778 6473 19
779 5240 17
779 2013 9
779 8339 14
779 8382 1
780 4573 12
780 8417 7
780 6050 10
781 9303 13
781 9027 11
781 2637 15
781 5835 10
782 3906 2
782 2028 20
782 8566 13
782 1246 18
782 2307 8
782 9720 9
782 4890 18
782 9230 14
782 1798 20
782 6330 17
782 5421 16
782 4465 4
783 5848 14
783 3670 10
783 7307 13
783 4714 6
783 7811 20
783 5815 5
784 1247 19
784 2700 3
785 9730 16
785 1623 16
785 5138 7
785 7311 13
785 5909 1
785 6236 11
786 4985 8
786 7968 20
786 3242 1
786 3745 18
786 5314 3
786 4598 3
787 8721 1
787 6078 1
787 1199 2
787 5451 16
787 6098 16
787 7071 18
787 3388 8
787 4265 4
788 6323 17
788 1077 6
788 9932 14
789 6549 7
789 6200 16
789 4978 9
789 6429 3
790 1897 19
790 1837 18
790 2269 16
790 4017 2
790 1840 7
790 6238 6
791 5588 6
791 9936 11
791 8852 2
791 8763 17
792 2736 3
792 2791 20
793 2472 7
793 6574 8
793 4721 20
793 6151 5
794 1217 6
794 5452 16
794 6365 9
794 5137 10
794 4670 12
794 1917 9
795 9064 12
795 7614 10
795 7903 10
795 9165 16
795 9395 6
795 5971 15
796 8761 17
796 1842 16
796 3609 20
796 1482 6
797 5781 10
797 4009 10
797 3463 15
797 6910 15
797 9003 3
797 9968 15
798 4749 10
798 8776 1
798 1740 14
798 8126 13
798 3843 18
798 1892 13
799 8861 15
799 3542 19
799 9301 19
799 8253 9
799 866 5
799 4163 1
800 3993 13
800 2828 4
800 9280 7
800 3714 16
801 3028 14
801 4561 20
801 4130 18
802 8412 6
802 6054 7
802 1501 15
802 8486 13
802 1440 3
802 2309 18
802 7657 5
802 3216 11
802 997 20
803 9272 7
803 1436 1
803 6436 18
803 6645 16
804 6002 17
804 4530 16
804 4696 19
804 9972 1
804 8844 20
804 9476 3
804 990 6
805 6267 17
805 2763 3
805 7679 6
805 3297 3
805 2142 6
806 1039 13
806 6232 7
806 5287 11
806 8050 18
806 6990 4
807 3892 12
807 9362 14
807 3110 16
807 5137 3
807 6088 2
807 7141 6
807 7993 13
807 8804 6
807 5790 6
807 7823 11
807 3871 4
808 9471 20
808 8477 7
808 4300 7
808 4911 11
808 4346 14
808 9172 5
809 915 17
809 2408 10
809 5086 10
810 7445 8
810 1313 16
810 6298 6
811 5797 18
811 6077 6
811 8739 17
812 2406 9
812 7737 1
812 8739 4
812 8767 6
813 6437 12
813 6333 5
813 8764 2
813 3229 2
813 4874 9
813 6408 8
813 8903 6
813 2085 2
813 6499 19
814 4189 3
814 3636 18
814 5363 6
814 1621 17
814 834 4
814 3740 5
815 2579 10
815 2764 16
815 1038 20
815 3816 13
815 1386 14
816 6280 14
816 1279 15
817 4078 17
817 1226 7
817 7001 1
817 6178 7
817 9941 4
817 3642 16
817 8176 6
818 5035 20
818 3229 9
818 6955 2
818 5253 20
818 6926 20
819 3444 7
819 7817 16
819 6724 12
819 4320 3
819 1211 7
819 1663 16
819 3792 14
820 7606 18
820 9819 9
820 4102 17
820 1868 4
820 3547 10
820 5796 4
821 9571 20
821 6446 13
821 2506 16
821 4451 19
821 7680 20
821 5590 4
822 7611 18
822 2286 10
822 8417 11
822 8957 3
822 5244 20
823 4262 5
823 3524 1
823 5294 17
824 4557 9
824 6035 20
824 6613 14
824 2948 12
825 7764 8
825 5609 17
825 8191 11
825 6106 3
825 8599 19
826 7712 9
826 7173 2
826 3411 12
826 4013 13
826 2438 18
827 6436 10
827 2210 12
827 1767 19
827 1827 7
827 2829 9
827 9258 2
827 2920 4
828 8856 2
828 4609 15
828 5904 12
828 7322 6
828 3770 18
828 6860 15
828 9328 20
828 8582 20
828 2334 16
829 1586 6
829 2752 5
829 6834 11
829 5890 16
830 4538 11
830 8896 2
830 2249 5
831 3972 6
831 7268 11
831 3940 20
831 1293 8
831 9110 4
831 4093 6
831 3399 6
832 1512 16
832 3765 6
832 6838 12
832 9375 9
833 9779 10
833 6752 19
833 2246 12
833 916 11
833 3908 1
834 6418 8
834 5788 1
834 6231 15
834 6028 19
834 6577 11
834 5812 18
834 2047 5
834 4257 11
834 2015 9
834 9250 14
834 5159 16
835 7007 15
835 8447 5
835 1738 8
835 2274 20
836 5224 13
836 2065 15
836 8129 16
837 7501 17
837 1818 7
837 5206 19
837 3123 1
837 5089 15
838 6563 11
838 8136 3
838 3976 14
838 1582 7
839 7488 18
839 7931 1
839 9186 13
839 7683 14
839 6012 6
840 6874 13
840 6630 16
840 3555 20
840 880 10
840 2321 1
840 2083 20
841 3020 19
841 9560 2
841 4020 15
841 9704 7
841 1348 15
841 3907 5
842 4712 6
842 9946 20
842 1677 4
842 5431 16
842 8185 13
842 5052 9
843 3777 18
843 9572 1
843 7454 7
843 4007 13
843 1261 3
843 8299 10
844 3120 12
844 1818 10
844 4430 9
844 7488 1
844 4785 6
844 7933 20
845 7242 3
845 9385 20
845 6444 12
845 8742 13
845 979 11
845 3183 1
845 7017 11
845 6209 17
846 6997 9
846 8291 18
846 2619 10
846 5442 3
847 4267 9
847 7803 19
847 8448 6
847 1598 5
847 7768 18
847 2513 8
848 6493 11
848 9330 13
848 9501 2
848 8656 5
848 9163 5
848 4954 19
848 9087 8
848 4959 12
848 5665 3
848 3417 3
849 3318 16
849 6997 10
849 6040 17
849 8129 13
849 5417 7
849 5714 14
849 7466 20
850 7519 8
850 3962 18
851 1863 2
851 972 12
851 3787 18
851 7038 9
852 9020 13
852 5605 2
852 3912 16
852 2242 1
852 7041 9
852 9627 8
852 1367 11
853 5733 4
853 3568 16
853 3010 12
853 5453 20
853 3153 7
853 4795 3
853 6659 15
853 6932 6
853 940 14
854 4096 3
854 7899 2
854 9381 18
854 9990 9
854 3493 11
854 6350 13
854 4695 7
855 4831 3
855 2244 9
855 5504 15
855 6928 19
855 1733 13
855 9169 4
856 4999 6
856 1264 14
856 6008 11
856 6493 2
857 5482 17
857 5159 18
857 3900 20
857 4479 20
857 7437 16
858 2076 12
858 9800 11
858 5349 17
858 8623 11
858 7744 7
858 5635 16
859 8804 19
859 1922 20
859 7107 16
859 6379 18
859 3711 17
859 4797 3
859 5279 14
859 8851 14
860 3814 17
860 2745 2
860 4254 20
860 1802 13
860 4655 11
861 2549 3
861 2933 4
861 5553 19
861 8606 18
861 1788 17
861 8722 18
862 8225 15
862 4338 10
862 5594 10
862 9514 16
862 4470 7
862 2279 6
862 6101 3
862 5480 16
863 3565 15
863 3067 17
863 3314 11
863 1416 10
864 5628 11
864 5431 15
864 2329 10
864 3457 16
865 1117 15
865 8486 1
865 4507 13
866 2675 2
866 9451 17
866 4380 11
866 3874 11
866 957 18
866 6660 17
866 7110 7
866 3492 10
867 5871 18
867 7626 12
867 4611 14
867 4230 10
868 8369 8
868 7696 6
868 4769 15
868 6600 12
868 9984 10
868 3459 3
869 927 3
869 7617 11
869 4528 14
869 6430 12
869 7299 5
869 7383 16
869 3783 15
869 3686 2
869 6789 3
869 7002 12
869 3274 13
869 4074 6
870 8992 13
870 5467 13
870 1887 20
870 5743 19
870 1516 18
871 7208 3
871 8001 18
871 7540 2
871 1515 12
872 6495 5
872 4588 15
872 9330 19
872 6337 5
872 2224 1
872 4169 2
873 6214 18
873 9006 11
873 7417 9
873 8984 13
874 2033 8
874 7360 4
874 1143 14
874 4303 9
875 5095 14
875 8310 2
875 2328 13
875 7871 13
875 8400 10
875 5377 19
876 2287 7
876 3340 6
876 7004 8
876 8892 16
876 1826 11
876 7835 11
877 2573 18
877 4806 7
877 1593 17
877 8248 17
877 6421 7
877 7471 8
877 2451 8
877 3162 3
877 3380 9
878 2485 19
878 5882 8
878 5033 5
878 4874 12
878 6380 10
878 9735 17
878 3992 11
878 7406 19
879 5666 6
879 9561 17
879 3750 6
879 1564 1
879 1363 13
879 2143 14
879 2402 14
879 3850 11
879 7156 7
879 3991 9
880 3015 16
880 7976 20
880 6424 15
880 4931 3
881 9046 2
881 1410 19
881 1481 1
881 2077 1
881 7894 5
881 2370 18
881 5876 3
881 4626 1
881 4119 2
881 1577 1
882 4038 7
882 4921 6
882 3944 14
882 6118 13
883 8609 14
883 6451 3
884 5679 15
884 6374 18
884 6934 1
884 3207 17
884 8339 17
885 2470 13
885 5966 9
885 8836 10
886 4993 20
886 4981 19
886 6089 3
886 3496 13
886 6935 5
886 5776 16
886 9572 16
886 8451 14
887 7651 12
887 2101 1
887 4738 5
887 8169 20
887 7570 10
887 5170 6
887 2274 12
887 4047 2
887 6857 3
887 2966 5
887 1098 5
888 6770 19
888 3031 4
888 2342 12
888 7043 7
888 9520 12
888 5979 7
889 3652 15
889 2916 11
889 8978 19
889 4019 6
890 5653 16
890 7936 3
890 7540 19
890 7598 15
890 7424 13
890 1602 13
890 2175 4
890 3978 13
891 8992 6
891 5583 10
891 9815 5
891 5231 20
891 9887 7
891 4593 7
892 1038 17
893 5911 1
893 1841 4
893 4823 2
893 4963 16
893 2848 2
893 2298 4
893 2855 15
893 4088 15
893 9290 10
893 3992 10
894 4842 13
894 3766 1
894 6915 18
894 9282 8
894 1409 10
894 2461 18
894 4428 13
894 9894 9
895 3926 19
895 6086 4
895 4396 16
895 7454 11
895 5977 1
895 1574 15
895 1011 18
895 2194 7
896 1387 4
896 1090 5
896 2520 7
897 7240 8
897 6681 4
897 5809 11
897 5394 8
897 9157 9
897 6172 20
897 9206 16
897 1107 13
898 5500 6
898 7721 4
898 5168 16
898 4431 10
898 3675 3
898 7589 1
898 8708 8
898 4987 15
898 4542 12
898 9374 4
899 1746 10
899 2594 4
899 5273 13
899 7766 9
899 7206 18
900 6664 14
900 2576 13
901 5067 17
901 5347 19
901 7568 18
901 3357 6
902 2429 7
902 6831 20
902 3326 15
902 2403 7
903 8643 5
903 1025 15
903 7172 17
903 5674 13
903 7047 2
903 8237 6
904 1485 17
905 2786 10
905 5058 20
905 7090 14
906 1375 7
906 6697 12
906 6023 12
906 4046 12
906 1922 1
907 8238 3
907 3161 5
907 4333 3
907 6524 20
907 1362 19
907 4502 3
907 8179 9
907 7668 19
908 5900 19
908 2655 12
908 8709 5
908 2069 11
908 6119 7
908 2535 11
908 7574 19
909 1158 12
909 3110 8
909 4264 1
909 6269 3
909 7262 19
910 1116 13
910 7083 12
910 7412 9
910 6305 19
911 7298 16
911 6401 2
911 8496 11
911 7340 20
911 2119 10
911 3178 9
912 3943 12
912 9335 19
912 2167 19
913 6412 4
913 8841 9
913 2154 11
913 5141 5
913 914 3
913 6616 1
914 9162 5
914 6209 2
914 3497 7
914 8332 17
914 6367 18
914 3394 16
914 9133 1
914 8459 15
915 8905 3
915 3679 8
915 2160 14
915 8209 1
915 4509 10
916 3752 5
916 8743 3
916 2725 5
916 5478 4
916 9658 1
916 4172 2
916 5678 10
916 8375 14
916 9304 18
917 8537 16
917 6560 20
917 1301 16
917 8647 12
917 4171 5
917 5720 3
917 6280 2
917 8804 2
918 4366 17
918 5558 10
918 5915 18
918 7264 14
918 3450 11
918 2782 10
918 7247 6
918 1918 12
919 4806 11
919 5614 14
919 9296 17
919 4876 13
920 5766 5
920 1478 6
920 8442 6
920 2272 20
920 2715 2
920 7847 11
921 3714 9
921 7477 10
921 6695 4
922 2756 15
922 3975 3
922 3523 1
923 9856 12
923 1746 13
924 2295 16
924 4001 7
924 3287 20
924 1931 5
924 7603 20
924 5731 7
924 4700 14
925 9137 19
925 3219 2
925 6798 15
925 4243 1
925 8176 13
926 5562 9
926 1709 17
926 2698 16
926 7364 5
927 8105 8
927 4347 11
927 4737 17
928 8944 7
928 2076 18
928 1723 19
928 3159 11
928 2843 3
928 3089 15
928 7109 12
928 5298 5
929 5202 2
929 7868 10
929 1483 15
929 2798 16
929 8381 1
930 9830 2
930 2870 10
930 3449 17
930 3565 7
930 1548 1
931 8320 15
931 1506 13
931 1255 5
931 8265 15
931 953 8
931 9834 6
931 7776 12
931 8483 11
932 6041 7
932 5143 18
932 1451 6
932 4275 15
932 4440 10
933 9390 7
933 8996 18
934 3593 8
934 3324 5
934 5671 13
934 3502 6
934 5367 5
935 7004 11
935 3774 2
935 9989 14
935 9042 7
936 5138 10
936 6635 17
936 2718 7
936 2494 15
936 2841 8
937 5833 5
937 9374 8
937 6087 1
937 2693 3
937 1133 9
937 5450 14
937 6534 9
937 1733 14
938 4440 16
938 5072 12
938 2148 1
938 5233 8
939 1229 17
939 3889 2
939 8334 20
939 8515 11
939 5658 10
939 6558 3
939 1934 18
939 1162 11
940 9425 6
940 3506 2
940 4088 7
940 9649 19
941 9788 16
941 7449 4
941 5643 2
941 4770 4
941 7750 1
942 7999 9
942 5695 9
942 4746 7
942 5482 7
942 7279 2
942 7817 12
942 5748 2
943 4358 19
943 5974 18
943 7250 2
943 4302 19
943 2357 19
944 7586 8
944 4087 9
944 7906 2
945 9155 19
945 6032 14
945 6473 1
945 4305 2
945 7530 17
946 7376 16
946 8012 13
946 5298 17
946 8422 10
947 8516 17
947 7914 13
947 5604 12
947 9517 11
948 3909 17
948 5631 10
948 7730 5
948 8682 6
948 9112 12
949 3923 6
949 7152 15
949 2194 15
949 3376 13
949 5275 17
949 5783 12
949 2963 15
949 5029 11
949 6572 12
950 8125 14
950 8767 10
951 9871 10
951 6200 5
951 3570 19
952 9940 6
952 2040 16
952 2475 16
953 3425 11
953 2659 1
953 9639 3
953 4673 20
953 7699 7
953 3408 5
954 7057 12
954 7988 5
954 7439 14
955 6046 15
955 3464 10
955 3698 20
955 8810 9
956 6817 5
956 3619 6
956 7425 6
957 9219 3
957 2542 14
957 5570 13
957 5693 2
958 9489 20
958 2394 12
958 6116 6
958 6380 7
958 6748 17
959 4602 4
959 6694 9
959 2958 20
959 9019 18
959 9679 15
959 2293 3
959 9051 10
959 3125 6
960 6570 1
960 2611 8
960 7871 11
960 4091 15
960 4397 16
960 3472 15
960 4410 20
960 1600 8
960 3098 4
961 7461 6
961 3887 9
961 1369 2
961 3403 10
962 8882 19
962 9125 8
962 9628 17
962 6261 13
962 3786 7
962 3232 13
963 6171 5
963 8970 8
963 6636 3
963 9953 16
963 7285 11
964 3750 12
964 3109 7
964 8625 7
964 1609 15
964 9179 7
964 9555 10
965 2772 16
965 8084 15
965 1079 14
965 7725 7
965 4405 2
966 3292 14
966 1517 11
966 1498 18
966 4455 12
966 7510 17
967 7761 5
967 8701 15
967 3730 14
968 4426 12
968 7330 10
968 6387 13
969 1465 20
969 9127 19
969 2547 3
969 3380 12
969 3139 18
969 5661 19
970 6723 16
970 9652 8
970 7774 1
970 8060 8
970 2938 16
970 4288 17
970 6223 11
971 6743 17
971 7685 4
971 1661 9
971 6677 10
971 5091 5
971 5695 19
971 3205 17
971 4239 7
971 2437 14
971 6059 18
971 5527 15
971 5593 14
972 9340 4
972 3897 20
972 1859 1
972 9403 15
972 3068 11
972 6637 1
973 5481 11
973 9092 13
973 3407 3
973 3600 4
973 8229 12
974 1233 12
974 2055 12
974 6578 4
974 7296 2
975 5301 16
975 3760 10
975 7031 20
975 9270 18
975 4442 4
975 6020 18
975 5825 17
976 1804 13
976 1006 20
976 5228 13
976 4746 4
976 9148 3
977 1169 12
977 4597 18
977 7075 17
977 7390 20
977 2953 1
977 4373 3
977 8593 16
977 6287 3
978 4572 17
978 2655 15
979 983 5
979 4799 19
979 5789 15
979 2776 1
979 8806 3
980 1215 6
980 9842 14
980 1096 17
981 1195 7
981 8061 4
981 9275 12
981 1300 13
981 1569 6
981 2554 9
981 4022 6
981 9241 2
981 6109 13
981 2994 2
981 7802 12
982 9115 3
982 1809 4
982 8359 13
982 6930 20
982 4288 16
982 7522 14
983 2676 20
983 8693 1
983 3350 11
983 6041 9
983 9550 8
984 4653 11
984 5450 5
984 3402 13
984 6148 18
984 9079 5
984 6517 3
985 7900 20
985 9199 10
985 4508 15
985 6337 3
986 9988 19
986 7817 1
986 3671 5
986 8158 8
986 1006 6
987 1130 16
987 3481 4
987 8657 2
987 6778 16
988 4553 8
988 3964 5
988 9446 11
988 8673 15
989 5639 12
989 9593 20
989 1423 5
989 4496 4
990 6114 6
990 6520 8
990 6645 2
990 4967 7
990 6955 10
990 7878 17
990 1739 20
990 7112 19
990 3582 2
990 5422 11
991 2091 14
991 5302 9
991 6914 7
991 8578 3
992 5876 15
992 3193 5
992 6919 3
992 6824 2
992 5677 9
992 3721 13
993 1612 7
993 5215 3
993 5615 3
993 6956 17
993 2364 13
994 5913 15
994 8655 1
994 1401 3
994 1057 19
994 4592 18
995 8894 16
995 6737 18
995 6159 7
995 8522 12
995 8913 1
996 7847 11
996 9276 10
996 3734 10
996 6701 12
996 5615 20
996 8718 7
996 8596 4
997 5428 18
997 3403 4
997 9931 8
997 6460 4
997 4261 5
997 2061 12
997 4806 10
997 8084 15
997 5834 1
997 6271 19
997 9856 19
997 6361 16
998 8883 7
998 9121 9
998 5014 4
998 7472 8
998 1639 12
999 1437 1
999 9070 11
999 2222 9
999 3009 1
999 2443 15
999 9848 14
1000 4359 9
1000 7836 16
1000 3130 4
1000 1604 18
1001 1551 13
1001 3060 5
1001 3335 19
1001 8267 9
1001 3857 7
1002 2839 14
1002 9860 18
1002 3547 4
1002 1142 7
1002 2352 3
1002 7681 10
1002 4099 11
1002 9575 8
1003 9696 20
1003 7550 10
1003 4617 18
1003 2696 1
1003 2585 15
1003 8557 5
1003 1026 1
1004 6746 15
1004 9809 18
1004 2615 9
1004 6446 12
1005 8353 17
1005 6970 9
1005 4320 11
1005 9601 18
1006 7752 10
1006 5250 2
1006 7408 6
1006 4455 5
1006 1155 6
1006 3011 15
1006 1296 16
1007 8098 13
1007 7111 1
1007 1064 5
1007 7259 4
1007 9872 18
1007 7222 2
1007 1302 14
1007 7984 14
1008 9995 16
1008 3279 5
1008 2088 11
1008 3362 6
1009 9244 15
1009 1059 19
1009 8476 7
1009 9100 10
1009 4410 9
1009 7586 9
1010 7424 12
1010 6453 4
1010 2562 19
1011 1838 2
1011 4731 13
1011 9840 15
1011 4556 16
1011 8246 10
1011 7124 5
1011 7423 3
1012 9891 1
1012 7207 18
1012 5777 7
1013 7381 1
1013 9667 14
1013 6921 7
1013 6118 9
1013 5868 10
1013 7212 7
1014 4103 16
1015 4221 4
1015 2089 1
1015 1274 17
1015 8686 9
1015 7054 6
1016 4835 11
1016 2452 15
1016 6275 12
1016 5959 9
1017 3871 6
1017 5728 8
1017 1165 15
1017 3932 8
1017 4669 11
1017 4901 7
1017 1811 9
1017 5880 19
1018 6961 15
1018 8596 5
1018 6557 10
1019 8135 17
1020 6812 14
1020 2262 17
1020 7126 20
1020 7316 17
1020 3710 7
1020 9135 6
1021 3860 6
1021 5148 11
1022 6049 8
1022 4543 11
1022 5922 1
1022 3316 6
1022 4465 6
1022 4305 15
1023 9249 15
1023 3303 9
1023 2036 13
1023 6970 19
1024 7235 1
1024 6397 7
1024 8886 8
1024 8989 17
1024 1938 9
1024 1916 16
1025 4560 4
1025 5176 8
1025 6060 16
1025 4789 1
1026 5741 11
1026 3081 17
1026 6924 16
1027 1935 16
1028 8405 11
1028 8092 5
1028 9655 6
1028 5797 6
1028 5254 3
1028 4637 6
1028 9168 2
1028 4174 2
1028 7384 10
1029 1816 1
1029 3796 5
1029 5092 7
1030 3119 9
1030 5788 5
1030 2590 2
1030 5666 7
1030 3826 8
1030 7941 18
1031 3097 16
1031 4122 7
1031 4989 18
1031 1754 10
1032 8856 12
1032 5028 7
1032 8415 12
1033 7498 2
1033 3320 2
1033 4631 5
1033 3424 4
1033 3235 11
1034 4306 14
1034 6298 8
1034 7231 18
1034 6134 7
1034 3785 13
1034 5766 13
1035 3626 14
1035 1978 19
1035 3148 9
1035 6587 7
1035 4361 14
1035 6715 11
1035 2582 17
1036 2739 13
1036 7859 20
1036 2606 10
1036 6326 20
1036 4086 3
1036 6767 20
1037 5869 19
1037 8830 16
1037 7490 18
1037 9831 11
1037 8437 4
1037 8583 8
1037 2615 10
1037 8614 10
1037 6196 11
1038 4742 11
1038 9832 8
1038 9936 6
1039 2658 20
1039 6909 13
1039 8880 16
1039 6686 16
1040 9771 7
1040 9064 16
1040 5328 11
1040 1277 19
1040 5570 10
1040 7271 5
1040 7415 18
1040 2195 7
1040 7403 3
1040 3831 17
1041 1862 18
1041 4882 17
1041 7059 13
1041 5624 4
1041 3567 13
1041 6930 14
1041 7036 13
1042 1163 8
1042 8283 8
1042 6958 10
1042 2367 6
1042 5216 17
1042 9334 2
1042 1275 20
1043 6400 3
1043 2171 4
1043 1834 11
1044 8866 9
1044 4715 4
1044 5806 13
1044 6749 17
1044 1701 6
1045 7892 10
1045 1565 20
1045 8309 15
1045 5196 15
1045 4430 1
1045 7906 12
1046 8582 9
1046 8137 19
1046 5101 4
1046 3964 3
1046 8509 9
1046 8501 2
1046 1852 14
1047 1742 12
1047 8004 9
1047 5007 16
1047 9988 13
1047 5437 12
1047 9503 4
1048 6541 6
1048 8064 14
1048 5453 16
1048 9543 9
1049 5539 20
1049 1444 1
1049 7216 15
1049 9587 12
1049 6466 8
1049 7359 12
1049 3274 4
1049 9406 7
1049 2559 17
1049 2832 8
1050 6250 9
1050 8286 12
1050 2364 14
1050 7624 6
1050 1367 19
1050 4254 7
1051 6548 8
1051 6166 10
1052 6797 20
1052 4534 11
1052 7363 14
1052 1371 11
1052 8411 4
1052 5566 11
1052 4618 18
1052 3010 5
1052 1083 5
1052 1600 7
1053 3338 2
1053 8576 20
1053 1261 10
1054 6882 16
1054 8326 13
1054 4769 2
1054 1204 11
1054 2565 19
1054 6811 14
1054 6072 15
1055 5220 14
1055 4656 12
1055 7631 14
1055 4590 3
1055 4558 6
1055 5306 9
1055 4859 19
1056 5385 18
1056 4565 7
1056 8518 8
1056 4876 10
1056 6237 9
1057 7129 4
1057 9437 10
1058 4722 13
1058 4862 16
1058 8114 19
1058 9244 13
1059 5623 19
1059 2807 7
1059 3998 17
1059 5867 19
1059 7472 5
1059 3892 12
1059 2212 6
1059 8980 20
1060 5959 4
1060 5609 10
1060 3718 20
1060 8596 8
1060 7157 16
1061 2485 7
1061 8654 11
1061 9554 6
1061 5291 20
1061 7213 2
1061 3173 17
1061 5353 8
1062 7711 3
1062 4740 3
1062 1987 13
1062 7169 17
1062 2105 14
1063 9011 15
1063 9018 9
1063 6076 9
1063 1508 15
1063 8048 17
1063 5383 14
1064 2523 17
1064 2271 15
1064 3154 7
1064 9972 5
1064 2569 1
1065 2087 15
1065 5132 3
1065 8564 18
1065 7643 3
1065 4230 4
1065 4670 13
1065 2054 20
1065 2557 9
1066 3254 9
1066 1459 4
1066 4726 18
1066 5577 5
1067 1824 13
1067 6513 20
1067 1096 16
1067 6976 3
1067 9530 17
1067 3201 15
1067 6051 2
1069 2736 4
1069 5078 11
1069 8676 8
1069 9647 19
1069 6935 18
1070 1869 15
1070 7787 9
1070 2875 1
1070 1744 12
1070 1404 9
1070 8450 3
1070 3829 19
1070 9804 3
1070 4609 19
1070 3598 19
1071 7106 19
1071 4523 10
1071 8876 20
1071 1780 18
1072 3453 11
1072 6669 4
1072 9084 4
1072 5666 16
1072 7528 10
1072 7200 6
1073 1391 13
1073 2537 3
1073 3187 10
1073 4483 5
1073 7460 5
1074 7078 15
1074 2622 10
1074 7442 1
1074 5411 10
1074 7081 12
1075 2604 3
1075 6031 6
1075 6780 6
1075 5366 17
1075 8561 11
1076 2067 17
1076 5065 19
1076 7909 7
1076 4494 15
1076 1932 1
1076 1531 18
1077 5067 4
1077 1668 2
1077 4084 8
1077 8547 12
1077 8029 15
1078 8718 9
1078 6864 8
1078 4237 3
1078 6844 18
1078 2915 19
1079 5401 4
1079 9920 2
1079 3455 1
1080 6664 10
1080 7784 19
1080 2755 6
1080 8247 9
1080 3846 13
1080 7880 2
1080 6611 4
1081 3606 5
1081 5039 18
1081 3924 12
1081 1376 9
1081 6234 19
1081 6905 19
1081 2796 15
1081 6213 6
1082 6288 13
1082 7907 8
1082 5653 4
1082 2359 11
1083 9608 2
1083 2901 17
1083 9677 3
1083 4140 1
1083 6780 18
1083 9482 14
1083 8069 14
1083 8550 15
1084 3456 2
1084 2446 9
1084 6147 5
1084 7098 19
1084 5345 12
1084 9131 15
1084 9350 20
1085 6317 1
1085 2677 7
1085 3935 11
1085 7920 9
1086 1841 2
1086 6837 13
1086 7883 9
1086 7158 5
1086 5779 17
1086 4382 6
1086 5918 8
1086 3407 12
1087 5764 19
1087 7077 17
1087 4014 9
1088 7540 18
1088 6365 17
1088 1860 16
1088 3849 13
1089 8004 20
1089 4744 3
1089 3574 18
1090 5410 14
1090 3378 10
1090 3552 17
1090 7809 10
1090 9878 3
1091 1629 6
1092 8572 3
1092 1879 5
1092 8412 8
1092 6181 10
1092 1641 19
1092 9064 13
1092 1533 2
1092 6978 12
1093 8078 20
1093 4782 7
1093 2563 16
1093 7818 2
1093 4162 13
1093 9413 5
1094 9731 15
1094 7829 5
1094 8528 8
1094 4317 11
1094 8518 5
1094 6526 13
1094 2594 9
1095 6342 7
1095 6797 13
1095 6685 3
1096 1736 4
1096 4358 8
1096 3715 17
1096 2048 18
1096 3569 16
1097 5238 2
1097 9187 11
1097 4327 16
1097 6962 4
1097 9634 14
1097 4040 6
1097 4354 20
1098 7708 17
1098 4152 9
1098 4636 16
1098 4490 12
1098 7472 10
1098 4071 17
1098 8499 16
1098 8652 2
1098 2647 2
1099 1494 19
1099 5468 14
1099 4151 9
1099 1577 14
1099 5526 4
1099 2273 9
1100 4919 13
1100 2258 19
1100 8313 20
1100 4305 9
1100 8970 17
1100 9067 8
1100 9294 17
1100 4832 12
1100 3126 13
1101 3866 2
1101 3543 4
1101 9105 14
1101 9567 14
1102 1653 17
1102 9280 11
1102 1854 18
1102 7115 14
1102 8289 15
1102 9940 15
1102 6034 17
1102 5364 20
1102 8331 11
1103 4107 8
1103 1262 5
1103 5177 10
1103 2405 20
1103 2266 15
1103 5366 11
1103 6274 7
1103 5386 20
1103 9723 7
1103 7324 2
1104 3960 8
1104 4753 13
1104 5070 3
1104 8061 20
1104 8622 19
1104 8693 19
1105 5673 7
1105 4684 5
1105 8154 13
1106 5649 1
1106 9623 8
1106 6269 18
1106 5712 13
1106 9751 4
1106 7899 12
1106 2800 15
1106 6661 10
1106 2077 5
1107 6615 7
1107 3383 13
1107 1912 18
1107 6101 7
1107 1979 15
1107 9974 17
1108 5908 1
1108 7001 7
1108 3579 15
1108 8579 3
1108 1249 15
1108 1983 3
1109 7910 18
1109 7224 14
1109 9364 11
1109 8205 18
1109 4218 18
1109 5799 1
1109 3432 15
1109 5426 10
1110 4088 13
1110 5775 4
1110 8630 5
1110 1696 2
1110 9077 9
1110 5708 14
1111 9131 11
1111 5042 10
1111 1908 11
1111 2791 13
1111 7228 11
1111 8749 14
1111 8619 13
1112 2292 8
1113 3853 13
1113 2474 7
1113 5863 13
1113 9222 7
1113 1497 18
1113 5137 4
1113 4409 7
1113 5414 20
1113 8977 5
1114 5143 5
1114 7826 6
1114 9627 7
1114 2044 2
1114 8281 10
1115 9527 6
1116 2645 4
1116 6961 2
1116 4182 8
1116 2215 16
1116 1752 20
1116 8946 19
1117 8529 18
1117 7558 6
1117 7925 1
1117 5332 10
1117 8467 18
1118 7682 15
1118 1740 19
1118 8138 7
1118 5645 16
1118 7601 2
1118 8516 3
1118 6619 6
1119 1623 8
1119 5777 7
1119 2318 11
1119 7437 15
1119 4266 19
1120 8691 7
1120 5595 16
1120 7765 16
1120 7707 12
1120 6104 20
1121 3846 1
1121 3080 3
1121 6213 6
1121 7497 20
1122 9749 5
1122 6067 19
1122 1592 20
1122 4335 5
1122 5541 20
1123 8989 5
1123 6885 1
1123 8606 3
1123 8399 8
1123 6268 7
1124 3673 15
1124 3362 1
1124 3079 10
1124 3293 11
1124 6999 16
1124 3311 9
1125 3001 1
1125 6753 18
1125 4260 11
1125 1253 2
1125 7143 16
1126 7835 10
1126 1545 20
1126 4277 3
1127 5718 3
1127 3765 8
1127 8789 20
1127 6238 5
1127 8694 18
1127 4990 5
1127 4874 7
1127 8303 14
1128 2627 19
1128 2903 14
1128 6904 10
1128 1493 20
1129 8289 8
1129 6568 18
1129 8637 5
1130 9011 14
1130 5664 18
1130 9760 8
1131 7057 3
1131 2206 8
1132 7281 18
1132 8432 1
1132 4896 1
1132 6123 7
1132 5893 8
1132 9751 18
1132 8226 7
1132 4409 8
1132 6159 14
1132 1778 15
1132 5794 7
1133 7962 13
1133 6703 3
1133 3483 10
1133 3484 2
1133 7934 10
1133 3304 16
1133 4606 14
1134 4487 3
1134 5710 20
1134 3413 10
1134 9602 12
1134 4028 14
1134 4831 3
1134 6884 11
1134 8057 18
1134 2380 4
1136 2824 17
1136 7217 4
1136 8466 3
1136 4151 1
1136 2615 13
1136 3059 20
1137 4564 20
1137 8056 10
1137 2351 5
1137 7698 19
1137 2730 6
1137 6859 6
1137 3305 8
1137 5518 3
1137 7531 20
1138 6322 16
1138 7021 17
1138 7535 19
1138 9297 11
1138 6278 17
1138 9924 19
1139 8068 7
1139 9571 5
1140 6566 2
1140 9801 3
1140 7793 2
1140 1389 18
1140 3426 20
1140 6078 17
1140 3096 3
1140 3482 1
1141 6561 16
1142 1560 6
1142 4461 8
1142 1399 5
1142 3244 5
1142 2000 16
1142 4265 10
1143 2236 15
1143 3170 17
1144 6845 8
1144 7572 2
1144 7211 3
1144 9256 20
1144 5983 10
1144 6527 9
1145 9225 4
1145 1946 1
1145 7792 17
1146 5409 18
1146 8591 7
1146 8055 10
1146 2278 9
1146 6736 9
1146 3864 5
1147 8140 11
1147 3971 8
1147 9134 16
1148 6617 10
1148 2220 5
1148 3895 9
1148 3554 20
1148 4473 10
1148 5476 3
1149 1289 16
1149 8236 17
1149 5049 11
1149 6080 18
1149 2675 9
1149 4789 16
1150 9927 16
1150 9476 2
1150 8324 5
1150 8263 7
1150 6975 19
1151 4544 5
1151 6846 17
1151 7885 7
1152 6833 3
1152 2128 2
1152 1436 20
1152 5116 3
1152 9501 12
1152 3694 15
1152 8449 3
1153 9360 20
1153 5593 3
1153 5589 1
1153 1857 10
1153 9591 8
1154 9420 19
1154 5222 15
1155 5741 19
1155 1874 6
1155 4002 8
1155 2671 10
1156 4413 3
1156 8955 1
1156 9906 5
1156 4251 10
1156 1246 5
1156 1966 12
1156 8044 2
1156 2308 11
1157 7195 20
1157 7306 13
1158 6305 7
1158 9240 4
1158 2052 2
1158 4214 13
1159 6819 6
1159 1321 14
1160 5413 18
1160 7826 10
1160 3855 10
1160 4922 3
1160 8752 18
1160 1497 15
1161 6162 15
1161 8870 14
1161 9890 18
1161 7575 20
1161 7549 14
1162 4949 3
1162 9679 16
1162 4632 14
1162 8336 18
1163 9730 15
1163 6135 6
1163 1452 19
1163 1245 14
1163 8594 5
1163 3309 1
1163 9214 10
1163 7902 6
1164 7913 19
1165 1461 16
1165 8128 12
1165 7091 18
1165 3921 3
1166 3824 2
1166 9507 3
1166 1289 10
1166 6187 3
1166 6817 2
1166 9189 1
1166 7839 17
1166 5836 5
1167 5101 12
1167 9638 19
1167 6034 6
1167 3492 7
1167 1890 2
1167 5054 13
1168 6631 12
1168 1942 4
1168 3042 4
1168 1917 16
1168 9966 14
1168 5855 18
1168 6738 6
1168 6246 11
1169 9980 4
1169 6429 11
1169 6987 5
1169 5723 17
1169 1650 17
1169 3151 1
1169 4020 2
1170 6916 10
1170 7227 20
1170 7382 14
1170 6918 1
1170 9701 12
1171 9714 9
1172 9340 14
1172 3671 19
1173 4362 1
1173 2544 12
1173 7488 2
1173 8954 17
1173 3400 10
1174 5683 19
1174 4660 11
1174 2826 3
1174 4968 16
1174 8051 1
1175 3913 9
1175 3938 5
1175 3589 2
1175 1756 10
1176 6407 16
1176 4696 7
1176 7282 1
1176 8688 17
1176 2478 15
1177 4039 18
1177 9069 18
1178 7878 15
1178 2466 11
1178 5214 5
1178 3418 13
1179 8955 8
1179 8892 6
1179 4385 6
1179 5466 17
1179 6802 9
1179 3177 10
1179 6468 4
1179 5441 8
1180 5802 8
1180 3817 7
1180 6986 11
1180 4137 18
1180 9046 2
1181 2519 6
1181 4004 3
1181 7727 2
1182 7411 7
1182 9353 16
1182 2177 16
1182 6073 1
1182 4331 1
1182 4172 5
1183 2365 8
1183 3401 7
1183 8200 11
1183 8992 18
1184 9148 5
1185 9152 7
1185 3420 11
1185 9866 1
1185 2528 14
1185 4753 6
1186 4766 15
1186 4188 10
1187 6381 3
1187 3650 12
1187 4865 16
1187 2623 2
1187 8312 17
1188 5180 17
1188 5978 7
1188 3695 6
1188 9636 17
1188 6068 13
1189 5860 2
1189 8411 9
1189 8765 4
1189 5311 13
1189 8562 4
1190 4019 10
1190 7465 8
1190 5965 11
1190 7433 9
1190 6784 8
1190 1525 10
1190 9622 19
1190 5093 4
1191 9349 17
1191 3873 19
1191 2855 5
1191 6363 10
1191 6106 12
1191 1333 11
1192 6667 15
1192 7778 10
1193 7461 14
1193 2463 10
1193 7552 8
1193 7423 7
1193 4508 8
1193 6226 2
1194 5866 9
1194 3878 1
1194 7234 7
1194 8086 2
1194 8081 11
1194 4943 18
1194 3176 3
1195 3654 17
1195 3335 4
1195 5002 12
1195 2146 17
1195 4548 12
1195 9758 8
1195 4214 11
1195 9773 1
1195 5910 14
1195 4011 5
1196 1561 20
1196 2735 5
1196 3218 12
1196 2976 18
1196 7831 2
1196 5514 20
1197 3127 20
1198 4762 9
1198 5265 20
1198 3394 3
1198 5122 19
1198 4401 9
1199 3469 8
1199 3192 15
1199 4042 7
1199 6499 8
1200 8808 7
1200 1433 3
1200 5037 6
1200 8131 20
1200 4042 7
1200 7116 17
1200 1298 13
1201 2679 12
1201 4916 11
1201 8991 13
1202 3389 18
1202 9912 11
1202 5046 2
1202 2131 6
1203 4628 5
1203 9376 1
1203 6071 18
1203 7779 1
1204 7267 12
1204 6329 7
1204 1344 18
1204 3615 10
1204 2422 16
1204 8156 19
1205 6778 5
1205 3572 15
1205 9797 20
1205 6495 12
1206 3609 3
1206 9362 7
1206 4120 6
1206 4052 9
1206 4034 13
1206 3921 11
1207 7393 3
1207 8957 18
1207 2119 7
1207 6297 12
1207 4971 20
1207 1800 4
1207 8777 9
1207 6066 14
1207 2925 4
1208 2053 6
1208 5863 2
1208 7812 4
1208 5815 9
1208 5505 2
1208 9166 15
1209 1507 19
1209 6803 17
1209 6610 8
1210 7237 9
1210 1253 1
1210 3513 1
1210 7247 15
1210 2987 15
1210 6387 3
1211 7357 14
1211 8938 2
1211 5712 4
1212 2653 1
1212 5317 18
1212 7695 8
1212 2255 4
1212 8597 15
1213 9453 8
1213 2223 10
1213 5157 20
1213 7507 19
1213 3375 14
1214 8908 7
1215 8312 6
1215 5194 4
1215 5600 12
1215 8907 12
1215 3532 8
1215 2056 8
1216 3297 20
1216 2301 15
1216 4604 11
1216 1875 7
1216 5568 4
1216 8596 16
1216 9517 11
1217 8932 5
1217 4689 18
1217 2687 13
1217 3611 4
1218 9008 6
1218 5359 6
1218 8699 9
1218 3110 1
1218 5064 2
1218 3552 2
1218 7699 5
1218 8179 11
1218 3892 19
1218 7067 7
1219 6943 16
1219 1750 11
1219 3980 18
1219 9627 3
1219 4458 18
1219 2197 8
1219 5812 11
1219 4780 2
1219 2814 2
1220 3063 6
1220 9452 5
1220 3250 18
1220 7358 16
1220 7383 9
1221 7168 1
1221 8453 17
1221 4255 19
1221 5641 16
1221 8399 12
1221 8798 16
1221 6890 17
1221 6363 9
1222 1582 5
1222 9841 8
1222 8743 12
1222 2560 3
1222 6014 18
1222 6085 2
1222 3348 6
1222 5536 14
1223 3827 10
1223 9858 6
1223 3235 4
1223 7671 10
1224 8232 19
1225 2529 5
1225 9959 18
1225 8755 17
1225 4529 10
1225 7687 3
1226 6461 13
1226 2709 8
1226 8955 9
1226 7983 10
1226 9811 16
1226 2661 15
1227 2558 19
1227 6636 6
1227 7113 16
1228 4240 20
1228 2636 14
1228 8412 20
1228 2496 7
1228 7615 20
1228 1343 5
1228 5324 1
1228 6328 12
1229 9043 12
1229 8383 3
1229 4320 12
1229 7090 15
1229 1330 1
1229 2087 9
1229 3427 12
1229 7821 7
1229 3087 8
1229 3390 1
1230 6013 10
1230 5960 8
1230 3167 9
1230 7939 20
1230 4604 9
1230 5424 18
1230 2246 4
1230 2014 12
1230 8944 19
1230 4865 18
1231 8103 17
1231 4081 5
1231 7332 13
1231 5960 17
1231 5603 16
1232 2442 10
1232 3245 10
1232 3704 8
1232 5985 8
1232 2880 16
1232 3569 7
1232 6328 4
1232 9510 9
1232 8728 1
1233 7673 5
1233 4518 20
1233 6864 1
1233 6038 8
1233 9815 1
1233 1498 2
1233 6823 18
1233 4281 4
1234 2902 1
1234 8779 8
1234 9587 20
1234 2403 3
1234 9607 3
1234 8865 4
1234 4435 10
1234 3530 1
1235 7260 16
1235 1252 12
1235 1431 12
1235 6785 19
1235 4195 15
1235 2892 18
1235 3435 14
1236 8756 6
1236 7953 3
1236 4665 14
1237 7405 7
1237 9261 9
1237 5279 17
1237 2723 10
1237 9585 10
1238 7743 8
1239 6501 2
1240 7429 11
1240 4704 7
1241 2031 10
1241 4142 9
1242 5569 16
1243 4351 11
1243 3997 12
1243 8262 1
1244 3254 17
1244 9493 5
1244 4973 8
1244 5767 18
1245 3249 5
1245 3803 17
1245 9085 18
1245 5492 18
1245 3753 4
1245 5195 13
1245 2807 3
1245 5410 8
1245 9751 15
1245 2822 3
1245 6670 19
1245 4238 11
1246 6108 17
1246 1953 18
1246 4346 1
1246 7519 16
1246 5829 8
1247 2412 5
1247 6144 16
1247 7054 4
1247 9863 10
1247 6230 13
1248 2548 8
1248 5265 12
1248 3220 11
1248 6678 10
1249 5854 5
1249 1690 18
1249 5099 10
1249 6096 14
1249 4122 17
1249 2893 14
1250 7971 7
1250 3052 18
1250 1714 15
1250 6004 6
1250 3487 2
1250 6164 7
1251 2754 6
1251 1909 7
1251 4348 17
1251 1258 8
1251 7357 5
1251 4692 5
1251 3977 16
1251 2296 2
1251 6739 10
1252 8284 20
1252 7613 9
1252 2543 8
1253 1578 5
1253 1723 16
1253 5350 10
1253 5111 1
1253 3435 6
1253 3955 13
1254 4522 12
1254 8893 11
1254 4731 18
1254 4895 11
1255 2467 20
1255 4195 6
1255 1997 9
1256 5690 12
1256 3932 18
1256 3224 2
1256 7560 6
1256 5700 8
1256 5753 8
1257 4703 4
1257 1511 1
1257 8564 17
1257 6316 4
1257 9037 17
1257 3652 12
1258 8419 9
1258 4033 18
1258 3262 1
1258 1374 11
1258 3227 3
1258 7569 9
1258 1520 8
1258 8068 17
1258 3894 17
1258 1588 6
1259 7273 16
1259 8283 8
1259 8185 16
1259 7703 9
1259 6206 19
1259 6645 2
1259 5495 19
1259 7086 19
1260 6525 9
1260 7933 9
1260 4724 16
1260 8415 3
1260 5240 18
1260 4718 3
1260 8050 7
1260 5801 5
1261 4322 10
1261 9612 2
1261 8069 14
1261 9076 5
1262 8128 3
1262 5850 10
1262 1973 14
1262 3275 4
1262 8101 8
1263 3768 7
1263 5554 12
1263 9550 9
1264 4846 15
1264 3562 7
1264 9913 8
1264 8951 16
1264 5454 2
1264 7643 6
1264 6687 11
1264 6642 11
1265 3769 12
1265 6370 13
1265 3392 7
1265 3271 10
1266 3679 18
1266 2046 4
1267 8097 9
1267 2367 4
1267 4221 12
1267 5014 15
1267 5293 15
1267 3419 4
1268 8372 18
1268 8117 2
1268 8923 15
1268 1774 9
1268 8280 19
1268 9876 5
1268 6240 5
1268 5212 7
1269 4681 20
1269 8305 14
1269 6974 14
1269 3319 12
1269 9277 5
1269 3615 18
1269 1377 12
1269 4323 4
1269 2464 9
1270 8825 4
1270 4425 19
1270 7430 1
1270 1289 17
1270 6818 6
1270 8237 15
1270 6958 9
1270 8191 11
1271 8986 15
1271 3233 9
1271 7472 12
1271 3567 14
1272 4071 12
1272 4290 19
1272 7776 20
1272 1727 5
1272 9031 12
1272 3291 1
1273 4191 16
1273 3050 14
1273 6923 7
1273 5008 8
1274 5425 16
1274 1710 8
1274 9477 14
1274 5297 10
1274 8129 7
1274 1288 12
1274 1556 8
1274 4336 16
1274 8759 4
1274 8781 6
1275 7532 4
1275 9628 10
1275 7538 13
1275 3281 8
1275 9585 2
1275 9919 16
1276 2174 2
1276 9364 2
1276 4979 20
1276 9407 11
1276 9585 17
1276 8478 7
1277 7135 1
1277 5987 9
1278 3373 6
1278 6498 18
1278 3944 13
1279 9243 7
1279 8834 5
1279 6050 8
1279 7100 3
1279 2148 2
1279 3921 6
1280 4528 13
1280 6983 12
1280 9324 11
1280 6114 16
1280 4997 10
1281 8574 16
1281 3032 9
1281 8694 10
1281 2835 20
1281 3955 7
1281 4291 13
1281 7694 13
1281 8060 16
1282 3871 8
1282 7251 11
1282 9784 5
1282 9825 4
1283 7133 13
1283 5144 1
1283 4449 17
1284 8204 8
1284 7322 10
1284 1536 2
1284 8711 6
1284 6787 17
1284 5754 19
1284 5199 15
1284 4527 9
1285 8071 1
1285 6251 20
1285 4583 7
1285 6243 19
1285 5687 7
1285 4218 9
1285 2042 20
1286 8740 13
1286 5722 9
1286 4289 16
1286 7041 20
1286 9694 7
1286 7172 12
1287 2133 8
1287 9360 20
1287 9878 11
1287 7773 13
1287 5311 6
1287 9230 4
1287 7645 11
1287 7194 10
1288 6484 5
1288 9065 14
1288 3081 5
1288 4661 14
1288 6976 15
1288 3555 3
1289 6904 17
1289 5232 18
1289 4866 20
1289 4772 6
1290 1403 14
1290 1528 16
1290 8907 2
1290 8398 3
1290 5644 7
1291 9044 14
1291 7521 3
1291 3793 19
1291 5888 3
1291 4506 14
1291 3123 13
1292 4653 15
1292 9398 8
1292 3555 6
1292 6700 5
1292 3643 4
1292 7515 15
1293 2868 15
1293 6955 12
1293 4896 19
1293 5787 9
1293 9542 3
1294 4712 10
1294 6112 9
1294 5077 16
1294 4014 16
1294 7319 6
1294 4255 1
1294 1887 9
1295 5411 11
1295 3644 8
1295 1698 8
1295 2072 15
1295 1800 13
1295 8922 19
1295 8537 15
1295 7032 20
1296 2654 4
1296 7606 14
1296 2832 5
1296 8212 15
1296 5429 13
1296 5190 5
1297 4308 9
1297 7165 8
1297 9532 19
1297 5003 14
1297 2125 2
1297 3967 13
1298 4208 8
1298 8605 2
1298 2472 2
1298 3973 15
1298 8617 19
1298 9740 17
1298 1924 6
1298 3286 7
1299 2458 7
1299 7998 18
1299 3054 19
1299 2238 3
1299 7217 16
1299 8588 17
1300 7239 16
1300 1970 7
1300 3785 12
1300 7131 14
1300 2320 8
1300 1505 20
1300 4995 6
1301 6338 3
1301 7560 4
1301 7760 17
1301 2011 15
1301 8824 18
1301 5752 4
1302 5886 13
1302 1476 5
1302 9507 13
1302 6059 19
1302 2775 17
1303 9495 16
1303 2881 15
1303 2907 8
1303 1338 11
1303 7666 4
1303 9551 2
1303 2007 12
1304 4271 20
1304 7255 15
1304 9460 7
1305 5929 10
1305 7036 10
1305 8868 14
1305 5441 17
1305 9078 11
1305 5983 1
1306 6559 2
1306 9851 20
1306 7362 10
1307 3814 15
1307 2721 20
1307 4507 9
1307 3065 15
1308 5307 19
1308 9026 6
1309 7046 19
1309 3790 8
1309 3222 13
1309 9382 4
1309 1799 13
1309 4857 14
1309 6407 5
1310 7668 20
1310 5891 2
1310 2463 18
1310 1871 15
1310 4487 19
1311 1680 5
1311 6075 19
1311 4122 13
1311 2327 18
1311 5967 13
1311 7740 8
1311 3385 14
1311 8599 16
1311 8070 15
1312 3044 14
1312 8055 8
1312 4575 20
1312 9283 13
1313 1430 13
1313 8957 8
1313 6115 12
1313 8453 5
1313 3684 16
1314 8835 8
1314 2393 13
1314 5454 1
1314 5606 1
1314 1820 15
1314 4037 12
1315 5383 12
1315 8703 1
1315 7395 9
1315 1870 1
1315 8137 18
1315 3460 9
1315 5466 4
1315 3312 7
1315 6877 17
1315 3443 8
1316 8495 17
1316 5038 19
1316 5150 2
1316 7490 4
1316 7965 3
1316 9336 15
1317 7172 11
1317 3539 5
1317 5521 18
1318 5571 5
1318 4338 1
1318 8272 16
1319 8247 20
1319 6854 1
1319 7652 16
1319 5048 16
1319 1634 19
1320 8849 17
1320 9800 18
1320 5724 13
1320 4296 4
1320 8185 17
1320 7669 6
1320 4433 12
1321 9743 14
1321 1705 3
1321 1650 14
1322 7978 14
1322 9588 9
1322 9354 2
1322 7027 6
1322 7926 18
1323 5277 1
1323 2120 5
1323 8228 18
1323 2676 1
1324 2954 5
1324 7002 6
1324 9578 6
1324 1899 10
1325 6083 10
1325 3132 13
1325 1834 14
1325 8870 3
1325 5581 14
1325 5701 11
1326 3393 3
1326 6113 16
1326 6903 12
1326 7191 18
1326 1427 14
1327 9080 13
1327 7529 14
1328 9598 6
1328 6980 13
1328 6446 12
1329 8816 16
1329 3268 2
1329 5540 10
1329 4900 7
1329 3326 18
1329 7824 17
1329 9233 7
1329 4711 7
1330 2573 19
1330 6673 6
1330 9279 7
1331 4042 17
1331 6787 9
1332 5269 1
1332 3189 20
1332 3037 19
1332 1514 4
1333 3428 6
1333 6556 13
1333 3129 20
1334 1721 3
1334 2919 15
1334 8076 13
1335 9547 9
1335 6692 19
1335 4984 18
1335 7176 12
1335 9881 15
1335 2107 15
1335 6405 10
1335 7244 6
1336 4458 15
1336 5754 7
1336 9021 11
1336 6972 19
1337 6142 18
1337 8622 9
1337 6351 2
1337 9639 15
1337 7121 1
1338 6636 11
1338 6255 10
1338 7808 15
1338 5483 5
1339 8248 2
1339 6864 20
1339 7062 5
1340 9368 14
1340 8013 9
1340 2566 13
1340 7921 11
1341 7705 5
1341 9761 19
1341 2282 14
1341 1989 15
1341 6858 20
1341 5351 9
1342 7758 16
1342 1511 4
1342 7571 17
1342 9471 20
1342 1543 3
1342 2007 14
1343 4597 14
1343 6693 18
1343 4056 2
1343 6354 16
1343 7765 8
1344 7214 4
1344 8802 2
1344 5026 1
1344 3111 3
1344 5910 15
1345 1649 19
1345 2111 16
1345 2377 16
1345 1759 13
1346 3695 13
1346 9340 2
1346 4126 2
1346 6188 6
1346 8972 6
1346 9217 1
1346 4842 1
1346 1883 8
1346 2638 14
1346 7793 10
1347 5375 5
1347 1815 7
1347 4570 17
1347 8013 6
1347 3371 5
1348 2325 8
1348 4643 11
1349 1572 11
1349 6177 6
1349 8883 5
1349 2299 1
1349 6349 20
1349 7310 10
1350 4102 4
1350 8791 6
1350 5883 9
1350 3890 11
1350 7809 13
1350 7293 6
1350 6251 4
1350 2526 5
1351 2077 1
1351 7301 6
1351 6531 12
1351 6269 9
1352 7796 1
1352 8985 19
1352 5278 9
1352 6292 4
1352 7103 3
1352 3377 7
1352 9617 19
1353 4369 13
1353 1910 11
1353 7027 9
1353 5673 12
1353 3119 6
1353 5386 11
1353 6186 11
1353 9231 4
1354 2807 15
1354 9263 13
1354 7702 11
1354 3493 14
1354 3147 20
1354 9987 18
1354 6697 8
1354 9281 14
1355 7012 10
1355 3621 20
1355 7428 11
1355 3225 1
1356 5783 20
1356 2156 6
1356 8292 14
1356 1570 5
1356 9411 17
1357 6174 20
1357 6308 16
1357 7281 12
1358 2399 16
1358 5347 5
1358 2851 2
1358 5174 7
1359 4505 4
1359 8269 10
1359 4020 7
1359 7014 1
1359 1717 13
1359 6538 4
1359 7259 10
1360 9671 8
1361 9150 6
1361 5657 17
1361 5811 17
1361 8047 12
1361 4686 17
1361 6523 19
1362 2902 20
1362 6902 10
1362 1553 15
1362 3152 2
1363 1702 20
1363 4918 19
1363 5317 1
1363 3321 14
1363 4424 20
1363 2913 19
1363 3587 18
1364 4164 4
1364 4369 18
1364 4559 19
1364 8284 5
1364 8193 8
1364 4627 16
1365 1640 3
1365 6574 2
1365 8031 9
1366 7240 10
1366 2314 19
1366 8235 2
1366 4608 16
1366 5901 4
1366 5118 4
1367 6122 8
1367 2073 14
1367 1663 9
1367 3378 14
1367 9807 18
1368 1834 20
1368 5734 2
1368 7520 13
1368 5988 18
1369 4546 17
1369 8821 15
1369 4068 17
1369 9518 11
1369 2322 18
1369 3022 1
1369 9048 7
1369 4841 20
1369 3666 4
1369 7897 5
1369 9282 15
1369 2736 16
1370 2355 20
1370 6294 2
1370 7918 11
1370 3029 7
1370 2567 18
1370 8409 16
1370 7430 11
1371 3853 3
1371 8892 17
1371 6192 20
1371 8179 11
1371 6923 7
1371 4054 9
1372 2494 6
1372 8158 19
1372 1427 15
1373 4641 2
1373 6850 8
1373 3834 19
1373 5445 15
1373 5756 16
1373 9576 7
1374 4670 8
1374 8199 17
1374 4095 1
1374 6346 1
1374 4581 9
1375 8596 3
1375 2827 9
1375 9661 7
1375 6196 6
1376 6098 14
1376 2200 20
1376 1499 10
1376 7350 10
1376 6962 4
1376 8733 1
1376 8884 9
1376 5017 5
1377 9016 7
1377 2871 5
1377 5378 1
1377 5463 2
1377 3545 18
1377 1523 13
1377 6113 12
1378 9344 18
1379 8151 13
1380 4537 6
1380 2961 7
1380 6727 8
1380 5459 9
1380 5808 18
1381 8266 16
1381 6387 17
1381 5317 3
1382 2376 20
1382 6791 8
1382 2800 10
1382 9419 6
1382 6063 3
1382 6530 3
1383 3757 10
1383 7593 15
1383 7864 10
1383 5081 13
1383 9499 15
1384 4921 11
1384 9755 16
1384 7475 8
1384 1617 6
1385 4683 11
1385 1408 3
1385 7798 9
1385 5837 4
1385 5304 11
1386 7278 14
1386 7697 3
1386 5097 15
1386 3625 7
1386 9822 3
1386 8778 6
1386 9695 9
1386 4537 8
1386 8360 5
1387 9167 4
1387 2248 19
1387 4064 15
1388 5072 19
1388 2194 5
1388 9020 9
1388 3236 16
1388 7982 13
1388 9450 4
1388 4559 15
1388 3232 9
1389 4649 2
1389 5906 8
1389 7370 11
1389 2581 7
1389 4713 2
1389 1981 2
1390 7970 11
1390 9202 13
1390 7385 17
1390 6552 9
1391 9768 4
1391 7511 15
1391 4423 5
1391 8949 16
1391 5923 7
1392 1791 9
1392 1953 2
1392 3314 13
1392 6061 19
1392 1559 16
1392 3811 11
1392 8354 9
1392 4273 4
1392 6777 8
1392 4437 6
1393 4301 13
1393 9340 7
1393 8941 1
1393 3997 4
1393 8541 11
1393 2615 2
1393 6658 18
1393 6301 19
1393 2434 5
1393 8798 5
1393 1415 20
1393 3977 17
1394 4992 7
1394 4907 2
1394 2109 19
1394 2137 5
1394 7311 5
1395 4978 3
1395 9164 8
1395 5215 7
1395 9318 15
1395 7846 1
1395 2406 9
1395 8876 11
1395 5115 2
1396 4358 7
1396 7593 17
1396 2093 14
1396 5469 1
1396 1474 16
1397 8582 6
1397 6278 20
1397 6768 10
1397 9365 7
1397 8288 2
1397 8425 14
1397 7816 5
1398 1527 17
1398 7065 15
1398 4425 7
1398 5613 9
1398 4414 11
1398 9444 4
1398 3112 5
1398 6465 19
1399 2905 12
1399 2566 4
1399 7327 20
1400 2796 15
1400 7713 5
1400 5581 18
1400 5662 11
1401 4495 11
1401 4280 18
1402 3954 13
1402 8576 16
1402 4871 20
1402 6505 8
1402 9894 4
1402 9839 13
1402 8309 2
1402 4340 5
1403 9582 16
1403 5101 17
1403 4690 14
1404 6227 7
1404 5632 10
1404 3548 18
1404 7506 15
1404 4802 14
1404 7162 12
1404 7788 13
1404 4989 4
1404 8389 5
1405 2555 17
1405 5112 2
1405 8171 14
1405 5272 20
1405 3648 12
1405 3842 11
1406 1901 6
1406 5129 4
1406 1787 4
1406 5362 2
1406 8967 20
1407 3792 11
1407 8663 7
1407 7842 3
1408 5477 13
1408 7846 4
1408 5624 11
1408 4176 13
1409 2540 13
1409 3150 16
1409 5236 18
1410 9796 11
1410 4930 20
1410 9308 15
1410 1844 4
1411 1789 7
1411 9430 9
1411 5843 3
1412 2126 4
1412 4005 5
1412 4627 20
1412 2608 5
1412 1519 18
1413 4454 17
1414 4983 3
1414 9386 1
1414 9071 9
1414 2710 6
1414 9393 7
1414 6314 18
1414 8290 11
1415 9061 6
1415 1965 9
1415 3041 15
1415 2654 20
1415 8118 13
1415 7344 11
1415 2331 12
1415 9913 10
1415 8066 12
1416 3763 2
1416 9865 17
1416 7014 11
1416 6087 11
1416 6780 9
1417 9937 18
1417 9089 17
1417 1479 11
1417 8100 20
1417 5261 17
1417 2569 2
1417 7089 13
1417 5567 19
1417 5468 2
1418 9550 10
1418 5202 8
1418 2243 19
1418 9810 18
1418 3084 16
1419 4022 17
1419 4201 17
1419 7508 18
1419 6394 20
1420 3559 19
1420 3760 19
1420 3289 10
1421 5372 20
1421 8972 18
1421 9361 10
1421 2416 9
1421 5803 1
1421 2708 13
1422 2579 2
1422 6780 5
1422 7986 13
1422 8668 19
1422 1534 2
1422 4609 19
1423 4309 12
1423 5509 20
1423 2300 10
1423 7866 2
1423 6028 12
1424 9674 5
1424 5007 4
1424 1897 19
1424 9737 17
1424 8959 19
1424 4665 20
1424 8322 1
1425 5711 6
1425 6358 1
1425 2174 16
1425 8862 15
1425 6672 16
1425 4529 7
1425 3673 2
1425 2942 18
1425 6047 17
1425 7415 3
1426 5460 11
1426 8158 8
1426 8498 1
1426 2808 6
1426 5257 19
1427 4644 8
1427 8311 7
1427 8510 7
1427 3889 13
1427 4845 15
1427 7396 15
1428 8964 2
1428 2612 12
1428 4709 5
1428 3041 19
1428 6997 16
1428 3645 19
1429 6292 5
1429 3853 12
1429 4305 8
1429 7335 18
1429 9551 10
1429 4319 4
1430 3070 5
1431 7298 15
1431 5763 19
1431 5999 4
1431 4600 8
1432 1808 5
1432 1451 12
1433 8789 8
1434 8323 8
1434 4715 5
1434 7336 12
1434 5285 17
1435 4825 18
1435 9191 17
1435 2049 9
1435 1700 1
1435 8135 10
1435 2156 3
1435 4310 14
1435 2606 6
1436 8666 16
1436 4767 9
1436 3087 6
1436 8855 5
1437 9403 4
1437 2801 5
1437 7027 4
1437 3784 3
1437 6374 11
1437 2657 10
1437 1645 9
1438 7292 10
1438 2248 17
1438 2641 12
1438 8357 1
1438 2089 5
1438 4378 10
1439 5648 14
1439 7455 3
1439 2480 1
1440 4637 3
1440 1635 13
1441 7180 18
1442 5153 3
1442 8021 1
1442 7341 16
1442 8709 4
1442 8190 8
1442 2788 16
1442 8330 16
1442 3966 19
1442 8458 16
1442 5205 8
1443 7155 1
1443 6773 20
1443 1754 11
1443 6579 4
1443 9628 10
1444 1904 13
1444 4264 1
1444 4407 15
1444 3555 7
1444 8758 16
1445 5216 6
1445 5328 2
1445 5467 10
1445 2083 2
1445 8715 8
1445 8240 6
1446 4740 10
1446 4883 1
1446 9949 10
1446 7305 10
1446 3608 1
1446 2497 4
1447 4837 6
1447 2134 3
1447 9131 15
1447 3278 18
1448 2303 11
1448 9798 14
1448 4237 7
1448 6291 10
1448 7567 7
1448 6717 13
1448 8133 3
1448 4839 9
1448 6126 11
1449 9995 12
1449 6156 2
1449 1924 3
1449 2068 6
1449 9977 20
1450 4544 1
1450 3972 9
1450 2884 8
1450 2233 3
1450 2864 6
1451 9884 17
1451 9133 14
1451 4346 18
1451 5772 14
1451 9304 14
1452 4128 15
1452 7601 15
1452 5727 12
1453 5500 13
1453 8459 10
1453 1639 13
1453 5594 20
1453 8881 17
1453 9255 7
1453 7551 13
1454 6908 8
1454 6071 7
1455 4515 5
1455 3185 2
1456 1790 19
1456 5468 10
1456 6311 17
1457 7576 4
1457 5396 14
1457 7954 17
1457 4733 12
1457 8912 7
1457 7004 3
1458 1809 19
1458 6729 19
1458 5071 20
1458 5871 1
1458 9315 17
1458 7475 16
1458 2010 2
1458 8843 3
1458 4227 10
1458 9961 13
1459 2445 4
1459 1542 17
1459 9086 16
1460 2939 2
1460 1824 6
1460 1650 16
1460 2984 8
1460 5090 20
1461 6535 5
1461 5031 9
1461 3802 13
1461 4913 15
1461 6499 18
1461 8309 8
1461 4826 3
1462 3079 10
1462 5640 13
1462 3175 9
1462 1899 6
1462 9832 11
1462 4031 1
1463 1678 17
1463 3641 17
1463 5328 6
1463 2600 8
1463 8460 5
1463 5056 9
1463 7155 7
1463 7561 20
1464 8486 14
1464 4078 19
1464 6953 14
1465 1728 10
1465 3395 15
1465 7165 16
1465 6122 7
1465 3104 5
1465 4522 8
1465 2327 16
1465 6492 6
1465 5179 9
1466 4075 19
1466 7406 6
1467 7239 20
1467 9437 6
1467 5748 3
1467 9350 8
1467 6904 8
1467 2679 5
1467 5518 10
1467 2865 1
1468 5798 13
1468 2161 3
1468 2526 17
1468 7596 13
1468 7474 20
1468 6811 10
1468 2996 13
1468 3137 1
1469 4925 12
1469 7983 13
1469 4296 19
1469 4233 5
1470 7986 15
1470 7988 9
1470 7777 12
1471 2452 1
1471 7918 12
1471 4524 14
1471 8981 20
1471 4823 12
1472 8512 17
1472 4617 6
1473 5133 13
1474 3137 3
1474 2601 14
1474 4524 19
1474 1987 4
1474 2559 7
1474 3821 9
1474 1768 8
1475 2443 17
1475 3638 3
1475 1549 5
1475 7717 11
1475 2568 18
1476 4835 2
1476 4660 6
1476 3938 11
1476 6941 13
1476 7527 6
1476 3380 3
1477 9004 20
1477 3814 15
1477 7449 9
1477 4009 16
1477 3774 14
1477 3335 2
1478 8133 10
1478 3857 10
1478 6931 2
1478 5460 10
1478 2333 5
1478 4764 9
1478 4104 4
1479 5992 10
1479 9733 5
1479 6502 14
1479 5117 11
1479 7679 13
1479 9679 5
1479 5817 14
1479 2878 3
1479 7096 13
1480 7110 2
1480 4237 9
1480 7048 13
1480 5005 10
1480 9778 8
1480 4025 1
1481 2582 1
1481 8202 15
1481 8060 6
1481 5292 10
1481 6652 15
1481 7596 13
1481 4780 13
1481 6021 1
1481 1771 12
1482 4427 7
1482 4916 3
1482 7290 7
1482 9349 20
1482 8558 16
1482 3721 17
1483 6500 7
1483 3565 15
1483 2990 10
1483 1529 16
1483 6260 13
1483 2037 13
1483 7250 20
1483 9070 8
1484 6304 16
1484 4814 16
1484 3275 16
1484 3816 6
1484 2889 10
1484 5415 6
1485 7251 9
1485 4836 6
1485 8625 16
1486 3916 17
1486 8409 10
1486 3023 3
1486 9010 6
1487 8305 18
1487 8181 16
1487 2002 14
1488 5640 4
1488 5751 5
1488 8159 17
1489 8361 5
1489 3270 14
1489 9526 4
1489 4935 6
1490 6066 9
1490 8517 19
1490 5522 20
1490 9175 18
1491 4213 15
1491 7616 15
1491 2584 20
1491 2328 19
1491 5935 20
1492 4717 10
1492 2977 17
1492 6159 3
1492 7969 19
1492 9040 10
1492 7389 2
1493 8914 14
1493 9359 18
1493 1699 4
1493 4087 6
1493 7541 15
1494 7700 12
1494 7032 13
1494 4066 3
1494 1870 1
1495 9341 10
1496 2400 2
1496 3113 18
1496 9440 14
1496 7935 16
1496 8561 7
1496 8822 5
1497 5544 11
1497 9720 17
1497 2857 13
1497 2536 17
1497 4746 9
1497 3949 17
1497 9664 3
1498 9745 1
1499 3742 13
1500 8832 6
1500 2823 9
1500 9214 15
1500 5162 3
1501 7450 13
1501 5848 12
1501 3402 13
1501 9511 20
1501 8257 7
1501 3586 18
1501 4771 14
1502 3637 11
1502 3040 3
1502 6262 6
1502 8974 1
1503 8691 11
1503 2057 9
1503 2298 4
1504 3700 12
1504 5358 5
1505 9346 17
1505 3850 1
1505 9970 16
1505 3271 17
1505 2182 14
1505 7171 10
1505 7887 15
1506 2110 16
1506 5724 1
1506 9473 4
1506 4453 14
1506 5710 19
1506 4279 13
1506 3033 5
1507 9643 1
1507 5836 5
1507 1953 8
1507 4539 7
1507 4011 13
1507 7260 5
1507 6273 16
1508 8908 1
1508 8062 13
1508 7284 12
1508 5226 8
1509 9147 18
1509 6879 3
1509 5482 7
1509 4206 16
1509 6027 18
1510 6536 19
1511 3798 11
1511 2645 13
1511 8677 5
1511 4471 7
1511 9227 11
1511 7389 10
1511 5454 8
1511 9861 12
1512 6297 3
1512 2488 6
1512 1637 19
1512 6299 1
1512 7801 10
1512 9415 12
1512 9897 18
1513 9057 19
1513 7317 14
1513 3189 8
1513 6776 18
1514 8775 12
1514 7021 20
1514 8026 12
1514 9898 5
1514 4320 10
1515 5855 2
1515 4960 11
1515 7441 2
1515 4272 2
1515 9120 9
1516 6248 11
1516 4904 3
1516 7711 1
1516 5342 13
1516 5879 13
1517 3311 14
1517 6140 1
1517 2075 12
1517 9442 18
1518 9821 17
1518 4304 2
1518 3040 19
1518 9365 11
1518 6942 19
1518 9775 6
1519 6224 9
1519 9818 7
1519 5643 19
1519 3736 17
1519 1637 3
1520 8383 11
1520 2959 17
1520 5858 17
1520 8755 8
1520 4391 6
1520 8497 5
1521 7133 12
1521 2868 16
1521 2362 2
1521 4096 6
1521 1769 4
1522 4395 4
1522 2159 14
1522 6979 18
1522 8189 13
1522 6286 13
1522 4394 2
1522 5384 6
1522 6002 18
1522 9005 20
1522 4143 6
1522 9049 17
1523 4706 3
1523 6884 9
1523 8367 20
1523 5872 17
1523 8765 20
1524 4820 13
1524 9080 12
1524 3641 14
1524 3027 19
1524 5341 4
1525 6600 16
1525 8962 18
1525 7193 4
1526 7511 12
1526 1925 9
1526 6289 18
1526 7131 7
1526 5383 13
1526 6836 3
1526 7119 3
1527 6684 11
1527 4991 8
1527 5154 18
1527 1528 8
1527 7977 8
1527 3648 13
1527 5406 13
1527 4602 10
1527 2416 10
1527 8382 19
1527 3058 7
1527 8104 10
1527 7440 15
1528 9317 10
1528 8034 8
1528 1709 2
1528 7374 8
1528 3264 10
1529 5905 5
1529 5321 14
1529 3301 15
1529 8452 18
1529 2283 9
1530 3848 11
1530 8740 13
1530 2512 14
1530 7142 3
1530 9149 4
1530 5690 11
1531 8624 12
1531 6640 13
1531 5716 18
1531 3425 3
1531 9021 14
1531 2599 1
1532 1946 20
1532 8807 13
1532 8246 10
1532 1788 2
1533 3337 12
1533 2080 15
1533 2194 17
1533 9239 16
1533 4879 14
1533 2212 14
1533 9178 1
1533 1948 3
1534 2705 16
1534 8458 18
1534 2194 6
1534 4978 20
1535 8125 13
1535 7754 4
1536 4913 10
1536 7771 16
1536 6372 8
1536 8175 1
1536 6988 15
1536 3310 10
1536 6191 18
1536 4284 1
1537 8810 5
1537 6726 15
1537 3829 20
1537 6401 16
1538 1638 5
1538 5177 16
1538 9424 7
1538 6355 1
1538 1687 4
1539 7550 19
1539 7694 20
1540 8583 14
1540 7449 20
1540 6627 19
1540 3053 10
1540 8127 13
1541 8174 12
1541 6043 5
1541 5206 4
1541 4429 16
1541 3389 10
1541 6306 12
1541 6953 13
1541 2794 11
1542 3278 18
1542 6413 19
1543 6254 18
1543 2266 18
1543 5106 9
1544 2534 7
1544 3032 18
1544 4113 14
1544 7669 18
1544 4138 10
1544 8915 10
1545 1588 8
1545 8161 18
1545 2363 1
1546 6563 13
1546 2832 17
1546 3680 9
1546 8086 4
1546 1944 10
1547 9265 12
1547 9823 15
1548 9141 19
1548 9810 12
1548 6766 12
1548 7064 15
1548 2977 7
1548 3479 18
1548 6211 3
1549 9713 11
1549 8765 14
1549 4991 15
1549 2068 19
1549 9729 20
1549 7370 16
1550 2285 5
1550 2715 17
1550 8370 3
1550 5898 12
1551 4093 14
1551 9175 3
1551 6683 7
1551 8879 1
1552 9697 5
1552 9828 8
1552 6355 6
1552 6961 16
1552 5065 13
1552 8356 7
1552 7615 20
1552 8696 3
1553 6616 13
1553 5477 20
1553 8221 10
1554 9717 20
1554 3578 16
1554 6979 7
1555 1924 19
1555 9058 15
1555 6148 13
1555 5101 17
1556 5393 15
1556 3747 13
1556 1715 12
1556 3618 19
1557 5120 14
1557 8941 10
1557 8289 16
1558 6800 4
1559 1857 18
1559 6126 3
1560 2221 16
1560 7091 12
1560 5864 8
1560 9585 9
1560 6447 2
1561 7564 19
1561 2103 14
1561 7779 4
1561 7865 19
1562 6567 20
1562 8653 15
1562 9440 12
1562 9189 4
1563 5258 3
1563 4487 16
1563 4679 11
1564 6113 14
1564 6312 7
1564 3338 10
1564 4439 9
1564 4618 2
1565 9515 14
1565 9316 2
1565 8666 5
1565 2487 4
1565 4723 2
1565 8346 19
1566 8371 4
1566 4303 13
1566 7680 6
1566 6245 14
1567 8686 20
1567 7314 14
1567 2040 20
1567 5363 14
1567 7032 16
1567 3656 6
1568 3659 15
1568 3333 17
1568 1780 8
1569 6350 7
1569 3523 6
1570 5939 6
1570 6735 13
1570 2998 7
1570 4739 16
1570 2360 7
1570 5050 3
1570 5457 19
1570 5224 14
1570 4502 17
1570 3822 6
1570 7836 10
1570 5209 7
1571 3891 14
1571 2087 19
1571 1949 17
1571 7576 3
1571 9003 5
1571 5716 2
1571 5311 2
1571 4975 14
1572 2310 16
1572 2196 18
1572 1908 20
1572 8419 15
1572 8802 6
1572 5026 14
1572 9351 15
1572 3350 4
1572 9354 12
1573 5825 14
1573 2270 19
1573 7284 3
1573 6841 10
1573 4172 15
1573 1684 1
1573 2256 3
1574 5882 6
1574 8435 20
1574 6224 18
1574 2227 7
1574 8575 19
1574 9845 9
1574 9852 12
1574 1694 10
1574 7387 3
1575 6803 13
1575 7957 9
1575 2140 13
1576 3334 1
1576 5493 16
1576 7933 4
1576 7714 12
1576 1813 2
1576 9860 1
1577 9920 14
1577 7807 13
1577 1809 12
1577 8273 6
1577 9532 18
1578 8591 11
1578 3089 7
1578 9232 2
1578 6428 2
1578 2106 9
1578 5888 11
1579 7828 12
1579 3797 16
1579 4487 17
1579 3852 13
1580 8217 18
1581 2028 11
1581 1740 20
1581 4840 6
1581 7476 5
1581 8631 5
1581 8393 5
1581 6408 2
1581 3124 1
1581 7577 13
1581 3190 12
1581 6840 20
1582 7075 16
1582 3613 15
1582 3129 10
1582 3055 4
1582 5922 10
1583 8314 9
1583 2434 5
1583 4465 2
1584 5881 3
1584 6453 17
1584 2476 1
1584 6796 7
1584 7845 10
1584 5112 5
1585 4002 1
1585 6817 13
1586 6635 18
1587 1827 15
1587 4050 6
1587 3805 3
1587 4448 16
1587 8357 1
1587 8159 9
1587 3690 14
1587 9912 14
1588 2023 17
1588 2534 16
1588 9421 1
1588 2609 18
1589 3271 4
1589 5086 16
1590 7289 20
1590 5564 13
1590 9141 5
1590 5240 4
1590 9627 3
1590 3129 14
1590 3440 16
1591 1658 4
1591 3626 5
1591 5407 8
1591 9143 2
1592 3846 9
1592 1909 13
1592 6409 11
1593 7672 17
1593 6299 8
1593 8355 13
1593 6627 12
1594 7474 20
1594 7014 20
1594 2144 18
1594 3635 1
1594 2944 4
1594 3641 14
1595 2122 14
1595 4760 12
1595 3901 18
1595 7027 4
1595 6418 8
1596 3633 14
1596 6000 14
1596 1823 6
1596 9977 6
1597 8914 5
1597 6785 2
1597 4505 18
1598 8721 13
1598 2155 3
1599 7178 1
1599 4813 5
1599 9094 4
1599 4731 8
1599 9992 1
1600 7161 12
1600 6971 1
1600 6737 19
1600 7973 13
1600 4230 8
1600 3170 20
1600 7479 19
1600 9047 9
1600 4741 16
1600 6147 18
1601 8001 7
1601 2215 10
1601 8217 17
1601 3630 18
1601 4311 3
1602 6058 9
1602 9600 13
1602 5696 1
1603 6518 18
1603 7255 5
1603 8979 9
1604 9016 15
1604 9727 10
1604 3666 1
1604 4506 15
1605 7412 19
1605 2401 10
1605 6925 7
1605 9455 10
1605 2755 10
1606 3731 10
1606 5758 4
1606 4693 15
1607 6539 12
1607 6677 13
1607 9536 14
1607 9204 13
1608 3234 3
1608 9130 20
1608 7295 13
1608 9286 6
1609 8054 3
1609 2347 8
1609 7877 6
1609 6978 8
1609 6437 19
1609 9909 6
1610 4375 20
1610 2822 12
1610 8797 1
1610 8368 4
1610 7846 19
1610 9683 16
1610 2368 13
1611 5690 3
1611 4502 2
1611 3124 7
1611 9679 5
1612 1646 4
1612 3731 13
1612 7516 11
1612 8855 17
1613 2195 1
1613 5592 18
1613 5816 15
1613 4635 5
1614 2207 13
1614 9532 16
1614 3850 2
1614 5178 11
1614 7096 3
1614 2910 4
1615 7635 20
1615 4239 8
1615 9431 17
1615 2510 18
1615 8371 7
1616 7303 2
1616 3514 20
1616 3437 1
1616 7001 9
1616 4084 11
1616 3406 17
1616 4583 3
1617 5243 13
1617 3197 16
1617 1830 6
1617 6770 20
1617 8800 3
1617 1690 20
1617 4249 8
1618 5389 1
1618 9685 9
1618 2366 5
1618 2377 2
1618 9761 3
1619 5398 18
1619 4174 12
1619 5916 19
1620 5385 2
1620 8132 12
1620 3734 6
1620 7873 16
1620 7196 8
1620 5151 4
1621 6527 3
1621 9961 18
1621 2059 15
1621 4788 13
1622 8017 12
1622 3438 14
1622 2824 16
1622 8863 6
1622 4666 6
1623 5221 9
1624 1874 4
1624 2496 6
1624 3277 17
1624 6788 13
1625 3404 11
1625 4640 1
1625 6250 8
1625 2587 17
1626 2527 10
1626 6006 4
1626 6983 2
1626 8579 4
1627 5942 19
1627 1878 12
1627 8515 19
1627 6182 20
1627 7184 6
1627 3366 6
1628 6201 6
1628 5960 9
1628 7331 19
1628 2050 6
1629 2051 9
1629 5150 9
1629 2127 9
1629 7049 1
1629 7543 13
1629 5036 14
1630 8529 3
1631 7529 12
1631 5168 19
1631 3784 6
1631 2432 5
1631 6382 5
1631 3292 2
1632 6771 19
1632 9222 16
1632 6072 13
1632 3367 9
1633 8617 18
1633 6191 13
1633 7276 3
1633 3320 18
1633 2742 7
1633 3826 18
1633 2129 6
1633 9257 12
1633 1767 11
1633 9694 19
1633 4210 4
1633 4930 10
1633 7541 8
1633 5109 6
1633 8668 3
1633 9857 4
1634 5803 16
1634 4082 6
1634 2534 9
1634 5885 12
1634 6040 13
1635 2862 2
1635 3077 12
1635 4495 3
1635 4619 17
1635 4342 6
1635 5549 2
1635 3085 17
1636 4422 2
1636 5647 18
1636 8886 14
1636 8066 4
1636 7890 15
1636 5768 17
1636 8780 1
1636 8917 17
1636 9389 16
1636 2488 4
1637 6162 7
1637 5409 11
1637 2875 8
1637 2838 17
1637 8073 10
1637 8364 15
1637 5696 7
1637 3547 5
1638 9224 9
1638 9646 5
1638 2060 2
1638 9243 12
1639 4671 15
1639 3373 2
1639 6558 8
1639 5573 14
1639 9330 12
1639 7425 19
1640 4060 12
1640 2713 19
1640 5939 6
1640 3572 11
1640 3992 16
1640 4886 1
1640 2544 16
1641 6771 6
1641 1730 16
1641 5410 19
1641 3065 6
1641 6972 20
1641 5800 1
1642 2650 9
1642 6594 14
1642 6202 19
1642 9717 20
1642 5440 18
1642 6989 3
1642 8215 3
1643 7960 15
1643 7036 5
1643 5261 3
1643 4615 8
1643 6418 16
1644 7213 2
1644 2627 6
1644 3804 14
1644 4651 3
1644 3765 13
1644 2286 16
1644 8740 3
1644 5845 13
1645 7800 16
1645 8540 6
1645 6613 16
1645 2885 2
1645 8563 5
1645 6667 5
1645 6519 10
1645 3408 3
1646 2293 2
1646 9944 6
1646 2331 14
1646 6701 6
1646 3390 4
1646 7034 1
1647 4636 18
1647 2252 7
1647 6534 1
1647 1829 18
1647 8937 7
1647 2120 6
1647 4324 1
1647 5980 19
1648 9491 3
1648 6871 10
1649 6402 8
1649 2289 4
1649 7980 19
1650 9519 8
1650 7059 18
1650 7689 9
1651 2804 3
1651 3213 11
1652 2571 8
1652 2602 3
1652 9636 3
1652 4677 17
1652 4764 20
1653 8063 6
1653 4886 8
1653 2975 2
1653 2414 16
1653 5334 8
1654 6227 3
1654 9219 8
1654 8524 19
1654 8250 15
1654 7698 5
1654 8051 19
1654 3977 18
1655 9601 17
1655 4513 16
1655 8229 6
1655 3152 17
1655 7207 15
1656 6257 15
1656 7955 3
1656 2027 7
1656 8411 2
1656 9040 10
1656 4406 5
1656 7765 8
1657 8317 17
1657 6242 16
1657 9912 13
1658 5071 17
1658 9406 1
1659 5424 19
1659 4192 1
1659 7014 1
1659 3602 16
1659 5010 15
1659 2384 20
1659 2391 14
1659 6223 10
1659 6443 6
1659 7826 15
1659 3857 15
1660 8667 2
1661 6149 20
1661 6626 15
1661 2478 17
1661 5122 12
1661 2142 5
1661 9833 12
1661 2737 8
1662 4968 19
1662 2928 20
1662 3855 3
1663 4035 7
1663 1902 17
1663 4408 11
1663 5207 10
1663 2798 3
1663 6449 8
1663 4216 4
1663 3091 15
1663 8021 9
1663 5864 9
1664 4098 18
1664 7578 11
1664 2840 4
1665 2691 19
1665 7421 12
1665 3574 9
1665 2456 9
1665 4849 6
1665 6769 8
1665 6278 7
1665 5105 9
1666 2764 9
1666 4617 2
1666 9831 6
1666 2864 12
1667 9459 18
1667 7234 17
1667 1891 12
1667 5214 11
1667 4122 3
1667 9939 1
1668 8185 17
1668 6607 17
1668 8071 20
1668 3271 5
1668 4743 4
1669 4941 15
1669 7570 4
1669 9215 1
1669 2419 17
1670 2418 15
1670 2033 9
1670 8979 18
1670 1937 11
1670 1698 8
1670 6420 3
1671 2828 11
1671 8757 20
1671 3406 20
1671 7410 14
1671 7704 10
1672 9457 13
1672 4794 1
1672 3022 18
1672 3067 15
1672 8993 5
1673 3802 11
1673 5827 9
1673 7895 16
1673 2660 16
1674 5514 16
1674 2170 11
1674 2316 8
1674 6062 17
1674 5538 18
1674 8184 4
1674 6840 15
1675 4622 14
1675 2483 18
1675 3950 8
1675 6137 12
1675 4299 7
1675 9286 5
1675 2794 9
1675 7010 16
1676 2075 17
1676 3168 3
1676 4276 4
1676 4916 1
1676 3567 4
1676 8462 14
1677 4055 5
1677 3384 4
1677 7563 20
1677 1760 17
1677 4699 19
1677 3043 16
1678 2671 9
1678 6071 10
1678 8341 14
1678 3393 19
1678 8008 7
1678 2409 3
1679 8935 14
1679 7415 18
1679 8627 3
1679 6077 12
1679 6429 3
1679 8823 13
1680 9085 10
1680 8381 20
1680 6691 4
1680 7193 20
1680 5940 1
1680 2291 16
1681 6609 2
1681 8589 9
1681 8987 9
1681 7292 11
1681 5516 4
1681 1902 20
1681 3651 13
1681 6522 10
1681 8674 19
1681 3452 6
1682 2112 8
1682 7074 1
1682 6632 13
1682 5454 14
1682 7406 3
1683 7960 20
1683 6085 1
1683 9222 4
1684 4088 16
1684 3871 9
1684 6399 17
1684 7925 10
1684 9965 6
1684 6407 11
1685 9402 6
1685 6436 9
1685 6276 14
1685 5415 15
1686 8322 4
1686 3562 20
1686 4916 7
1686 4823 2
1686 6219 13
1686 7319 10
1687 6505 16
1687 3546 7
1687 8208 19
1687 1838 1
1688 8230 17
1688 8566 16
1688 4496 12
1688 5061 7
1688 9544 11
1689 8529 18
1689 5573 19
1689 5161 18
1689 6607 7
1689 9722 6
1689 7689 9
1690 5133 7
1690 9306 11
1690 2501 20
1690 4706 12
1690 3128 4
1691 5309 8
1691 3992 7
1691 4879 8
1691 4182 3
1691 1812 14
1691 4490 20
1691 8133 12
1691 9146 9
1692 4243 7
1692 1743 5
1692 9257 8
1692 4224 6
1692 5547 9
1692 9552 14
1692 4328 19
1693 6857 8
1693 6639 12
1693 5148 12
1693 8773 4
1694 9492 14
1694 2626 20
1694 1817 16
1694 9112 18
1694 9033 17
1694 7855 7
1695 5626 16
1695 2352 16
1695 7656 16
1695 5717 6
1696 6347 2
1696 8395 10
1696 5775 8
1696 2879 19
1696 5112 16
1696 5964 4
1696 4314 17
1696 2059 17
1696 8295 18
1697 4905 9
1697 5761 5
1697 3347 15
1697 2391 4
1697 4815 13
1697 8535 20
1697 2583 14
1697 2793 11
1697 1825 14
1697 9946 10
1698 3950 12
1698 6738 12
1698 9556 7
1698 8448 20
1698 7893 6
1698 3029 17
1698 3920 9
1699 6816 1
1700 2350 7
1700 8512 9
1700 3856 16
1700 4681 14
1701 6644 20
1701 3657 13
1701 8156 10
1701 4295 12
1701 9712 9
1701 4781 10
1702 3368 1
1702 8605 14
1702 4441 13
1702 2798 17
1702 3321 20
1702 5561 19
1703 5038 10
1703 4354 5
1703 9549 11
1703 1708 7
1703 3342 6
1703 7391 17
1704 6628 7
1705 9265 13
1705 6997 19
1705 5072 8
1705 7062 1
1705 5327 18
1705 8238 1
1706 9900 3
1706 7502 4
1706 7813 18
1706 4740 16
1707 2954 6
1707 5985 4
1707 3666 7
1707 4256 19
1707 6891 18
1708 3379 7
1708 7247 1
1709 2808 6
1709 8048 2
1709 5399 1
1709 5667 12
1709 5629 14
1709 7559 11
1709 2479 15
1709 6879 6
1710 8248 7
1710 3628 18
1710 3208 14
1710 3233 4
1710 5556 14
1710 9845 2
1711 8564 3
1711 3826 18
1711 2125 14
1711 5180 3
1711 9675 19
1711 6047 4
1712 7909 8
1712 5577 14
1712 6597 9
1712 3871 2
1713 2634 14
1713 5879 19
1713 8470 11
1713 4303 18
1713 8519 2
1713 8160 12
1714 7853 3
1714 6870 17
1714 4526 10
1714 5765 2
1714 8488 10
1714 7070 16
1715 4278 16
1715 1881 8
1715 3540 12
1716 7452 2
1716 2791 8
1716 4300 4
1716 5519 17
1716 6735 17
1716 2015 10
1716 1842 19
1717 7443 15
1717 5136 10
1717 7566 3
1717 4072 13
1717 6850 8
1717 8230 6
1717 6003 6
1718 8381 17
1718 4340 11
1718 8397 12
1718 3553 14
1718 3929 8
1719 8801 8
1719 6139 14
1720 6203 14
1720 9743 1
1720 6911 6
1721 9533 8
1722 5289 11
1722 7643 5
1722 2130 3
1722 5702 16
1722 8025 19
1723 6494 5
1723 1761 4
1723 9226 4
1723 3966 18
1723 7168 6
1723 5446 18
1724 4057 19
1724 4625 3
1724 9069 8
1724 4367 1
1724 1985 11
1724 7654 3
1725 4762 1
1725 8675 5
1725 5466 15
1726 7295 3
1726 6516 20
1726 6521 1
1726 3117 12
1727 2736 17
1727 3876 3
1727 3731 9
1727 4487 15
1728 9446 19
1728 7149 14
1728 2878 2
1729 7102 11
1729 8224 13
1729 3541 5
1730 5206 8
1730 3735 7
1730 6595 2
1730 9147 19
1730 5762 9
1731 2546 15
1731 8265 19
1731 2810 15
1731 1963 13
1731 3865 17
1731 8462 17
1731 7999 11
1732 7526 9
1732 1741 7
1732 7012 9
1732 6177 13
1732 2243 9
1732 2898 11
1733 1998 17
1733 6807 5
1733 6396 20
1733 8119 11
1733 3549 9
1733 8753 13
1734 3986 7
1734 9988 16
1734 3502 7
1734 2190 8
1734 6781 8
1734 2723 1
1734 7175 2
1734 5847 8
1734 6776 1
1734 7820 9
1734 4224 15
1734 3851 4
1735 6284 13
1735 8374 13
1735 5486 5
1736 9529 8
1736 9065 10
1736 9680 6
1736 4631 12
1737 9672 8
1737 9169 2
1737 4529 4
1737 8836 5
1737 7978 17
1737 6272 3
1738 8238 19
1738 9931 10
1738 9952 1
1738 5240 1
1739 9202 4
1739 8772 3
1739 8044 5
1740 7234 19
1740 9173 12
1740 5973 5
1740 3682 2
1741 1867 16
1741 6125 17
1741 2940 4
1741 5477 18
1741 3135 16
1742 7107 10
1742 2137 4
1742 6858 10
1742 4554 13
1742 9786 12
1742 5150 14
1743 4889 14
1743 6258 8
1743 7617 15
1743 6684 2
1743 2242 16
1743 7106 2
1743 7903 9
1743 3158 8
1743 5506 16
1744 8294 7
1744 4221 15
1744 3908 12
1744 2208 3
1744 7496 9
1744 5659 8
1744 8746 12
1744 7199 8
1744 4493 11
1745 5909 12
1745 5326 9
1745 2203 14
1745 9968 6
1745 8854 5
1746 5935 5
1746 3639 18
1746 6929 10
1746 9400 15
1746 6975 13
1746 4484 13
1746 2930 2
1747 3886 2
1747 1964 20
1747 5828 16
1747 1907 10
1747 8538 19
1747 4293 1
1748 6348 19
1748 9602 3
1748 5993 5
1748 7988 13
1748 9132 4
1748 3799 20
1748 4767 8
1748 6983 12
1749 2155 18
1749 5886 4
1749 8761 12
1749 6292 4
1749 3202 10
1750 2363 4
1750 7814 18
1750 6239 12
1750 9265 20
1750 7790 10
1750 4564 2
1750 3109 2
1751 8879 10
1751 2076 17
1751 3481 20
1752 7501 13
1752 6704 11
1752 6646 14
1752 6772 1
1752 3654 18
1752 3943 9
1752 3086 13
1752 5698 19
1752 5464 12
1753 1891 9
1753 2937 9
1753 3310 20
1753 4426 11
1753 2105 13
1753 8700 19
1753 7540 15
1753 6630 15
1754 2323 12
1754 4035 12
1754 5487 14
1755 1805 3
1755 9292 6
1755 5317 8
1755 6964 10
1755 2889 1
1756 3548 2
1756 5439 3
1756 1944 11
1757 5613 5
1757 4442 6
1758 9875 20
1758 7203 1
1758 6321 10
1758 3451 1
1758 3875 3
1758 7924 12
1758 2724 1
1758 8361 16
1759 8787 14
1759 7336 6
1759 5836 19
1759 4183 9
1759 2575 6
1760 8986 1
1760 6383 4
1760 9162 5
1760 9420 4
1761 7060 15
1761 8034 5
1761 5353 6
1761 5247 2
1761 9870 19
1761 8391 10
1762 9949 8
1763 8411 9
1763 5261 6
1763 8909 6
1763 7551 1
1763 3291 17
1763 4386 5
1764 8396 10
1764 7355 3
1764 9432 20
1764 4151 18
1764 1961 12
1764 2149 15
1764 5074 15
1765 5536 17
1765 4774 16
1765 4481 7
1765 3406 10
1765 6810 4
1765 2623 8
1765 9350 15
1765 9752 5
1765 7942 7
1765 2057 2
1766 4049 15
1766 9672 8
1766 8113 11
1766 9398 16
1766 3062 4
1766 5583 7
1766 8750 13
1767 5901 3
1767 8306 17
1767 7982 15
1767 8130 15
1768 8032 9
1768 6189 19
1768 3811 16
1768 9927 17
1768 6183 19
1768 6233 12
1769 3153 7
1769 9836 12
1769 5930 6
1769 2084 11
1769 4737 18
1769 2852 11
1770 7448 8
1770 7804 11
1770 8534 11
1770 9936 20
1770 5909 19
1771 2608 11
1771 5096 4
1771 4890 11
1771 8079 9
1771 2749 4
1772 9594 10
1773 5736 8
1773 7881 14
1773 8650 2
1773 8187 10
1773 4131 8
1773 9330 18
1774 7409 16
1774 8752 5
1774 7778 10
1774 6113 8
1775 6086 1
1775 2953 18
1775 3119 17
1775 7775 10
1775 5856 18
1775 4482 13
1776 8061 2
1776 4422 14
1776 7120 9
1776 6496 4
1776 7135 10
1776 8670 10
1776 6520 5
1776 2873 12
1777 1956 2
1777 5019 19
1777 1835 13
1778 2166 19
1778 6887 7
1778 9297 8
1778 2389 16
1779 5387 11
1779 2959 16
1780 4415 19
1780 8893 2
1780 5122 4
1780 8653 11
1781 9771 12
1781 3171 1
1781 6575 17
1781 9889 18
1781 3960 1
1781 2292 14
1782 9372 7
1782 6539 19
1782 6519 11
1782 4360 17
1783 9038 10
1783 8834 11
1783 8360 9
1783 7536 12
1783 4107 1
1783 3936 11
1783 4809 6
1783 9268 20
1784 6831 13
1784 9298 12
1784 2161 8
1785 9579 16
1785 9226 2
1785 3700 9
1785 4541 16
1785 6744 14
1786 9726 17
1786 5711 2
1786 3591 20
1787 2452 18
1787 6406 12
1787 2238 13
1787 2802 18
1788 7103 8
1788 5729 11
1788 9647 2
1788 2214 12
1788 6219 4
1789 2249 17
1789 7220 8
1789 9065 9
1789 4224 10
1789 8077 1
1789 3295 6
1789 4350 15
1789 9481 12
1789 8523 12
1790 4073 9
1790 9361 16
1790 9685 2
1790 7279 4
1791 2692 9
1791 7399 6
1791 2699 19
1791 7844 11
1791 6349 1
1791 1897 8
1792 7986 7
1792 5981 14
1792 8093 19
1792 8532 8
1792 3929 13
1793 5254 18
1793 9678 8
1793 7168 10
1794 9249 2
1794 3436 5
1794 3485 4
1794 4806 4
1794 1940 1
1795 5427 9
1795 4832 12
1795 8269 10
1795 7066 19
1796 2504 17
1796 2536 2
1796 2425 10
1796 8284 13
1796 6799 1
1796 2774 13
1796 9560 12
1797 5885 7
1797 2153 10
1797 8599 19
1797 8697 7
1797 6414 1
1797 5806 20
1797 9767 14
1798 9338 14
1799 4385 14
1799 5469 7
1799 2557 10
1799 7669 20
1799 5250 4
1800 3125 14
1800 4066 13
1800 3021 2
1800 4613 12
1801 2858 11
1801 5805 16
1801 7987 15
1801 1928 7
1802 8984 19
1802 9451 2
1802 7329 9
1802 3874 12
1803 4985 11
1803 5458 10
1803 6185 7
1804 5343 14
1804 3678 6
1804 2646 8
1804 9570 7
1804 2752 3
1804 4754 20
1804 9891 7
1805 6305 3
1805 5426 5
1805 9770 3
1805 5165 2
1806 8234 18
1806 9429 4
1806 6488 4
1806 4628 2
1806 5530 7
1806 7906 18
1807 8515 16
1807 6694 16
1807 5401 7
1807 7807 18
1807 5793 1
1808 4744 2
1808 4573 15
1808 5421 16
1808 7360 18
1809 6773 20
1809 9420 17
1809 2470 4
1809 4863 19
1809 7612 13
1809 6137 18
1810 3264 15
1810 7173 1
1810 4137 14
1812 3462 13
1812 2033 14
1812 5043 17
1812 6173 17
1812 2806 10
1812 7993 7
1812 9621 7
1813 3251 3
1813 8243 14
1813 4959 11
1813 7375 2
1813 2272 20
1814 2115 18
1814 9742 7
1814 5937 8
1815 8282 18
1815 5420 3
1816 4640 6
1816 3027 16
1816 9548 5
1816 3263 10
1816 6848 20
1816 9213 2
1816 2509 4
1816 7080 9
1816 5699 2
1817 8622 12
1817 7489 10
1817 6489 7
1817 7522 20
1817 2697 8
1817 9330 9
1817 9831 13
1818 5544 20
1818 3229 17
1818 5234 20
1818 7885 17
1818 3654 9
1819 3597 16
1819 4656 8
1819 7700 17
1819 5869 10
1819 8962 8
1819 9923 19
1820 2236 11
1820 1970 7
1821 6934 16
1821 8195 6
1821 8492 12
1821 5258 17
1821 4942 1
1821 6416 3
1822 2554 11
1822 9727 8
1822 3645 12
1822 2644 17
1822 3217 10
1822 9209 19
1822 4001 14
1822 7376 5
1823 5624 1
1823 3368 2
1823 8216 7
1823 3013 6
1823 7978 8
1824 6987 2
1825 3746 6
1825 5531 1
1825 2292 4
1825 9732 20
1825 5760 5
1825 7795 13
1826 2984 18
1826 4565 13
1826 4332 2
1826 3537 4
1826 9320 16
1827 4808 8
1827 7041 17
1827 7001 12
1827 5744 11
1827 7749 12
1828 5090 12
1828 6950 12
1828 3685 2
1828 8278 12
1829 5977 4
1829 5853 18
1829 6787 3
1829 6322 15
1829 2634 13
1829 4731 3
1830 6960 10
1830 3795 6
1830 9607 13
1830 6656 14
1831 2768 5
1831 2953 10
1832 8126 10
1832 9931 8
1832 4313 14
1833 9354 16
1833 3126 16
1833 8214 1
1833 9311 9
1833 5744 3
1833 9458 3
1833 9838 1
1833 4274 17
1833 5966 2
1833 9634 2
1834 7486 6
1834 6263 13
1834 7666 9
1834 3233 20
1834 1998 4
1835 4521 7
1835 9006 11
1835 2292 19
1835 9889 16
1835 4608 9
1836 8243 17
1836 3789 19
1836 3058 12
1836 9223 13
1836 2795 9
1836 7972 5
1836 9296 12
1837 4846 5
1837 4861 16
1838 2867 11
1838 7118 7
1838 9891 3
1839 4757 15
1840 5549 16
1840 8712 19
1840 9827 3
1840 4843 1
1841 6303 12
1841 3586 8
1841 2997 15
1841 5761 6
1842 8533 12
1843 6874 14
1843 6776 12
1843 2425 13
1843 3510 8
1843 5809 7
1843 4952 16
1843 8817 7
1843 8529 9
1843 9374 7
1844 4889 10
1844 3466 18
1845 3159 18
1845 9413 20
1845 6223 3
1845 6102 20
1846 3173 2
1846 6268 1
1846 2473 1
1846 5719 1
1846 9846 6
1847 6322 9
1847 4422 6
1847 4610 1
1847 8913 3
1847 5145 5
1847 3461 15
1847 4918 15
1848 5149 13
1848 7643 1
1848 2977 13
1848 6920 13
1848 2828 5
1848 6001 12
1849 5758 19
1849 8253 12
1850 7997 16
1850 3866 18
1850 6139 16
1850 9609 10
1850 4624 10
1850 1902 4
1850 7094 4
1850 3250 5
1850 4560 17
1851 6155 10
1851 3343 17
1851 5721 10
1851 8029 6
1852 2171 3
1852 6937 16
1852 4750 6
1852 3306 16
1852 5518 9
1853 7218 5
1853 9441 3
1853 1893 20
1853 5868 9
1854 9383 2
1854 2945 10
1854 6038 16
1854 7271 18
1854 9176 19
1854 7884 3
1854 6026 7
1854 7256 14
1854 5410 16
1854 4470 4
1855 6115 14
1855 6233 3
1855 4009 14
1855 3450 17
1855 9269 10
1856 7889 19
1856 7178 17
1856 5197 19
1856 7336 20
1857 6248 3
1857 2880 5
1857 2402 13
1857 7393 8
1857 7956 17
1858 3681 5
1859 8906 15
1859 8823 20
1859 5501 10
1859 8536 3
1860 8841 10
1860 2456 12
1860 5694 12
1860 7704 1
1860 7621 19
1860 3081 15
1860 2495 8
1861 5184 7
1861 6575 7
1861 2747 2
1861 6810 20
1861 7300 17
1862 7169 16
1862 5058 2
1862 7538 8
1862 6089 17
1862 9170 6
1862 7061 9
1863 3052 6
1863 7880 19
1863 2686 18
1864 8394 12
1864 5296 5
1864 2597 16
1864 6562 2
1864 4832 10
1865 9238 20
1865 2996 15
1865 5313 8
1865 3403 9
1865 6402 10
1865 8568 10
1865 3341 13
1866 9313 7
1866 3633 10
1866 7930 13
1866 2568 9
1867 4298 16
1867 9029 9
1867 3714 19
1867 8536 14
1867 9498 11
1868 8363 19
1868 7414 4
1868 5508 8
1868 4734 4
1868 2928 3
1868 2944 1
1869 8787 3
1869 3367 12
1870 8145 5
1870 7105 6
1870 5694 3
1871 9617 17
1871 4389 3
1871 3220 12
1871 7312 19
1871 6377 12
1872 9613 18
1872 8275 18
1873 7972 3
1873 4560 6
1873 9438 7
1874 7758 14
1874 6513 18
1874 7798 17
1874 5852 14
1875 4995 13
1875 3204 2
1875 3812 17
1875 4271 18
1875 9767 6
1875 3166 8
1875 7991 5
1875 8513 8
1875 3970 12
1876 8797 4
1876 2683 3
1876 7289 8
1876 2955 19
1876 6564 11
1876 6265 6
1876 3591 6
1876 4916 11
1876 7399 9
1877 3183 19
1877 6216 10
1877 6322 12
1877 7014 15
1878 4105 1
1878 2947 7
1879 3288 3
1879 9577 16
1879 7122 13
1879 4921 18
1879 2461 4
1880 8922 2
1880 3554 3
1880 2234 7
1880 8884 6
1880 6997 9
1880 2441 16
1880 9179 2
1881 4922 16
1881 8409 7
1881 9512 2
1881 6753 17
1881 5297 4
1882 4564 10
1882 9990 3
1882 9831 9
1882 2813 6
1882 6141 8
1882 2333 15
1883 3981 12
1883 6652 15
1883 5372 9
1883 7540 11
1883 7481 9
1884 4317 12
1884 4661 4
1884 9727 15
1884 9536 8
1884 3700 7
1885 4412 1
1886 5549 3
1886 8257 14
1886 9972 11
1886 9926 9
1886 7843 17
1886 8293 15
1886 5330 13
1886 6019 12
1887 4743 15
1887 2333 17
1887 6172 3
1887 8528 12
1888 2603 19
1888 4272 3
1888 9873 14
1888 7132 13
1889 3742 12
1889 8471 11
1889 9525 3
1889 4241 15
1889 2696 5
1889 9744 18
1889 8419 13
1890 5771 9
1890 3949 5
1890 2390 3
1890 7584 7
1891 6661 14
1891 5193 2
1892 5052 4
1892 4889 16
1893 2257 3
1893 2486 10
1893 7736 16
1893 3084 6
1893 8492 6
1893 4217 5
1894 8379 20
1894 6653 10
1894 6002 11
1894 5499 7
1895 8088 4
1895 7311 19
1895 4244 13
1895 5680 11
1895 8209 3
1895 3920 13
1896 2148 10
1896 3060 10
1896 5860 4
1897 8558 18
1897 2886 1
1897 3966 11
1897 9917 9
1897 7289 1
1897 5538 1
1897 4650 17
1897 5367 11
1898 6979 8
1898 6770 17
1898 4711 1
1898 3110 20
1898 7560 9
1899 6622 6
1899 9889 1
1899 1980 15
1899 9476 20
1899 3697 13
1900 7118 4
1900 4331 20
1900 7150 19
1900 3330 2
1900 1908 20
1900 6824 15
1900 2839 19
1900 4310 18
1900 4379 19
1901 8436 14
1901 8664 11
1902 8071 19
1902 3082 3
1902 7544 8
1902 5651 4
1903 8758 4
1903 9410 18
1903 8994 16
1904 3365 1
1904 4224 17
1904 6120 15
1904 2757 17
1904 2095 3
1905 3375 11
1905 3221 15
1905 8208 9
1905 5575 19
1905 3360 4
1906 7338 14
1906 4931 16
1906 7149 3
1906 6243 14
1906 9684 11
1907 7101 14
1907 7836 16
1907 8272 2
1907 8544 19
1907 5200 17
1907 6218 14
1908 5795 14
1908 9198 16
1908 2956 18
1908 7416 18
1909 9139 11
1909 9042 4
1909 6771 14
1909 7941 18
1911 6689 6
1911 2481 1
1911 4289 7
1912 3517 18
1912 1958 12
1912 2169 5
1913 6343 17
1913 7547 12
1913 7779 15
1913 9423 20
1914 9751 10
1914 5047 2
1914 4266 3
1914 2065 11
1914 4037 10
1914 2275 3
1915 7755 12
1915 5332 1
1915 9616 13
1915 5929 17
1915 6653 19
1916 2999 18
1916 9867 11
1916 5996 3
1916 6588 4
1916 3786 18
1916 2414 18
1916 3432 3
1917 5570 3
1917 9376 13
1917 9489 16
1917 9953 18
1917 7124 16
1918 8870 7
1918 8319 9
1919 5331 17
1919 2071 2
1920 2257 18
1920 4775 11
1920 8840 4
1920 5021 9
1920 5336 20
1920 5409 13
1920 1977 14
1920 9098 15
1920 2634 12
1921 8198 15
1921 2584 4
1921 4710 13
1921 3044 19
1921 4985 11
1921 3862 10
1922 3113 1
1922 9293 5
1922 3399 7
1922 6775 4
1922 3953 7
1922 5787 10
1922 4242 6
1922 6031 13
1922 9325 18
1923 5095 7
1923 7193 20
1923 7145 13
1923 8004 19
1923 7583 20
1924 7560 12
1924 4650 15
1924 5275 4
1925 3144 8
1925 6705 20
1925 2624 12
1925 9123 15
1925 6917 1
1925 4042 2
1926 2960 4
1926 7134 14
1926 3168 18
1926 5719 10
1926 9187 12
1927 7227 3
1927 8466 5
1927 4739 6
1927 6461 9
1927 3387 2
1927 2723 6
1927 9523 8
1928 4631 17
1928 5745 15
1928 2419 18
1928 6520 20
1928 7715 7
1928 7400 2
1928 6369 7
1929 9202 18
1929 7709 4
1929 2511 10
1929 7545 15
1929 6751 13
1929 2459 2
1930 8561 9
1930 4576 1
1930 2334 19
1930 3407 13
1930 1971 6
1930 2309 14
1930 8964 5
1930 5774 19
1930 8793 6
1931 5131 5
1931 8832 12
1931 3345 19
1931 3757 12
1931 6350 7
1931 5441 15
1931 9082 14
1931 9127 6
1932 7616 4
1932 8170 1
1932 5142 19
1932 2277 18
1933 7175 12
1933 8433 7
1933 2859 6
1933 4016 15
1934 4403 5
1934 3365 15
1934 3483 5
1934 7542 2
1934 2690 14
1935 2377 13
1936 7625 15
1936 6643 12
1936 6461 9
1937 6068 19
1937 2800 1
1937 2701 12
1937 9337 19
1937 8936 16
1937 9545 7
1937 5101 1
1938 8762 8
1938 3773 15
1938 4351 11
1938 7741 8
1939 8732 16
1939 5467 9
1939 9452 12
1939 4028 2
1939 2970 17
1940 4066 17
1940 6802 7
1940 2865 1
1940 2052 13
1940 1959 18
1941 8096 5
1941 2366 19
1941 8424 9
1941 6877 17
1941 4524 4
1941 8374 15
1941 4492 2
1941 9120 9
1942 2713 19
1942 6502 14
1943 2924 16
1943 3643 5
1943 2324 19
1944 5178 10
1944 4989 5
1944 4353 15
1944 8794 20
1944 9393 3
1944 9272 19
1945 9856 3
1945 9761 14
1945 7119 7
1945 4762 15
1946 2108 20
1946 3946 17
1946 6899 1
1946 5170 2
1946 2217 9
1947 2406 15
1947 5423 5
1947 8568 1
1948 4145 6
1948 7415 17
1948 2749 18
1948 2929 18
1949 7431 6
1949 2486 7
1950 4806 19
1950 7377 15
1950 5817 19
1950 6622 16
1950 9188 1
1950 8438 18
1950 3931 15
1951 2262 16
1951 6285 2
1951 9046 3
1951 7557 11
1951 4130 6
1951 5953 10
1952 6730 6
1952 4675 9
1952 9213 10
1953 6901 8
1953 2897 3
1953 4277 2
1953 9781 5
1954 3055 20
1954 7167 19
1955 6180 7
1955 4541 5
1955 2713 4
1955 6471 1
1955 8751 7
1956 2877 13
1956 6108 16
1956 6874 9
1956 5130 2
1956 5137 2
1956 2224 19
1956 7831 6
1956 5092 11
1957 5436 9
1958 8779 5
1958 4213 16
1958 6645 1
1958 6190 19
1959 6114 17
1959 9971 7
1960 6484 4
1960 9624 17
1960 3678 4
1960 9148 18
1960 7227 2
1960 8150 8
1961 6807 9
1961 2620 7
1961 5647 1
1961 2789 15
1961 7638 4
1962 5582 10
1962 7076 18
1962 4218 18
1963 8199 7
1963 5940 2
1964 6615 11
1964 4341 10
1964 7548 12
1964 6970 1
1964 6953 18
1965 5375 5
1965 7281 16
1965 4076 12
1965 8393 20
1965 8117 18
1965 9476 13
1965 3776 17
1966 8036 12
1966 7475 18
1966 3045 4
1967 9197 20
1968 7488 16
1968 2965 9
1968 5801 17
1968 5226 18
1968 8612 10
1968 3530 14
1969 4127 15
1969 2587 9
1970 2415 18
1970 8713 5
1970 9140 6
1970 5106 7
1970 4594 6
1970 7192 18
1970 7393 13
1970 8978 9
1970 6612 6
1970 6805 11
1971 9860 1
1971 8013 10
1971 3353 14
1971 6022 9
1971 6999 15
1971 6725 3
1972 8490 16
1972 4843 10
1972 9146 5
1972 8693 13
1973 3758 12
1973 6975 18
1973 9462 18
1973 4355 10
1974 6824 2
1974 3351 14
1974 4220 14
1974 3966 3
1974 9853 5
1974 2546 9
1974 5643 12
1975 5629 1
1975 2525 3
1975 6769 3
1976 3777 14
1976 8196 2
1976 8034 4
1976 8869 6
1976 2051 9
1976 6453 4
1976 4416 18
1977 9207 4
1977 8057 4
1977 2658 14
1977 7422 2
1978 6660 15
1978 3072 13
1978 9192 6
1978 4387 4
1978 4879 1
1978 2246 19
1979 9436 13
1979 3807 20
1979 6858 6
1979 8284 14
1979 9451 6
1979 9430 3
1979 5374 13
1979 5481 18
1980 6055 9
1980 4057 16
1980 4667 6
1981 6152 1
1981 7201 6
1981 9519 2
1981 4808 13
1981 9236 7
1982 7397 3
1982 9944 10
1982 7845 3
1982 9183 2
1982 9510 19
1982 7753 5
1983 9837 9
1983 8516 9
1983 3392 7
1983 2597 6
1983 5454 19
1983 4609 12
1983 7354 10
1983 4596 1
1983 4568 12
1984 3778 14
1984 2108 17
1984 4808 13
1985 7898 10
1985 2116 5
1986 6746 19
1986 6041 13
1986 8646 4
1986 3119 16
1986 5727 6
1986 4200 9
1986 6427 15
1986 8559 5
1987 6480 16
1987 6472 7
1987 4390 3
1988 7478 17
1988 3292 18
1989 7941 19
1989 2290 16
1989 6126 2
1989 9578 14
1989 5530 2
1989 4047 10
1989 6366 9
1989 7718 13
1989 7318 5
1990 4940 1
1990 8518 7
1990 8880 15
1990 4121 10
1990 3838 10
1991 8021 12
1991 2658 16
1991 6735 3
1991 9900 19
1991 7875 20
1991 9111 3
1991 6326 14
1992 4169 16
1992 3245 7
1992 9567 10
1993 8462 5
1993 6328 3
1994 8491 9
1994 5753 5
1994 8810 3
1994 4582 4
1994 6509 9
1994 9706 1
1995 9820 15
1995 4913 18
1995 4318 3
1996 4934 8
1996 4715 14
1996 7028 13
1996 9431 10
1996 3141 20
1997 7030 5
1997 8036 19
1998 4657 1
1998 8121 16
1998 3286 2
1998 3840 7
1998 3075 17
1998 7230 8
1999 2204 19
1999 5945 10
1999 8015 6
1999 9694 15
1999 9202 4
1999 9652 8
1999 3263 9
1999 5175 5
1999 3435 10
2000 7884 16
2000 6208 2
2000 2371 14
2000 5655 10
2000 3412 19
2000 2480 5
2001 3109 5
2001 4150 5
2001 4107 11
2001 5162 15
2001 8013 4
2001 5405 14
2001 6030 10
2001 6325 2
2001 9220 1
2001 5487 9
2002 6730 17
2002 7293 19
2002 7406 12
2002 4004 6
2002 8834 9
2002 8902 4
2003 5134 9
2003 5151 8
2003 5243 9
2003 4697 12
2004 8970 14
2004 8548 10
2004 2894 14
2004 2765 13
2005 7843 7
2005 6417 20
2005 5705 16
2005 9008 3
2006 3776 17
2006 2159 2
2006 6634 3
2006 5937 5
2006 8646 2
2007 7642 13
2007 5432 7
2007 4684 8
2007 5925 12
2008 6715 16
2008 6937 12
2008 6613 19
2008 6877 20
2009 3279 16
2009 7560 20
2009 5142 9
2009 2608 20
2010 7703 15
2010 9763 11
2011 6623 13
2011 3453 15
2011 8723 12
2011 8400 14
2012 7008 9
2012 3100 13
2012 5132 14
2012 5701 16
2013 8693 13
2013 5920 13
2013 7553 15
2013 9021 9
2013 4191 19
2014 2257 3
2014 6476 8
2014 7101 10
2014 3863 17
2014 7587 4
2014 6386 13
2015 5149 19
2015 3069 9
2015 6682 1
2015 6799 7
2016 7803 6
2016 9072 10
2016 8833 5
2016 5456 6
2016 2436 4
2016 3335 14
2017 9659 9
2017 2768 12
2017 7203 7
2017 6921 5
2017 7540 10
2017 7531 10
2018 9647 5
2018 7194 4
2018 8617 10
2018 2130 13
2018 2854 4
2019 2408 1
2019 7430 1
2019 8078 10
2019 7027 19
2019 5210 17
2020 7182 7
2020 9760 11
2020 2447 20
2020 4865 2
2020 8908 2
2020 9308 11
2021 9133 17
2021 9049 4
2022 5783 20
2022 8230 18
2022 9716 7
2022 9599 14
2022 9398 12
2022 7690 3
2022 2914 10
2022 3366 13
2022 3381 19
2022 2158 2
2023 2879 11
2023 6627 20
2023 3618 3
2023 3428 18
2024 7451 8
2024 6230 16
2024 2686 14
2024 2078 12
2025 7633 7
2025 5727 20
2025 6190 15
2025 6936 19
2025 9513 2
2026 2509 2
2026 6706 11
2026 8660 15
2027 5215 18
2027 8919 7
2027 5134 9
2028 9192 3
2028 3221 1
2029 7985 18
2029 9506 2
2029 8260 16
2029 3689 12
2029 5380 2
2030 8409 19
2030 4933 11
2030 4137 2
2030 7206 7
2031 2301 11
2031 3622 9
2031 8677 12
2031 7132 4
2032 7021 7
2032 8496 14
2032 7315 9
2033 8830 2
2033 7418 5
2033 7578 20
2033 5494 10
2033 4947 6
2034 8488 5
2034 7742 2
2034 8759 18
2034 5924 11
2034 2907 19
2034 2107 11
2035 9106 1
2035 8033 7
2036 7657 4
2036 9606 5
2036 8375 4
2036 5387 12
2037 7679 11
2037 7302 19
2037 3289 12
2037 6459 19
2037 6783 20
2037 5519 12
2037 9997 19
2038 7693 6
2038 6169 9
2038 6116 3
2038 6958 20
2038 8833 15
2039 6029 4
2039 6304 14
2039 8556 13
2039 9109 11
2040 4295 11
2041 5143 7
2041 8707 13
2041 9002 2
2041 9828 4
2041 4885 18
2041 9868 3
2042 8452 4
2042 6188 16
2042 6643 1
2042 9670 7
2042 4080 5
2042 8050 18
2042 3820 2
2042 3409 8
2042 7052 5
2042 5273 12
2043 7352 7
2043 8292 18
2043 8226 7
2043 2720 13
2043 9707 3
2043 8303 10
2044 7580 9
2044 3198 20
2044 5053 4
2044 7222 16
2045 6201 19
2045 9485 5
2045 4895 3
2045 2751 14
2045 8090 11
2045 8850 3
2045 7727 10
2046 2962 18
2046 4935 4
2047 6562 3
2047 9658 4
2047 8154 10
2048 3844 14
2048 4410 18
2048 6590 16
2048 6861 6
2048 3550 13
2048 9638 4
2049 9312 4
2050 4961 16
2050 3471 8
2050 7762 16
2050 5613 1
2050 2315 6
2050 2066 4
2051 7040 12
2051 9505 7
2051 5178 18
2052 8808 9
2052 8696 12
2052 3463 2
2053 3438 7
2053 4375 12
2053 7901 11
2053 4800 19
2053 4139 20
2054 9891 13
2054 9690 15
2054 2417 8
2054 7353 3
2054 8731 7
2054 7582 4
2055 4650 5
2056 4726 4
2056 4072 7
2056 9200 3
2057 9088 6
2057 3855 10
2057 3626 7
2057 8426 9
2058 9396 13
2059 7381 13
2059 5780 13
2059 6696 5
2059 6447 20
2059 6203 4
2059 2742 7
2060 8727 13
2060 3027 6
2060 5241 3
2060 7550 11
2061 7992 8
2061 3215 19
2061 6521 9
2061 4813 9
2062 2267 1
2062 4356 13
2062 7117 1
2063 9250 3
2063 6433 10
2063 2489 14
2063 9162 4
2063 2971 5
2063 6057 1
2063 6825 11
2064 6389 18
2064 9391 9
2064 7444 20
2065 2369 18
2065 2535 10
2065 3621 9
2065 4789 15
2065 4741 12
2066 2548 8
2066 2446 20
2066 9901 7
2066 5618 14
2066 5496 2
2066 2971 1
2066 3400 16
2067 3157 10
2067 7435 17
2067 7517 4
2067 5815 7
2067 3552 7
2067 4147 12
2068 3908 8
2068 8042 7
2068 8229 8
2068 3548 14
2068 8364 20
2068 8590 9
2068 7265 3
2069 8515 15
2069 8261 12
2069 5231 4
2069 5695 17
2069 3279 1
2069 6015 1
2069 4414 15
2069 5780 12
2069 4814 13
2070 2337 12
2070 6909 18
2071 7260 5
2071 8327 11
2071 3797 11
2071 8518 9
2071 2269 17
2071 6989 8
2072 7223 17
2072 4610 14
2072 4397 18
2072 6386 13
2072 8004 3
2072 4153 5
2073 4494 7
2073 6464 11
2073 2788 17
2073 5275 16
2073 4288 20
2074 9738 1
2074 8237 11
2074 5754 1
2075 2774 16
2076 6815 7
2077 4238 2
2077 3419 20
2077 5006 2
2077 7250 16
2077 8818 5
2077 5936 19
2078 4543 9
2078 2594 17
2078 6133 11
2078 6373 13
2078 3070 8
2078 5593 13
2078 7925 14
2079 6092 13
2079 3377 15
2079 3504 7
2079 2475 4
2079 3749 7
2080 2393 20
2080 4891 13
2080 7273 6
2081 8850 17
2081 8827 13
2081 3042 8
2081 8161 7
2082 7942 18
2082 8490 19
2082 3184 15
2082 4245 11
2082 9488 10
2082 3704 16
2082 5405 1
2083 8474 4
2083 5884 3
2083 9302 6
2083 3781 3
2083 4232 10
2083 2973 7
2083 8847 12
2083 9206 20
2084 5503 7
2084 8108 20
2084 3684 8
2084 8682 19
2084 5125 9
2085 3143 6
2085 6113 15
2085 6155 6
2085 9446 17
2085 7271 5
2086 8664 18
2086 4825 17
2086 8848 4
2086 7853 12
2086 3073 14
2086 3756 12
2087 9415 20
2087 5134 13
2087 8119 1
2087 2718 10
2088 7041 2
2088 6591 6
2088 8792 18
2088 6802 15
2088 8553 10
2088 5682 10
2088 3571 15
2089 4819 15
2089 2979 1
2089 2159 13
2089 2706 9
2089 9455 18
2089 4287 3
2089 4196 7
2089 5250 8
2090 9704 11
2090 8437 16
2090 7287 17
2090 2746 6
2090 6757 20
2091 8751 19
2091 9551 5
2092 3028 9
2092 6486 10
2092 8962 5
2092 3458 8
2093 5381 11
2093 2434 2
2093 5433 13
2093 6874 18
2094 3209 17
2094 6119 10
2094 9960 7
2094 3221 19
2095 8179 8
2095 9784 19
2095 5075 8
2095 5899 20
2095 3801 13
2095 3014 1
2095 3848 13
2096 7713 5
2096 6827 14
2096 4025 7
2096 6444 18
2097 2919 5
2097 2202 8
2097 3284 20
2097 9679 4
2098 6522 20
2098 6566 5
2098 7445 19
2098 4743 10
2098 7063 16
2099 6054 17
2099 9188 16
2099 5899 9
2099 6878 12
2099 3014 9
2100 3842 12
2100 5290 14
2100 9447 1
2100 5656 7
2100 4955 4
2100 6279 18
2100 9038 14
2101 9636 17
2101 2466 13
2101 6219 12
2101 7876 19
2101 2790 6
2101 5274 16
2102 9032 20
2102 9461 20
2102 6883 10
2102 5203 17
2103 7787 4
2103 2845 6
2103 9722 20
2103 3434 14
2103 3930 10
2104 3213 11
2104 4757 10
2104 8233 17
2104 8954 5
2105 6914 15
2105 5215 16
2105 5288 4
2105 4752 19
2105 8720 12
2105 4872 20
2105 8126 3
2106 2530 4
2106 5906 20
2106 4685 19
2106 6051 9
2107 3305 4
2108 2332 8
2108 6815 13
2108 6275 10
2108 3475 10
2108 6020 15
2108 8492 16
2109 5226 6
2109 9485 19
2109 2315 4
2109 2223 4
2109 3251 18
2110 6988 17
2110 9235 10
2110 8082 10
2110 7033 2
2110 3491 4
2110 4871 9
2110 9322 15
2111 6396 1
2111 3653 18
2111 8225 6
2111 4934 7
2111 9021 3
2111 4193 19
2111 3394 13
2111 2406 4
2111 7948 16
2112 9749 5
2112 4491 12
2112 2936 17
2112 4321 18
2112 3645 5
2113 6701 17
2113 2205 9
2114 7088 9
2114 7299 6
2114 7420 15
2114 6635 4
2114 4970 17
2115 7911 1
2115 7597 9
2115 9934 12
2115 5740 11
2115 3686 20
2116 6229 3
2116 3713 6
2117 9911 18
2117 8698 20
2117 3957 19
2117 4390 12
2118 9325 4
2118 7132 6
2118 4297 4
2119 7499 16
2119 6457 10
2119 8419 10
2120 7105 15
2120 5309 12
2120 9815 14
2120 7333 8
2120 5086 13
2121 4432 11
2121 5244 4
2121 2960 17
2121 3109 7
2121 2173 16
2121 9973 1
2121 7445 10
2121 7416 15
2122 4155 2
2122 2448 6
2122 6380 7
2122 5829 15
2123 9297 4
2123 4845 6
2124 3677 12
2124 3702 1
2124 5923 13
2125 9218 17
2125 4790 6
2125 6001 4
2125 4148 5
2126 4501 1
2126 2336 8
2126 3850 12
2126 2533 17
2126 7142 4
2126 7652 8
2127 4763 20
2127 4608 15
2127 6718 20
2128 9907 11
2128 3369 3
2128 5458 20
2128 5571 14
2128 9181 6
2128 7407 9
2129 2370 12
2129 4781 5
2129 3738 9
2129 6889 2
2129 7002 12
2130 7802 12
2130 3584 17
2130 4816 19
2130 9769 15
2130 6408 6
2130 2500 8
2130 5413 12
2130 9668 20
2130 9468 3
2131 6105 19
2131 4329 20
2131 8460 17
2131 6357 17
2131 2257 11
2132 6743 12
2132 7804 6
2132 3113 6
2132 8499 20
2132 6589 5
2132 6045 20
2133 6259 15
2133 6593 16
2133 4938 2
2134 5426 6
2134 5666 12
2134 8050 19
2134 8043 18
2134 5637 10
2135 7901 12
2135 3473 18
2136 7118 11
2136 6812 11
2136 7776 10
2137 3300 5
2137 9619 6
2137 3765 2
2137 3870 11
2137 6329 10
2137 4938 17
2138 3976 15
2138 6877 6
2138 7705 19
2138 5632 4
2138 2151 6
2138 2963 20
2138 4401 17
2139 9275 19
2139 7973 13
2139 2149 15
2139 7753 8
2139 7420 8
2140 7914 12
2140 3981 8
2140 9293 15
2140 4545 1
2141 3879 14
2141 3641 7
2141 5509 5
2141 9027 7
2141 4926 2
2141 3243 1
2142 6532 3
2142 3107 15
2142 5334 3
2142 7702 20
2142 9447 12
2142 9943 12
2143 5464 16
2143 3973 14
2143 3019 7
2143 6218 5
2143 7116 20
2143 3954 12
2143 7887 4
2144 6484 13
2144 3928 14
2146 8998 5
2146 4303 3
2146 2274 12
2146 5127 14
2146 8909 16
2146 9219 9
2147 9785 18
2147 6599 13
2147 3223 7
2148 9361 16
2148 4806 10
2148 4254 16
2148 7948 2
2149 3675 8
2149 5554 1
2149 6565 7
2149 6741 14
2150 8630 13
2150 9700 8
2150 2917 17
2150 8714 14
2150 7997 2
2150 8326 5
2151 9887 13
2151 4117 17
2152 6352 15
2152 3843 4
2152 2235 15
2153 5977 11
2153 4549 17
2153 5176 9
2154 9751 1
2154 4129 11
2154 9615 8
2154 5867 3
2154 3090 18
2154 9635 18
2154 2643 14
2155 3323 11
2155 7501 18
2156 9913 11
2156 6800 6
2156 9879 6
2157 8807 17
2157 5373 17
2157 3463 16
2157 8748 13
2157 7483 4
2157 6090 15
2157 4272 6
2158 8883 15
2158 4802 9
2158 8846 14
2158 3768 2
2158 6481 1
2159 3253 8
2159 2369 10
2160 3903 3
2160 4364 1
2160 7173 12
2161 7429 18
2161 4945 18
2161 5021 6
2161 9594 17
2161 3595 15
2162 6337 1
2162 9915 8
2162 5982 12
2163 8870 3
2163 3674 16
2163 9458 3
2163 2553 19
2163 5351 19
2163 6901 9
2163 8791 19
2164 3379 15
2165 8837 9
2165 6919 11
2165 5507 1
2165 3337 1
2165 3278 20
2165 7313 16
2165 6065 2
2166 6076 14
2166 6991 9
2166 8509 9
2166 7273 2
2167 9355 16
2167 2837 3
2167 6574 6
2167 3963 11
2167 6675 8
2167 8127 10
2167 7789 14
2167 2229 4
2167 2905 4
2167 3178 11
2167 3529 11
2168 8436 11
2168 5605 6
2168 5206 9
2168 5469 1
2168 8932 5
2169 2677 15
2169 2962 18
2169 6566 6
2169 2622 2
2169 7054 4
2170 4345 12
2170 7925 18
2170 8582 3
2171 4603 4
2171 8742 8
2171 4183 1
2171 4475 17
2172 4833 8
2172 5007 20
2172 6985 12
2172 8689 7
2172 4445 4
2172 9664 3
2173 5657 14
2173 4800 20
2173 5147 11
2174 4090 4
2174 8456 12
2174 3571 5
2174 5087 5
2174 5468 7
2174 2376 9
2174 4388 11
2175 9923 2
2175 8699 18
2175 4310 19
2175 8740 14
2175 4613 1
2176 9482 16
2176 8748 3
2177 5440 7
2177 5356 16
2177 8080 13
2178 5697 13
2178 4550 15
2178 6467 1
2178 5051 18
2178 8822 2
2178 9332 13
2178 5725 1
2179 6311 14
2179 7593 2
2179 4922 11
2180 8682 2
2180 4040 14
2180 9820 10
2180 6457 1
2180 8140 12
2180 2688 4
2180 5896 3
2180 3779 18
2181 2340 8
2181 6043 6
2181 9055 18
2181 3851 9
2181 2262 1
2182 5296 4
2182 9400 10
2182 6401 9
2182 7235 2
2182 3170 15
2183 5712 20
2183 3484 1
2183 5924 9
2183 5316 7
2184 7612 17
2184 8416 19
2184 6492 7
2185 7419 11
2185 5278 8
2185 7907 4
2185 8695 15
2185 6697 7
2185 8879 5
2186 8524 10
2186 8689 14
2186 5526 4
2186 4743 12
2186 6593 12
2186 9013 6
2187 8280 5
2187 7837 10
2187 6551 3
2187 7178 3
2187 3859 8
2187 7925 9
2187 4300 3
2187 6333 10
2187 7294 18
2188 7834 4
2188 7764 5
2188 6286 14
2188 8677 18
2188 3192 19
2188 2366 5
2188 5505 13
2189 6690 12
2189 3607 18
2189 7214 8
2189 3716 11
2189 3842 6
2190 7396 16
2191 3629 8
2192 7105 18
2192 8123 7
2193 7613 20
2193 4170 14
2193 9849 17
2193 6336 18
2193 4032 11
2193 4298 14
2193 7935 1
2194 4333 14
2194 4320 20
2195 3922 9
2195 8324 11
2195 4096 13
2195 9226 17
2195 8060 9
2195 4781 15
2196 8683 2
2196 7808 20
2196 7975 7
2196 7443 3
2197 8319 20
2197 7604 12
2197 7908 16
2197 6221 19
2197 7775 19
2198 8261 14
2198 3526 11
2198 8420 19
2198 2568 4
2198 6879 6
2199 5385 8
2199 7629 20
2199 4916 9
2200 4333 9
2200 5432 20
2200 3244 9
2200 7730 20
2200 6573 7
2200 6917 1
2200 6878 15
2200 4719 18
2200 7994 10
2201 3734 11
2201 6715 15
2201 9720 17
2201 7866 9
2201 8850 9
2202 7215 20
2202 5163 2
2202 5381 6
2202 8070 8
2203 8470 2
2203 7056 16
2203 5270 16
2203 2626 4
2204 7068 10
2204 2716 13
2204 6575 11
2204 6963 2
2205 8172 5
2205 3781 18
2205 3005 14
2205 5351 1
2205 3242 3
2205 5045 3
2205 3476 17
2205 8382 8
2206 7108 15
2206 5726 14
2206 7515 20
2206 2786 3
2207 2639 2
2207 5868 17
2207 3551 3
2207 3570 18
2207 6347 20
2207 3087 18
2207 8366 4
2208 9815 8
2208 2673 16
2208 5983 17
2209 2986 2
2209 7879 4
2209 7247 4
2210 4916 2
2210 7309 10
2210 4468 15
2211 6452 1
2211 3494 17
2211 7828 9
2211 3876 9
2211 6496 9
2213 7288 9
2213 4945 11
2213 7836 8
2213 7249 5
2213 9667 12
2214 6936 13
2214 2833 16
2215 7046 5
2215 9513 3
2215 2985 3
2215 4166 19
2215 7754 11
2215 4822 3
2215 2521 3
2215 3245 1
2216 6440 19
2216 3746 9
2216 5977 12
2216 4984 5
2216 3148 13
2216 2654 12
2216 5739 17
2217 5409 5
2217 4367 3
2217 7299 14
2218 2948 11
2218 2617 12
2218 2699 3
2218 9953 10
2219 4991 14
2219 5855 6
2219 5248 1
2219 2476 1
2219 6980 1
2219 6514 18
2219 6338 17
2219 7248 18
2220 5616 17
2221 8786 16
2221 5299 14
2221 4547 10
2222 8807 4
2222 6609 10
2222 6208 8
2222 2998 15
2222 9515 15
2222 6506 6
2222 3243 6
2222 7673 6
2222 7409 17
2223 7022 12
2223 6820 11
2223 7229 14
2223 6846 19
2223 6392 7
2223 6740 3
2223 3026 9
2224 7888 19
2224 7155 8
2224 8757 12
2224 9713 10
2224 8043 18
2224 7898 18
2224 8110 3
2225 4177 2
2226 8123 16
2226 6183 7
2226 4933 5
2226 6359 15
2226 4015 14
2226 4563 3
2226 6849 19
2227 7660 20
2227 8185 2
2227 7543 8
2227 6466 15
2227 5406 16
2227 6315 15
2228 5618 8
2228 3461 3
2228 8122 4
2228 8070 1
2229 7264 6
2229 3603 11
2229 4107 7
2229 4287 15
2229 7835 11
2229 5176 19
2229 5907 8
2229 6384 7
2230 9738 11
2230 3321 18
2230 4915 11
2230 3270 4
2231 5640 12
2231 2921 3
2231 8961 10
2231 9523 19
2231 6376 9
2231 9373 2
2232 6876 1
2232 5554 16
2232 6490 9
2232 8764 14
2232 6611 16
2232 5720 5
2233 8574 8
2233 8399 19
2234 3602 15
2234 7499 20
2234 8115 17
2234 9019 18
2234 3981 3
2234 3357 4
2234 4881 17
2234 2283 17
2234 4645 5
2234 3677 4
2235 5285 2
2235 4468 15
2235 8334 13
2235 4418 2
2235 3523 11
2236 3196 19
2236 5359 12
2236 6675 11
2236 4880 18
2236 3578 15
2237 9628 2
2237 5464 9
2237 8287 5
2237 9153 12
2238 2988 8
2238 5459 15
2238 4552 15
2238 9663 14
2238 9805 19
2239 3925 14
2239 3904 16
2239 5195 8
2239 3839 5
2240 4106 12
2240 2706 9
2241 4562 19
2241 8945 13
2241 6201 13
2242 9606 1
2242 5421 16
2242 3802 1
2243 3264 6
2243 4918 18
2243 7826 16
2243 4727 7
2243 7596 16
2243 9254 5
2243 4060 7
2244 9259 18
2244 5672 1
2245 5235 12
2245 9675 15
2246 6270 4
2246 3335 5
2246 7030 4
2246 8849 13
2247 6862 14
2247 5645 6
2247 4709 20
2247 6109 13
2248 3460 13
2248 6868 17
2248 6208 6
2248 7689 16
2248 4909 8
2249 8630 9
2250 3281 6
2250 8943 17
2250 9327 19
2250 5309 2
2250 3043 9
2250 4652 6
2250 5429 13
2251 8600 18
2251 6732 11
2251 4431 10
2251 9486 10
2251 5155 13
2251 4269 1
2251 7779 13
2252 3791 17
2252 7141 17
2252 3163 19
2252 8163 11
2253 2538 17
2253 2683 20
2253 6136 20
2253 9456 8
2253 3985 5
2253 4158 3
2253 7568 20
2253 3971 3
2253 4425 8
2254 7727 7
2254 8713 2
2254 6372 9
2254 5343 10
2255 9403 5
2255 2500 4
2255 4148 16
2255 2493 20
2255 5675 11
2255 6570 7
2255 5546 10
2256 4119 18
2256 6082 12
2256 5489 14
2256 4832 9
2256 5935 12
2257 9559 1
2257 7139 10
2257 3645 10
2257 6601 14
2258 9417 6
2258 8898 9
2258 6394 1
2258 9161 10
2259 6650 10
2259 3232 4
2260 7025 13
2260 7999 7
2260 4374 3
2260 6215 14
2261 9355 13
2261 6202 10
2261 9692 4
2262 3314 16
2262 8191 2
2262 2754 2
2262 2755 2
2262 6664 8
2262 8441 8
2262 5164 15
2262 9221 19
2262 6395 1
2263 6762 9
2263 9580 15
2263 2680 9
2264 5463 5
2264 8072 4
2264 7782 5
2264 2633 2
2264 6432 14
2264 4811 13
2264 6019 1
2265 9495 12
2265 9016 17
2265 3480 1
2265 6177 18
2265 3857 11
2266 3593 14
2266 5867 19
2266 9624 1
2266 4126 5
2267 2471 18
2267 9906 19
2267 4341 4
2267 3354 16
2267 4612 2
2267 5891 17
2268 4412 17
2268 7852 17
2269 8270 1
2269 5624 15
2269 8523 5
2269 6520 9
2269 6143 5
2269 4597 2
2269 3623 16
2270 3387 11
2270 3600 8
2270 9989 1
2270 6490 18
2270 4266 15
2271 6641 15
2271 3467 5
2271 6923 5
2271 8228 13
2272 9585 20
2272 8107 14
2272 3918 13
2273 7685 15
2273 5363 8
2273 8995 9
2273 5437 20
2274 4405 11
2274 5739 17
2275 3878 14
2275 6583 2
2275 3851 3
2275 6938 11
2275 2674 2
2276 8222 2
2276 9515 17
2276 6139 12
2276 5952 18
2277 7240 11
2277 8116 9
2277 5245 19
2277 7357 3
2277 5050 10
2278 7780 13
2279 2518 12
2279 3774 3
2279 2982 14
2279 7527 16
2280 8180 19
2280 9472 6
2280 2694 4
2280 6038 5
2281 2719 15
2281 7871 3
2281 4833 20
2281 7602 11
2281 2655 5
2281 7154 13
2281 3155 3
2282 5811 16
2282 3346 4
2282 9610 17
2282 8811 14
2282 8376 16
2283 4828 2
2284 9026 19
2284 8581 14
2284 3459 17
2285 9399 8
2285 9038 16
2285 5547 5
2285 3739 1
2285 5294 3
2285 3652 14
2285 5595 9
2286 3657 18
2286 9620 11
2286 9305 9
2286 6528 15
2286 6881 3
2286 9083 8
2286 4557 8
2287 4040 5
2287 2389 11
2288 9117 18
2288 4275 3
2288 3086 19
2288 5603 14
2288 5001 7
2288 4199 9
2289 2967 18
2289 3612 3
2289 7356 8
2289 4341 1
2289 6255 2
2290 8446 10
2290 4059 8
2290 7655 13
2290 9913 5
2290 2717 12
2290 7624 13
2290 5191 19
2291 7289 4
2291 2651 11
2291 8963 8
2291 4947 20
2291 7206 8
2291 6189 1
2291 6187 11
2291 7619 18
2292 6288 3
2292 5793 18
2292 5673 16
2292 9838 13
2292 6334 6
2292 6917 10
2292 3165 1
2292 5624 9
2292 8708 14
2292 8674 13
2293 8954 3
2293 8824 1
2293 9384 3
2293 2643 2
2294 4560 14
2294 8785 3
2294 6403 19
2295 7696 12
2295 6175 17
2295 7982 3
2296 6912 13
2296 7062 3
2296 3510 17
2296 8501 20
2297 7713 7
2297 7697 5
2297 5227 19
2297 6411 18
2297 6684 14
2298 3065 11
2298 2355 7
2298 6895 14
2298 3477 13
2298 6355 4
2299 7310 10
2299 5783 12
2299 7081 1
2300 4570 3
2300 6577 18
2300 6248 3
2300 7390 18
2301 8067 16
2301 8485 18
2301 7269 12
2301 3499 2
2301 2452 8
2302 3867 15
2302 7760 10
2302 3468 7
2302 6156 13
2302 8092 3
2302 6039 6
2302 5200 11
2303 3027 3
2303 5523 10
2303 8523 6
2303 2854 13
2303 9810 4
2303 4501 17
2304 8129 20
2304 7882 3
2304 8508 5
2304 2332 10
2304 8733 3
2305 4079 11
2305 4705 6
2305 6407 3
2305 6835 5
2305 9627 3
2305 9362 20
2306 3696 8
2306 7763 7
2306 3763 18
2306 5763 15
2307 2638 7
2307 9076 1
2307 3719 2
2307 5141 13
2307 4104 2
2307 3169 8
2307 8747 6
2307 3663 17
2307 7312 19
2307 5363 15
2308 4061 20
2308 2665 12
2308 7145 15
2308 9990 8
2309 5471 15
2310 4839 15
2310 6754 12
2311 9415 14
2311 7718 10
2311 9989 4
2312 4875 1
2312 4638 18
2312 2476 19
2312 6723 10
2313 9742 12
2313 5582 5
2313 9001 2
2313 9524 16
2313 3464 5
2314 4487 11
2314 5984 20
2314 4823 9
2314 8432 1
2315 6605 7
2315 7704 16
2315 7197 13
2315 4143 9
2315 5068 19
2316 6116 10
2316 9094 3
2316 5991 7
2316 6973 8
2316 6661 1
2316 8774 19
2316 8875 17
2316 5931 9
2316 7033 11
2317 5731 12
2317 5067 5
2317 3852 5
2317 7496 12
2318 3345 11
2318 2718 10
2318 6554 20
2318 9469 9
2318 8212 5
2318 4918 6
2318 6799 17
2319 4440 11
2319 4565 3
2319 9390 9
2319 5005 3
2320 9611 8
2320 3608 13
2320 7141 7
2320 2644 5
2320 4225 12
2320 3412 11
2320 6179 17
2320 4823 14
2321 5707 4
2321 4910 8
2321 3943 7
2321 3634 7
2321 2554 7
2321 9279 1
2321 4425 12
2321 8314 14
2322 6042 4
2322 7589 8
2322 9905 4
2322 6190 3
2322 7743 4
2322 3897 8
2322 2729 16
2322 5473 5
2323 7093 7
2323 6804 14
2323 7458 16
2323 4948 20
2324 8028 2
2324 3835 17
2325 6101 6
2325 5567 4
2325 8372 7
2325 7818 12
2325 3410 6
2325 8491 5
2326 6993 3
2326 6556 4
2326 8494 3
2326 9912 4
2326 4339 17
2326 4736 19
2327 2501 1
2327 2736 19
2327 6795 18
2327 5704 7
2327 4816 2
2327 2957 17
2328 9234 16
2328 9660 19
2328 2875 19
2328 6948 7
2328 3055 8
2329 8019 7
2329 3216 2
2329 9495 20
2330 4352 3
2330 8470 7
2330 3915 17
2330 7613 20
2331 5382 3
2331 4040 20
2331 9707 18
2332 4584 14
2332 3333 1
2332 6323 6
2332 4451 1
2332 5824 17
2332 4619 5
2333 8397 18
2333 7264 19
2333 3242 14
2333 7479 17
2334 6763 4
2334 4628 18
2335 3041 4
2335 5114 9
2336 4385 8
2336 5071 7
2336 3454 11
2336 5293 17
2336 4837 14
2336 3717 6
2336 5100 18
2337 7302 8
2337 4434 12
2337 3976 17
2337 7684 18
2338 9546 1
2338 4407 12
2338 7177 18
2338 6750 17
2338 7972 15
2338 4904 16
2338 4278 19
2338 9167 14
2338 5364 17
2339 7009 2
2339 6744 15
2339 2721 14
2340 4339 18
2340 3757 16
2340 8844 19
2340 9616 2
2340 8115 6
2340 6927 9
2341 7163 10
2341 3400 14
2341 8650 9
2341 9200 9
2341 5350 6
2342 4805 7
2343 9818 12
2344 9554 19
2344 4439 17
2344 6184 13
2344 4638 9
2344 5960 17
2344 3533 9
2344 3054 1
2345 8520 19
2345 7590 6
2345 8673 16
2345 5566 1
2346 5183 5
2346 6968 19
2346 2923 2
2346 9938 16
2346 4254 12
2346 8118 9
2346 7330 5
2347 9278 5
2347 8540 9
2347 9914 18
2347 5631 19
2348 6468 18
2348 2700 2
2348 8964 3
2348 8558 10
2348 6506 15
2348 5827 13
2348 4270 18
2349 6012 19
2349 7049 18
2349 2719 7
2350 2935 13
2350 3588 7
2350 8195 20
2350 4710 4
2350 9302 11
2351 4634 20
2351 2860 13
2351 9626 12
2352 3963 17
2352 7559 13
2352 7989 14
2352 9614 17
2352 7632 4
2352 3323 9
2352 9066 2
2353 5121 8
2353 3404 9
2353 6736 18
2353 8857 9
2353 3107 11
2353 2568 9
2354 4227 11
2354 5761 8
2354 3201 14
2354 4716 15
2354 8587 19
2354 8899 7
2355 8917 6
2355 4013 14
2355 4486 7
2356 9972 7
2356 7835 9
2356 5957 12
2357 8857 15
2357 8880 2
2357 3874 17
2357 5215 3
2357 7812 3
2357 2874 16
2357 7552 12
2358 4376 19
2358 6350 13
2358 7449 14
2358 4665 3
2358 8540 10
2358 3302 10
2359 7974 14
2359 4675 13
2359 9101 12
2359 7720 17
2360 4832 9
2360 4851 19
2360 8185 2
2360 5608 17
2360 2964 20
2360 2779 12
2361 6717 16
2361 7543 4
2361 9208 2
2361 3039 16
2361 9472 2
2362 9617 13
2362 4539 4
2362 3211 4
2362 8285 9
2362 6317 1
2363 3261 6
2363 8841 6
2364 8286 7
2364 2451 11
2364 2911 19
2364 6164 14
2365 4927 1
2365 4699 13
2365 7324 12
2365 4783 17
2365 3631 11
2365 5539 12
2365 9891 6
2365 3903 6
2365 6090 19
2365 4266 12
2366 7539 1
2367 4501 20
2367 4179 10
2367 5908 10
2368 4600 7
2368 8788 14
2368 6304 1
2369 9031 9
2369 2930 18
2369 9608 17
2369 5304 10
2369 8119 18
2369 5745 13
2369 4647 3
2369 9743 18
2370 5176 4
2370 4562 16
2370 8350 10
2370 4592 11
2370 5039 15
2371 9059 11
2371 2622 15
2371 4114 13
2372 4769 17
2372 8241 5
2372 2933 14
2372 7770 7
2372 7271 14
2373 7598 20
2374 7141 1
2374 5947 2
2374 6625 17
2374 7259 19
2375 6075 16
2375 9729 8
2375 7982 2
2376 6094 8
2376 8296 14
2376 5274 12
2376 6894 20
2377 7811 2
2378 9254 15
2378 4302 15
2378 7882 9
2378 8769 14
2378 6517 15
2378 3437 9
2378 4885 7
2378 9486 7
2379 9492 10
2379 6386 1
2379 6050 19
2380 5518 15
2380 8370 2
2380 8970 11
2380 3085 11
2380 7039 11
2381 6240 1
2381 7727 4
2381 8182 7
2381 7231 7
2381 3940 7
2381 3076 10
2381 4412 8
2381 2613 3
2382 8353 16
2382 6308 5
2382 6269 16
2382 7572 10
2383 9030 20
2383 2525 14
2383 3379 8
2383 9718 4
2383 2905 17
2384 4544 17
2384 7699 12
2384 8410 8
2384 6857 9
2385 7056 1
2385 7251 5
2385 2415 13
2385 4937 4
2385 7258 2
2385 3076 4
2385 9628 11
2385 3062 17
2386 5546 11
2386 3018 5
2386 7399 13
2386 9934 7
2386 6724 6
2386 4280 7
2386 5461 3
2387 8859 2
2387 3117 15
2387 2748 17
2387 6244 11
2388 4315 16
2388 5604 16
2388 2587 17
2388 3117 18
2389 3212 10
2389 7216 14
2389 4643 5
2389 8653 2
2390 3625 12
2390 8079 10
2390 3387 5
2390 9446 1
2390 4912 3
2391 6693 3
2391 9982 17
2392 5493 14
2392 9245 13
2392 3901 17
2392 2843 6
2392 4736 16
2393 3678 6
2393 5295 13
2394 9205 8
2394 8325 10
2394 3400 2
2395 7921 3
2395 3148 17
2395 6173 18
2395 3933 3
2395 6575 10
2395 8713 19
2395 7459 15
2396 5277 15
2396 7083 9
2396 5977 4
2396 9044 18
2397 4476 3
2397 5593 17
2397 3452 5
2398 9015 15
2399 4193 3
2399 5654 12
2399 4105 4
2399 7663 7
2400 9952 4
2400 8491 19
2400 4969 9
2401 5247 17
2401 2741 6
2401 7349 18
2401 5484 18
2401 9643 5
2401 4402 15
2402 8921 14
2402 3652 8
2402 5464 9
2402 6570 7
2402 2432 20
2402 7695 9
2403 6250 14
2403 6798 8
2403 9984 12
2404 9983 15
2404 7595 4
2404 2603 18
2404 7881 17
2404 9299 13
2404 7739 18
2404 8510 7
2405 6549 11
2405 9991 9
2406 9376 16
2406 6618 8
2406 4841 15
2406 8887 10
2406 5219 11
2407 4066 15
2408 5580 4
2408 6379 10
2409 9399 15
2409 8792 6
2409 6684 15
2410 8174 9
2410 8821 15
2411 7135 20
2411 2964 7
2411 2986 4
2411 3610 20
2412 6655 18
2412 7899 1
2412 8971 15
2412 8698 3
2412 8544 5
2412 3297 8
2413 7552 7
2413 8459 14
2413 7195 15
2413 4759 17
2413 4271 4
2414 3262 5
2414 7167 4
2414 4569 11
2414 4166 12
2414 5788 9
2414 4920 6
2414 3048 8
2414 3994 15
2414 2560 8
2415 9854 19
2415 8308 19
2415 6043 15
2415 8454 15
2415 3994 1
2415 6500 9
2416 8182 4
2416 4368 9
2416 3283 11
2416 3933 18
2416 7387 18
2416 3618 14
2417 3997 3
2417 9764 7
2417 8041 13
2417 5913 9
2417 6631 7
2418 7318 5
2418 8102 8
2418 5594 12
2418 9788 19
2419 5752 2
2419 3982 13
2419 5769 8
2419 7510 5
2419 6268 17
2420 3938 15
2420 6007 15
2420 4443 11
2420 5827 11
2420 8139 9
2421 3968 17
2421 6399 10
2421 5447 2
2421 7247 1
2421 5171 10
2421 6858 5
2422 3308 3
2422 4281 1
2422 7809 20
2422 2479 19
2423 6109 16
2423 6513 19
2423 6722 17
2423 9836 17
2423 4446 11
2423 9456 15
2423 2693 14
2423 2967 1
2424 8131 3
2424 9570 19
2424 9093 13
2424 5280 14
2424 6988 13
2425 6460 15
2425 8548 19
2425 4492 7
2425 9430 19
2426 9052 19
2426 9711 6
2426 9047 16
2427 7592 18
2427 6960 7
2427 5481 13
2427 2912 2
2428 9283 16
2429 3094 19
2429 7235 17
2429 7647 20
2430 9966 2
2430 5370 19
2430 7848 16
2430 9572 18
2430 6293 20
2430 3844 6
2430 5562 1
2430 9113 16
2430 4768 19
2431 9437 17
2431 3660 8
2431 8055 8
2431 5818 17
2431 8866 3
2431 4726 1
2431 4441 4
2432 5307 7
2432 9097 13
2433 3986 5
2433 4766 9
2433 2624 1
2433 7463 17
2434 8022 7
2434 4819 3
2434 6619 20
2434 2567 11
2434 5701 5
2434 5101 13
2434 8368 9
2434 3442 13
2435 9147 16
2435 5993 10
2435 3095 9
2435 7011 11
2435 3980 14
2435 3791 7
2436 9686 6
2436 2543 5
2436 7070 11
2436 4942 1
2436 2450 12
2437 4594 10
2437 9828 13
2437 9908 15
2438 8312 17
2438 3243 17
2438 5536 10
2439 3948 17
2439 7156 18
2439 4251 1
2439 4556 12
2440 9932 19
2440 9492 11
2440 9695 9
2440 7357 16
2440 3942 10
2440 5237 6
2440 7100 1
2440 3645 1
2440 9482 5
2440 8647 18
2440 9420 19
2441 3683 5
2441 4803 8
2441 9033 10
2441 3906 8
2442 8093 15
2442 5100 4
2443 7418 10
2444 9221 6
2444 4913 10
2444 7421 7
2444 7772 17
2444 9456 17
2444 4113 2
2444 8743 4
2444 9817 8
2445 8399 15
2445 6766 6
2445 3588 9
2445 2968 20
2445 9715 6
2445 5473 18
2445 8577 18
2446 4467 10
2446 8948 2
2446 9963 19
2446 3012 13
2446 4301 20
2447 6544 14
2447 7324 11
2447 9258 16
2447 4721 8
2447 8609 17
2447 5656 11
2448 9382 8
2448 8864 15
2448 3968 11
2448 5162 4
2449 8991 6
2449 6449 5
2449 3135 1
2449 2632 16
2450 6877 5
2450 7749 3
2450 9255 11
2450 4831 19
2450 3984 18
2451 6790 2
2451 4621 11
2451 8944 13
2451 5239 1
2451 5660 6
2452 2988 6
2452 5190 5
2452 4310 9
2453 5789 16
2453 5364 2
2453 5744 8
2453 6691 6
2454 8135 3
2454 3927 8
2454 5543 7
2454 9609 15
2454 3668 18
2454 9152 1
2455 8792 2
2455 4438 13
2455 7558 18
2455 4830 10
2456 3086 1
2456 6638 20
2456 9414 14
2456 8936 9
2456 2847 5
2457 3967 19
2457 5831 8
2458 6274 18
2458 9686 12
2458 8853 11
2458 3653 12
2459 2656 2
2459 4559 15
2459 9770 19
2459 2839 7
2460 8227 6
2460 9788 1
2461 3465 2
2461 4940 17
2461 7640 5
2461 8662 5
2461 7592 10
2462 3779 9
2463 5461 19
2463 2936 4
2463 6299 8
2463 3289 2
2463 4438 13
2463 8354 4
2464 9663 1
2464 7591 17
2464 9511 12
2465 3346 11
2465 4919 16
2465 7514 2
2465 4241 9
2465 6539 4
2465 7564 19
2466 4016 7
2466 8897 14
2466 5629 9
2467 3474 1
2467 3489 13
2467 6272 9
2468 3240 4
2468 6402 12
2468 3623 4
2468 7063 4
2468 9340 17
2468 5931 5
2469 8199 6
2469 4668 6
2469 9705 10
2469 3170 4
2469 7734 8
2469 9471 6
2469 5419 19
2470 2768 12
2471 8214 2
2471 9297 3
2471 9295 1
2472 2583 5
2472 9555 8
2472 4781 6
2472 7452 7
2473 7205 6
2473 9413 4
2473 5517 7
2474 9714 19
2474 9801 19
2474 6386 5
2474 9561 18
2474 9697 11
2474 9660 17
2474 9700 4
2475 2917 10
2476 9695 6
2476 8444 16
2476 8334 8
2476 8912 11
2476 3139 2
2477 3030 6
2477 7499 5
2478 9104 4
2478 3460 9
2479 7856 20
2479 5398 3
2479 5677 13
2479 9791 3
2480 3490 2
2480 2858 3
2480 2975 20
2480 5527 19
2480 6503 11
2480 5596 8
2480 4581 5
2481 6765 3
2481 7702 1
2481 4067 11
2481 9415 20
2482 7587 16
2482 9233 17
2483 4365 10
2483 8677 6
2483 6418 18
2483 6959 3
2483 7246 10
2483 7775 8
2483 2674 11
2484 3309 4
2484 6841 20
2484 9689 10
2484 3895 4
2484 7422 20
2484 4190 19
2485 3695 15
2485 7469 20
2485 9380 18
2485 9657 3
2486 7568 16
2486 6779 14
2486 9845 8
2486 5402 1
2486 4032 4
2487 3372 20
2487 2896 4
2487 5944 4
2488 2495 12
2488 3543 9
2488 3953 7
2489 3079 4
2489 3927 14
2489 8498 15
2489 7563 2
2490 2674 3
2490 7927 10
2490 7524 4
2491 3707 1
2492 6325 10
2492 4818 18
2492 9983 17
2493 5413 5
2493 8306 1
2493 5055 14
2493 9100 9
2494 8785 12
2494 9301 13
2494 3237 5
2494 9933 1
2494 8115 1
2494 6457 20
2494 6199 18
2494 6852 7
2494 8237 6
2495 5265 16
2495 2645 7
2495 7107 14
2495 2917 12
2496 9266 5
2496 8384 19
2496 8973 7
2496 3716 20
2496 5424 15
2496 6228 5
2496 6508 12
2496 9421 5
2497 4836 2
2497 2721 11
2497 9709 13
2497 2622 12
2497 5334 14
2497 2710 15
2498 4059 20
2498 5850 4
2498 6230 14
2498 7499 15
2499 4802 3
2499 7317 5
2499 3369 15
2500 7770 20
2500 9451 10
2500 8388 9
2500 6207 1
2501 8808 4
2501 5458 8
2501 5590 1
2501 2852 12
2502 6987 19
2502 4960 15
2502 5592 5
2502 2931 11
2502 3550 7
2502 6887 8
2503 3505 6
2503 9057 10
2503 2722 19
2503 8186 15
2504 3258 2
2504 9869 15
2504 5515 7
2504 3464 1
2504 3808 13
2505 9188 18
2505 7869 14
2505 4720 18
2505 8411 17
2506 7135 16
2506 6455 18
2507 4982 14
2507 9892 4
2507 4598 19
2507 2537 6
2507 4989 2
2508 7772 5
2508 4780 5
2508 8269 18
2508 8662 12
2509 7454 10
2509 3617 2
2509 2898 9
2509 7850 1
2509 9818 5
2509 9381 13
2509 8941 3
2509 9754 14
2509 8227 13
2509 4804 17
2509 6235 9
2510 8516 11
2511 3530 2
2511 3830 4
2511 9310 11
2511 6399 14
2511 3129 5
2512 6191 6
2512 6387 11
2513 7371 18
2513 7315 9
2513 3991 17
2513 4329 4
2514 2873 20
2514 4476 1
2514 6876 14
2514 5867 1
2514 8177 10
2514 5824 11
2514 2987 20
2514 6308 18
2515 8213 6
2515 3753 15
2515 8120 18
2516 8043 3
2516 5114 10
2516 9317 16
2516 4589 2
2517 8741 11
2517 7444 14
2517 8819 10
2517 3572 20
2517 3183 15
2518 5285 4
2518 6729 16
2518 6800 5
2518 9682 19
2518 9076 4
2518 3639 6
2519 5300 13
2519 9730 19
2519 8815 17
2519 2760 4
2519 3471 11
2520 2766 8
2520 3877 8
2520 5825 9
2520 7429 12
2520 9118 8
2521 5824 7
2521 7074 18
2521 8146 10
2521 9205 7
2521 2869 1
2521 4387 20
2522 8165 5
2522 5670 14
2522 6131 20
2522 2570 15
2522 8971 17
2522 7597 17
2523 7438 7
2523 7080 7
2523 6328 4
2523 4282 2
2523 5404 6
2523 3543 2
2524 8192 17
2524 7686 11
2524 4093 5
2524 8407 2
2525 4139 12
2525 9035 13
2525 9757 9
2525 9098 11
2525 3171 20
2525 5751 17
2525 6694 1
2525 3298 7
2525 7739 9
2526 2804 9
2526 4390 2
2526 6577 11
2526 7531 18
2526 3552 12
2526 6236 14
2527 6172 12
2527 6225 20
2527 6835 12
2527 3016 3
2527 6907 19
2527 4021 16
2527 6438 9
2527 3405 8
2527 3859 20
2527 6690 12
2528 9633 2
2528 7330 9
2528 7604 10
2529 9210 10
2529 8621 19
2530 8278 5
2531 6797 1
2531 3994 19
2531 6313 12
2531 5607 9
2532 6658 11
2532 3569 12
2532 9355 9
2532 8331 20
2532 9729 3
2532 3240 6
2532 7535 17
2532 2625 7
2533 9005 3
2533 6708 4
2534 5777 15
2534 4738 19
2534 2769 10
2534 5090 19
2534 5050 10
2535 3485 9
2535 6980 5
2535 3106 6
2535 3662 17
2535 9358 8
2535 6166 5
2535 3497 20
2535 7579 19
2535 5151 11
2535 9006 17
2535 7005 15
2536 3111 10
2536 5720 5
2536 9670 15
2537 4336 20
2538 5333 14
2539 6084 8
2539 8702 1
2539 4485 9
2539 8980 20
2539 7749 11
2539 9811 11
2539 9110 1
2539 2930 19
2540 3673 10
2540 8287 15
2540 5018 18
2540 9875 13
2540 9636 10
2540 3167 3
2540 4862 14
2541 5671 7
2541 2564 18
2541 5867 18
2542 2826 6
2542 7411 17
2542 5902 3
2543 9887 1
2543 2827 11
2543 7973 19
2543 5835 6
2543 3011 12
2543 9889 4
2544 4300 6
2544 4435 4
2544 5857 4
2544 4111 17
2544 7614 19
2544 6850 10
2545 8788 13
2545 7546 6
2545 9240 8
2545 9046 4
2546 9064 3
2547 3527 14
2547 8414 13
2547 4252 12
2548 2947 12
2548 8618 13
2548 2862 8
2548 3106 14
2548 7754 8
2548 7202 1
2549 8629 2
2549 6356 10
2549 2567 7
2549 4211 7
2549 3508 11
2549 9121 19
2549 5341 2
2550 6479 3
2550 4717 12
2550 8886 13
2550 3443 10
2550 5046 1
2551 4973 15
2551 8930 12
2551 8813 11
2551 8497 13
2551 3085 19
2551 7338 10
2551 8102 3
2551 7066 9
2553 7101 13
2553 5639 15
2553 9230 7
2553 4300 11
2553 5090 20
2553 4252 5
2554 7685 17
2554 5027 7
2555 5833 20
2555 6495 13
2555 7970 5
2556 7465 12
2556 7286 16
2556 8569 15
2556 8874 9
2556 6611 4
2557 5827 13
2557 6754 4
2557 7850 14
2557 8694 12
2557 2783 14
2558 9006 13
2558 7984 11
2559 9547 15
2559 8623 13
2559 7051 10
2559 5944 1
2559 9742 13
2560 8301 7
2560 5731 8
2560 9727 13
2560 4055 12
2560 4884 11
2560 3099 17
2560 4332 13
2561 8740 4
2561 9924 15
2561 8726 4
2561 7713 3
2561 7510 2
2562 5304 14
2562 5215 19
2562 8253 14
2562 5909 15
2563 7021 19
2563 5966 13
2563 6778 20
2564 5967 8
2564 4227 20
2564 3427 6
2565 6595 9
2565 7999 19
2565 5158 14
2566 6387 5
2566 2858 8
2566 7936 10
2566 9972 10
2567 8307 7
2567 6296 14
2567 9361 20
2567 4384 6
2567 8043 17
2568 2784 11
2568 9588 3
2568 6186 12
2569 6941 14
2569 3295 6
2569 7962 17
2569 3793 7
2570 5709 16
2570 2750 20
2570 9607 10
2570 8414 15
2571 8283 15
2571 4638 10
2571 2910 3
2571 9729 16
2571 2819 7
2571 9834 8
2571 3202 8
2571 8328 14
2572 6445 2
2572 5925 4
2572 6407 2
2572 3251 16
2572 3677 18
2572 5107 14
2572 5361 16
2572 5346 13
2572 8108 2
2572 4143 12
2573 8104 7
2573 9990 10
2573 3355 11
2573 3320 2
2573 4512 7
2574 9996 11
2574 9282 18
2574 7664 4
2574 9474 14
2575 9361 12
2575 5475 10
2575 7566 20
2575 4796 18
2576 3954 2
2576 9330 13
2576 7008 4
2577 4179 17
2577 7595 10
2577 5867 13
2578 5585 10
2578 3062 18
2578 4259 16
2578 9736 13
2578 3395 1
2578 5126 17
2578 6200 12
2578 5083 15
2578 6873 13
2579 8701 10
2579 6806 14
2579 5270 1
2580 4914 7
2580 7157 13
2580 4483 7
2580 6797 6
2580 5074 10
2580 5511 5
2580 4088 18
2581 6674 14
2581 3350 13
2581 9769 6
2581 4467 5
2581 3836 16
2582 4825 4
2582 9150 20
2582 7154 5
2583 8190 3
2583 2795 15
2583 6057 8
2583 7685 14
2583 7903 13
2584 4669 11
2584 6472 14
2584 3543 14
2585 4089 15
2585 8370 8
2585 3084 20
2585 2783 2
2585 7185 13
2585 8171 2
2585 4199 16
2586 4719 6
2586 3248 16
2586 4933 16
2587 6666 6
2587 3927 7
2587 2814 14
2587 6843 12
2587 9546 15
2587 9424 14
2587 7527 3
2587 3241 9
2587 2957 15
2588 8955 14
2588 7230 14
2588 7569 12
2589 7202 16
2589 5201 4
2589 2881 14
2589 3277 9
2589 6396 1
2589 2609 6
2590 7840 6
2590 3976 13
2590 5878 4
2591 7123 5
2591 8747 7
2591 9730 9
2591 2781 19
2591 9950 9
2592 6157 11
2592 8413 15
2592 4373 6
2593 5861 9
2593 9300 9
2593 9202 20
2593 6426 3
2593 3985 15
2594 3920 14
2594 8733 9
2594 6785 18
2594 5662 6
2594 7394 14
2594 6570 4
2594 9318 10
2594 2960 17
2595 9441 3
2595 7166 1
2595 8548 19
2595 3275 20
2595 8924 11
2595 7413 16
2596 6315 17
2597 8275 3
2597 4622 18
2598 5849 8
2598 5046 7
2598 7595 17
2598 4875 1
2598 4277 16
2598 7513 1
2599 8240 8
2600 5962 8
2600 6135 4
2600 6496 12
2600 3644 13
2601 7778 14
2601 4330 16
2601 7148 1
2601 8495 11
2601 8283 7
2602 8610 8
2602 7338 2
2603 3015 18
2603 4147 11
2603 9573 3
2603 7377 20
2603 4314 18
2603 7944 7
2604 4489 18
2604 8563 13
2604 3386 2
2604 3145 13
2605 7903 19
2605 9058 13
2605 2828 6
2605 3613 10
2605 8681 20
2605 7365 18
2605 7097 20
2606 2926 12
2606 7348 14
2606 6693 19
2606 5280 3
2606 6363 3
2607 7305 2
2607 3796 7
2607 9536 1
2607 4009 18
2607 5400 19
2608 2935 15
2608 4900 12
2608 5922 17
2608 9797 13
2608 6355 7
2608 8864 18
2608 4188 1
2609 4011 9
2609 4273 2
2609 6076 10
2609 7074 9
2610 3110 4
2610 3309 13
2610 7820 3
2610 6639 13
2610 6588 13
2610 6557 4
2610 7680 7
2610 8490 1
2610 2897 13
2610 4706 7
2611 8276 11
2611 8776 10
2612 6865 17
2612 8850 12
2612 6505 7
2612 5517 19
2612 3667 14
2612 8509 3
2613 9307 1
2613 6932 10
2613 6331 17
2613 4277 1
2614 3524 17
2614 8705 18
2614 4254 1
2615 6924 11
2615 3813 16
2615 9472 9
2615 6909 19
2615 6516 17
2616 5364 16
2616 5026 12
2616 5087 17
2616 9433 9
2617 5104 2
2617 8790 6
2617 6977 10
2617 9239 19
2618 9205 8
2618 7984 17
2618 5825 15
2618 3263 3
2618 6102 7
2618 8998 18
2618 3415 20
2619 6204 20
2619 6363 5
2619 8570 15
2619 9227 19
2619 7040 8
2619 6777 11
2619 2650 10
2620 3427 9
2620 8364 9
2621 6916 11
2621 8406 18
2621 9369 20
2621 2793 1
2621 6823 11
2621 4638 15
2621 5825 7
2621 2729 2
2621 2715 4
2622 9381 19
2622 7909 20
2622 8225 11
2622 5194 5
2623 5422 13
2623 3341 3
2623 9073 9
2623 9518 12
2623 4391 15
2623 7936 17
2624 9853 6
2624 7157 10
2624 8227 12
2624 6297 13
2624 7603 14
2624 6306 8
2625 7190 14
2625 5349 7
2625 7879 2
2625 3059 12
2625 2812 4
2626 4469 5
2626 3260 17
2626 6034 3
2626 4214 14
2626 8786 7
2627 8245 15
2627 8553 20
2627 4778 19
2627 9231 14
2627 6846 8
2628 3983 3
2628 4417 15
2628 5652 8
2628 3039 7
2628 4478 7
2629 5526 18
2629 8308 12
2629 9135 13
2630 5770 18
2630 7707 8
2630 7110 13
2631 4201 19
2631 4311 11
2631 3048 15
2632 8773 2
2632 3571 2
2632 8376 4
2633 6375 11
2633 6517 2
2633 7478 8
2633 4761 9
2634 8770 7
2634 7567 4
2634 4532 14
2635 8416 5
2635 9697 20
2635 4646 6
2635 5415 7
2636 4695 11
2636 9568 13
2636 2994 6
2636 9496 4
2636 9962 8
2637 3014 9
2637 6079 7
2638 5467 8
2638 4386 12
2639 7387 15
2639 9123 3
2639 8667 6
2639 3912 1
2639 4082 11
2639 4337 16
2639 4191 10
2641 6732 20
2641 3897 5
2641 4753 3
2641 3188 8
2641 5172 18
2641 7229 14
2641 3870 1
2642 4611 13
2642 8834 17
2643 2920 6
2643 4573 17
2643 6297 20
2643 2891 15
2643 4711 5
2643 5714 17
2644 8750 15
2644 9475 2
2644 6125 5
2644 7500 9
2644 3494 12
2645 6496 13
2646 6126 10
2646 5104 11
2646 8282 8
2646 7762 4
2646 6387 2
2646 4468 16
2647 4291 13
2647 3585 19
2647 5587 2
2647 2712 16
2648 6934 1
2648 6241 1
2649 9499 19
2649 8343 13
2649 8410 2
2650 4994 18
2650 3748 19
2650 6650 14
2650 2821 15
2650 9898 10
2651 6808 9
2651 4294 8
2651 9062 11
2651 3705 19
2651 3413 8
2651 8596 9
2652 3896 12
2652 8011 16
2652 9801 3
2652 7258 14
2652 8432 4
2653 2697 12
2653 5928 14
2653 2676 7
2653 4657 8
2653 6598 13
2653 9881 1
2653 7366 14
2653 7497 3
2653 7935 1
2654 3394 3
2654 6790 8
2654 9218 6
2654 8104 7
2654 4791 3
2655 3271 6
2655 3296 7
2655 9928 1
2655 3697 8
2655 3720 13
2655 5369 16
2656 4547 6
2656 7215 14
2656 5934 17
2657 6420 10
2657 4825 15
2657 7924 8
2658 2962 2
2658 5384 18
2658 5152 3
2659 4886 14
2659 3734 20
2659 2941 2
2660 9266 7
2660 4449 11
2661 4903 1
2661 6466 7
2661 3973 9
2661 5429 5
2662 3878 2
2662 6438 13
2662 5417 5
2662 7811 17
2662 9265 20
2662 2777 11
2662 4228 17
2662 6061 1
2663 8743 9
2663 4261 5
2663 6207 10
2663 5211 18
2663 5349 11
2663 6424 4
2664 5977 3
2664 3695 14
2664 8892 17
2664 9144 18
2664 4006 8
2664 5091 19
2666 8873 6
2666 7648 3
2666 8543 3
2667 5548 10
2667 6589 8
2667 9419 13
2667 7712 16
2668 9529 18
2668 6830 12
2668 3434 17
2668 9608 15
2668 6589 8
2668 2806 7
2668 9653 9
2669 9375 13
2669 6365 13
2669 5081 16
2669 9174 14
2669 3342 13
2669 4910 17
2669 3509 5
2670 5683 20
2670 5618 7
2670 4633 2
2671 7441 1
2671 3126 16
2672 5036 7
2672 2929 16
2672 4144 1
2672 4625 8
2672 5691 17
2672 7537 15
2673 2770 16
2673 3319 10
2673 9759 14
2673 4559 9
2674 9825 8
2674 9700 17
2674 5114 11
2674 6451 1
2675 6385 17
2675 6255 17
2675 6951 6
2675 5632 12
2675 8294 15
2675 8205 1
2676 8565 10
2676 5209 9
2676 7158 11
2676 7802 12
2676 3415 9
2676 2893 6
2676 8711 18
2677 4010 8
2677 9021 12
2677 7239 17
2677 4176 18
2677 6053 16
2677 5954 9
2678 7758 6
2678 9227 4
2679 5640 2
2679 7653 19
2679 2941 9
2679 7066 8
2679 4262 18
2679 8726 2
2679 2919 12
2679 3052 10
2680 5847 15
2680 5016 19
2680 7792 9
2680 8233 17
2680 8899 19
2681 7496 17
2681 3715 8
2681 5785 1
2681 6234 4
2681 7180 17
2681 8673 14
2682 5576 2
2683 4728 18
2683 5241 1
2683 7281 15
2683 3308 12
2684 3933 8
2684 6997 19
2684 8305 8
2684 7698 19
2685 6115 18
2685 5921 12
2685 4280 13
2685 7256 15
2686 3304 14
2686 9411 1
2686 6944 1
2687 9911 9
2687 7081 6
2688 9999 16
2688 6963 2
2688 4525 19
2688 7796 17
2689 8052 8
2689 3236 20
2689 8341 14
2689 6833 11
2689 5199 10
2690 5032 17
2690 8591 19
2690 7838 10
2690 8833 7
2691 8834 7
2691 9114 17
2691 6853 1
2691 6705 12
2692 6580 7
2693 7365 14
2693 6633 8
2693 7311 9
2693 4801 15
2694 5394 3
2694 8099 13
2694 6366 16
2695 4210 17
2695 5375 2
2695 3253 9
2695 6044 15
2695 8710 18
2696 6013 2
2696 7246 12
2696 8214 10
2696 9293 9
2697 6209 12
2697 4527 5
2697 7080 19
2698 3715 6
2698 9275 12
2698 8693 17
2698 4565 6
2698 5217 9
2698 3742 19
2698 9071 4
2698 3392 10
2699 8790 18
2699 9889 1
2699 5926 18
2699 4987 15
2699 5329 9
2699 7400 11
2700 4141 19
2700 6233 6
2700 6131 4
2701 6609 17
2701 5506 19
2701 9855 7
2701 8899 4
2701 3452 2
2702 5283 12
2702 6985 17
2702 5077 16
2702 3600 13
2702 3238 17
2703 7066 13
2703 7187 20
2703 7139 9
2703 3899 13
2703 7876 3
2704 7657 18
2704 8724 9
2704 8509 3
2704 7874 13
2704 9485 11
2705 9007 16
2705 7058 3
2705 4028 9
2705 7225 4
2705 7232 16
2705 5960 18
2706 5075 15
2706 9896 10
2706 6998 4
2706 5607 1
2707 8055 11
2707 9027 13
2708 6487 14
2708 7197 7
2708 8578 5
2709 4430 14
2709 4345 6
2709 9778 9
2710 5257 14
2710 4768 7
2710 5012 2
2710 5215 6
2711 6092 11
2711 7172 16
2711 5880 18
2712 7170 14
2712 5903 11
2712 8639 8
2712 5035 11
2713 7207 16
2713 2843 18
2713 8085 13
2713 9550 14
2713 9840 13
2713 3673 15
2713 7759 7
2713 4753 14
2714 5105 1
2714 8380 8
2714 7855 5
2714 5085 4
2715 7524 4
2715 8123 6
2715 8297 9
2716 6993 11
2716 6729 18
2716 7162 14
2716 7758 3
2717 8423 12
2717 4795 9
2718 5039 16
2718 3643 20
2718 7891 19
2718 7982 17
2719 8753 10
2719 8463 9
2719 6654 4
2719 9065 18
2720 6639 12
2720 9460 3
2721 9845 20
2721 4550 20
2721 9470 14
2721 9803 17
2722 3233 7
2722 3756 6
2722 2765 16
2722 3318 14
2722 9266 5
2722 9732 18
2723 9763 19
2723 7432 2
2723 9961 17
2723 7046 5
2724 3872 8
2724 2786 16
2725 7269 4
2725 6783 1
2725 7469 12
2725 9815 19
2725 4808 14
2725 7123 1
2725 8288 6
2725 3387 7
2726 8391 8
2726 8851 20
2726 4322 17
2726 6347 1
2726 9954 9
2726 7527 15
2726 4513 8
2727 6921 5
2727 4095 16
2727 3265 6
2727 9144 5
2727 3914 9
2727 8160 7
2727 3701 16
2727 8108 11
2727 7716 18
2728 9379 4
2728 5326 4
2728 7289 14
2728 8325 5
2730 7272 12
2730 4907 19
2730 5105 13
2730 9911 20
2730 8201 15
2730 9737 3
2731 9583 17
2731 8690 12
2731 5932 3
2731 4732 4
2732 6909 9
2732 8697 15
2732 6969 15
2732 6022 15
2733 9091 4
2733 2955 13
2733 4333 7
2733 6571 4
2733 8352 11
2733 5236 20
2733 6194 7
2734 6024 17
2734 3450 2
2734 5219 20
2734 6679 13
2734 9385 5
2734 9102 15
2734 7888 17
2734 4227 13
2735 4247 4
2735 9816 3
2735 7788 17
2735 6790 19
2736 2750 3
2736 9535 19
2736 7012 6
2736 4168 18
2736 7447 8
2737 4648 9
2738 3471 9
2738 8908 2
2739 8964 5
2739 5523 14
2739 2914 2
2739 9260 17
2740 8006 8
2740 7211 11
2740 7432 18
2740 9713 18
2740 3102 19
2741 6782 15
2741 9603 10
2741 3221 7
2741 6415 12
2741 4172 10
2742 8814 2
2742 5363 17
2742 9833 11
2742 6904 18
2742 3050 10
2742 2841 6
2742 3578 1
2742 7187 10
2743 8333 20
2743 9615 12
2743 7707 9
2743 6328 20
2743 7430 6
2743 6949 17
2744 3115 16
2744 6475 13
2744 6397 15
2745 5527 11
2745 4893 14
2745 3608 15
2745 3434 11
2745 7822 8
2746 6399 17
2746 4278 14
2746 6726 14
2746 3166 18
2747 4333 17
2747 9428 3
2747 8442 10
2747 4563 11
2748 7712 7
2748 5749 19
2748 3357 5
2748 5650 10
2748 8158 3
2748 3115 7
2749 6043 7
2749 5425 16
2749 4718 7
2749 6989 7
2749 6567 6
2750 5234 13
2750 2838 10
2750 2974 2
2750 7327 17
2751 6934 4
2751 4709 20
2751 7946 10
2751 7182 10
2752 4913 10
2752 6290 18
2753 6801 19
2753 7648 2
2753 6655 5
2753 4465 1
2753 3683 17
2754 6896 10
2754 5228 5
2755 7492 15
2755 8876 8
2755 4016 12
2755 2902 20
2755 9774 19
2755 9771 4
2755 4398 19
2756 7550 5
2756 7068 3
2756 3588 11
2756 6269 16
2756 7566 17
2757 8335 14
2757 9576 9
2757 3600 9
2757 3852 17
2758 8827 6
2758 6619 19
2758 5473 14
2758 8947 3
2758 7494 6
2758 6775 1
2758 3733 11
2759 6403 5
2759 8056 17
2759 7983 15
2759 4661 1
2759 6609 2
2760 3148 4
2760 9176 19
2761 8577 2
2761 5288 13
2761 3590 6
2761 4661 10
2761 5616 14
2762 8234 12
2762 3430 5
2762 3899 3
2763 4702 5
2763 5655 5
2764 7120 12
2765 5740 13
2765 9100 5
2765 5097 9
2765 8227 10
2765 5986 8
2765 9177 15
2765 8024 14
2765 5662 5
2766 8334 20
2766 7831 5
2767 6313 2
2767 6244 14
2767 3995 14
2767 7638 12
2768 8875 9
2768 8763 12
2769 6844 14
2769 4230 14
2769 3068 16
2769 5925 2
2769 6482 7
2770 9472 15
2770 7950 2
2771 8438 15
2771 9251 2
2771 2940 3
2772 5185 2
2772 8237 19
2772 4742 12
2773 5770 12
2773 4994 16
2773 3402 12
2773 8376 8
2773 7082 17
2773 6484 17
2774 3664 5
2774 4087 11
2775 7714 15
2775 9848 18
2775 6251 9
2775 8033 7
2776 3795 15
2776 8248 3
2776 7859 4
2776 6364 16
2777 6237 3
2777 7197 18
2777 2968 12
2777 7467 13
2778 8537 20
2778 8057 4
2778 3218 3
2778 8499 16
2778 4041 18
2778 6265 3
2778 6950 17
2778 3743 18
2779 8112 16
2779 5587 11
2779 8500 17
2780 7752 3
2780 4843 12
2780 8016 18
2780 6217 19
2780 4208 4
2780 8616 17
2780 8880 14
2780 7045 5
2780 3691 8
2781 5531 20
2781 4362 7
2781 5947 15
2781 4093 17
2782 5732 9
2783 4264 2
2783 5270 17
2783 4966 15
2783 6440 3
2783 7674 19
2784 6403 12
2784 8449 16
2785 2950 3
2785 4918 12
2785 8720 13
2785 3350 6
2785 9447 4
2785 4524 1
2787 6151 2
2787 6028 1
2787 9648 9
2787 3737 16
2787 6337 3
2787 5672 19
2788 4830 10
2788 2920 2
2788 9747 14
2789 5162 11
2789 9450 14
2789 6462 17
2789 8224 11
2789 6126 19
2790 4185 2
2790 4422 2
2790 3058 7
2790 5001 15
2790 8012 1
2791 7814 18
2791 8745 14
2791 9527 3
2791 5750 10
2791 9120 14
2792 3467 7
2792 5490 19
2792 8991 3
2792 9716 2
2792 2794 5
2793 7871 15
2793 5384 10
2793 9040 6
2793 6211 7
2793 6242 16
2793 8632 17
2793 4735 7
2794 3594 15
2794 9621 14
2794 6013 5
2794 6254 8
2794 5441 4
2795 2890 9
2795 7989 16
2795 9396 1
2795 9114 3
2795 8431 5
2796 9683 13
2796 7176 1
2796 4794 12
2796 8158 14
2796 4820 6
2797 5210 20
2797 8380 5
2797 8113 13
2797 5345 13
2797 7042 19
2797 2812 6
2798 4781 8
2798 4624 13
2798 6299 5
2798 9076 2
2798 4518 4
2798 8742 8
2798 4706 10
2798 7300 5
2799 4835 4
2800 6847 9
2800 9365 17
2800 6566 16
2801 5320 14
2802 3370 8
2802 5129 1
2802 9265 5
2802 5508 19
2803 8751 17
2803 3668 13
2803 9853 5
2803 5824 17
2803 3987 4
2803 9796 3
2804 6852 18
2805 8274 1
2805 5863 7
2805 3735 4
2805 7185 19
2806 4011 13
2806 8922 17
2806 9418 18
2807 8633 11
2807 9197 7
2807 6572 12
2807 7440 19
2808 8322 3
2808 7513 7
2809 4127 12
2809 7737 17
2809 8627 6
2810 6270 14
2810 9137 8
2810 8451 16
2810 8170 10
2811 8919 15
2811 6879 17
2811 6639 17
2811 7856 17
2812 7526 5
2812 5425 10
2812 6939 11
2813 4259 20
2813 7817 4
2813 5838 20
2813 5330 17
2813 6425 16
2814 8800 18
2814 5332 4
2814 9748 7
2814 8871 7
2814 7231 19
2814 8677 4
2814 9268 16
2814 2992 5
2815 5321 7
2815 6279 5
2815 6613 18
2815 5585 17
2815 7864 6
2815 5657 8
2815 8917 20
2815 8879 6
2816 6627 15
2816 9701 11
2816 8611 10
2816 9922 3
2818 8189 7
2818 9370 17
2819 4936 16
2819 7327 2
2819 7712 12
2820 6961 11
2820 5188 10
2820 4174 10
2820 6369 1
2820 5735 11
2820 3145 10
2820 6773 16
2821 5604 11
2821 9887 12
2821 9062 7
2822 5658 6
2822 9896 10
2823 4478 4
2823 4860 7
2823 3846 14
2823 6290 20
2823 7436 2
2824 6868 16
2824 3442 2
2824 8340 6
2824 6872 10
2824 5202 19
2825 4032 20
2825 4911 4
2825 6166 9
2825 4971 4
2825 8863 1
2825 3306 16
2826 7501 4
2826 6150 16
2826 3255 18
2826 4550 15
2826 4963 17
2826 6071 19
2827 8832 14
2827 3969 16
2828 7406 12
2828 4918 7
2828 6845 13
2828 7443 1
2829 6880 1
2829 5454 9
2830 7717 11
2830 7116 10
2830 5444 11
2830 6306 16
2830 4356 20
2830 5050 10
2831 6990 5
2832 7357 16
2832 7999 12
2832 8902 8
2832 3589 15
2832 9547 7
2832 8405 15
2833 4097 7
2833 6705 6
2833 3241 13
2833 5773 19
2833 3407 12
2833 3762 7
2834 9850 15
2834 5479 5
2835 3869 9
2835 6774 10
2835 9940 9
2835 5453 19
2836 8284 16
2836 6852 4
2836 6269 6
2837 7531 6
2838 8804 13
2838 3087 19
2838 4320 11
2839 3268 3
2839 9239 10
2839 3379 8
2839 6846 14
2839 7110 20
2839 4727 6
2839 3841 2
2840 8893 2
2840 3689 19
2840 9840 4
2841 3460 5
2841 5496 12
2841 8521 17
2841 9139 12
2842 3232 8
2842 4270 10
2842 5998 2
2842 7586 5
2842 8629 20
2842 3160 16
2842 4852 1
2843 9898 17
2843 7244 19
2843 7454 12
2844 4123 8
2844 5119 17
2844 7712 20
2844 8701 16
2845 9709 1
2845 9333 14
2845 6696 9
2845 8436 2
2845 4417 3
2846 2885 7
2846 6604 16
2846 4725 9
2846 8320 18
2846 4269 19
2847 3929 13
2847 8418 16
2847 8033 18
2847 6951 5
2847 3867 14
2847 4834 8
2847 7070 16
2848 6171 13
2848 4849 20
2848 8640 5
2848 8438 9
2849 8046 13
2849 3537 3
2849 9130 1
2850 6292 11
2850 6668 19
2851 9324 20
2851 7257 8
2851 9703 4
2852 5922 18
2852 7862 1
2852 3483 10
2852 6294 10
2852 4885 16
2852 5614 20
2852 7282 10
2852 8922 1
2852 7989 11
2852 5419 2
2853 3587 11
2853 7939 4
2853 6439 11
2853 4817 19
2853 6278 9
2853 7117 20
2854 4347 1
2854 9207 14
2854 8566 2
2854 5280 8
2855 4292 11
2855 8936 14
2855 3732 6
2855 9240 15
2855 6895 1
2855 8725 13
2856 6364 3
2856 9355 1
2856 6628 12
2857 3347 2
2857 5741 2
2858 9042 20
2858 3726 4
2858 8139 16
2859 4663 4
2859 6574 20
2859 5681 12
2859 9566 8
2859 7445 15
2859 7870 5
2859 8538 18
2860 9893 4
2861 8496 15
2861 8173 16
2861 5373 9
2861 9300 1
2862 8248 18
2862 9235 20
2862 9991 18
2863 7490 17
2863 5482 10
2864 3687 16
2864 8422 19
2864 8818 15
2864 6956 12
2864 9744 7
2865 9106 3
2865 9762 4
2865 6442 12
2866 4346 10
2866 6563 11
2866 6193 3
2867 6670 14
2867 6757 10
2867 4387 7
2867 9732 8
2867 2965 19
2867 3287 17
2868 5546 5
2868 6846 17
2868 8733 18
2868 9122 8
2868 3713 13
2869 9693 15
2869 3507 1
2869 6800 2
2869 7453 19
2869 3185 15
2869 4542 9
2869 4485 4
2869 5873 18
2870 7736 18
2870 4747 14
2870 8458 18
2870 5234 5
2870 8308 18
2870 8278 16
2871 8099 12
2871 9155 16
2871 6785 4
2871 6361 19
2872 9649 18
2872 5209 18
2873 4280 15
2873 7929 6
2873 9103 7
2873 4582 2
2874 2884 15
2874 9726 11
2874 4230 12
2875 6643 16
2875 4109 18
2875 5294 14
2875 3631 4
2876 5063 13
2876 7680 11
2876 9407 18
2877 3289 9
2877 3762 4
2877 5081 7
2878 7055 1
2878 4215 2
2878 3891 20
2878 6619 7
2878 3713 6
2879 9938 6
2879 4734 1
2879 3285 14
2879 4718 10
2879 5626 13
2880 9918 6
2880 4304 1
2881 8486 14
2881 7084 14
2881 8562 16
2882 4722 6
2882 5613 20
2882 8097 17
2882 5640 8
2882 3855 14
2882 3421 3
2882 5276 19
2883 8556 10
2883 6714 3
2883 7171 1
2883 6999 6
2883 4052 17
2884 4289 6
2884 4072 20
2884 7231 13
2885 8548 7
2885 3031 17
2885 4129 1
2885 3017 6
2885 9672 14
2885 8585 10
2885 6920 20
2885 4419 5
2885 9706 18
2886 7294 2
2886 6174 8
2886 6802 3
2887 4577 12
2887 7208 4
2887 3822 6
2888 8151 6
2889 3829 14
2889 9226 11
2890 9926 17
2890 5787 3
2890 6058 15
2891 8858 15
2891 7303 6
2891 5897 19
2891 9736 6
2892 5384 12
2892 7365 15
2893 3327 17
2893 6345 7
2893 9208 14
2893 4283 8
2893 6639 14
2894 6597 17
2894 5363 4
2894 3578 5
2894 6487 8
2894 7932 1
2894 9681 11
2895 4582 8
2895 8334 5
2895 3051 11
2895 5956 5
2895 4428 14
2895 9741 2
2896 5645 2
2896 5406 3
2896 6729 3
2896 4925 18
2897 5134 4
2897 7559 6
2897 4602 8
2897 4974 1
2897 7659 16
2898 6113 7
2898 9404 17
2898 6687 17
2898 5613 18
2898 5781 2
2898 3691 3
2898 8243 5
2899 7471 6
2899 7058 3
2899 7169 5
2900 6755 9
2900 8835 7
2900 6388 14
2900 6982 12
2900 4065 5
2900 4362 4
2900 6515 2
2900 4328 3
2900 5625 2
2901 3264 15
2901 6117 9
2901 5623 11
2901 8539 6
2901 7198 2
2901 6517 12
2901 6021 2
2902 6584 2
2903 9479 19
2903 4819 19
2903 8930 3
2903 6681 3
2903 8442 20
2904 8135 15
2904 3063 4
2905 9250 11
2905 7481 17
2905 9106 1
2905 8338 17
2905 5906 12
2905 8961 4
2906 7353 3
2906 7796 3
2906 7460 11
2906 7051 1
2906 3051 10
2906 9319 4
2907 5582 6
2907 8969 6
2907 3003 11
2907 5302 2
2907 7944 3
2908 7220 4
2908 7994 6
2909 7308 17
2909 7720 15
2909 6285 11
2909 4148 2
2910 6524 17
2910 9058 6
2910 8242 13
2910 9030 15
2910 9339 2
2910 8826 7
2910 9662 19
2911 6458 2
2911 8394 19
2911 5393 16
2911 5823 8
2911 4486 18
2911 4005 1
2912 4719 15
2912 9486 20
2912 3213 19
2912 4953 4
2912 5526 10
2913 8255 20
2913 3524 8
2913 8519 16
2913 4921 4
2913 7081 20
2914 6520 3
2914 7918 2
2914 7952 9
2914 4186 12
2915 7218 4
2915 3549 10
2915 4330 4
2915 8512 9
2915 5431 13
2915 3517 18
2915 6725 17
2916 3933 4
2916 4703 16
2916 6480 11
2916 7599 14
2916 6789 3
2916 7296 2
2916 9611 19
2916 9711 12
2916 4914 18
2917 7454 8
2917 8667 10
2917 8148 18
2918 3416 8
2918 9970 11
2918 2940 20
2919 5815 3
2919 6056 6
2920 3018 15
2920 7199 11
2921 4587 8
2921 8335 14
2921 3070 6
2921 4675 10
2923 6432 16
2923 8499 20
2923 9501 20
2923 7512 2
2923 6783 12
2923 9442 6
2923 3168 8
2924 7807 7
2924 4785 10
2924 3624 16
2924 3066 11
2925 4279 1
2925 4029 19
2925 6757 3
2925 9530 16
2926 5795 18
2926 6925 7
2927 8317 12
2927 7532 14
2927 9996 7
2928 6065 13
2928 4804 9
2928 8748 2
2928 8236 12
2928 7569 17
2928 4550 11
2928 6365 17
2929 6400 18
2929 7271 3
2929 9670 4
2930 7433 18
2930 6947 12
2930 5377 12
2931 9149 15
2931 5480 16
2931 9672 3
2931 7070 16
2932 9766 1
2932 5272 15
2932 6130 15
2932 4424 12
2932 3068 16
2933 3854 14
2933 8015 14
2933 4102 5
2933 3611 15
2934 6269 3
2934 6316 2
2934 8058 13
2935 7548 4
2935 4432 2
2935 9576 10
2935 7062 6
2935 7083 2
2935 4728 8
2935 9251 1
2935 7622 16
2935 8243 7
2936 3214 12
2936 7580 8
2936 9706 18
2936 8946 13
2937 6020 17
2937 4481 5
2937 6630 17
2938 5152 3
2938 3656 11
2938 8059 20
2938 9510 15
2938 2969 18
2938 8064 1
2938 9931 1
2939 4952 15
2939 3208 18
2939 3721 13
2940 4426 4
2940 3037 14
2940 3758 20
2941 7583 1
2941 6507 2
2941 5240 17
2941 6265 11
2942 4081 8
2943 7763 9
2943 9810 15
2943 3737 11
2943 4919 11
2944 9832 2
2944 3563 15
2944 7220 10
2944 4176 17
2945 7444 4
2945 4894 9
2945 4227 10
2945 8831 10
2945 4066 8
2945 7415 19
2945 8000 9
2946 3095 9
2946 3532 14
2947 8939 20
2947 7384 6
2947 9984 13
2947 5528 13
2947 7439 6
2947 6974 14
2947 6061 7
2947 8317 20
2947 4167 12
2948 5688 4
2948 4632 19
2949 4231 17
2949 9769 4
2949 4270 8
2949 7584 18
2949 3557 8
2949 9944 7
2949 6919 9
2950 8691 20
2950 4789 10
2950 9561 3
2950 6178 11
2950 8351 11
2950 9768 6
2950 6025 19
2951 4295 20
2951 5112 6
2952 6770 15
2952 8081 15
2952 5756 16
2952 3947 15
2953 3509 3
2953 6157 7
2953 4127 12
2953 3281 18
2953 7773 20
2953 4078 20
2954 7257 14
2954 8173 4
2955 6853 13
2955 8036 1
2955 9926 2
2955 5718 3
2955 6305 7
2956 8937 4
2956 3668 4
2956 5694 8
2956 3761 16
2957 6798 17
2957 6846 15
2957 9305 3
2958 8971 18
2958 6822 16
2958 7185 20
2958 8739 15
2958 6683 17
2959 4654 19
2959 5947 6
2959 4492 19
2959 6847 8
2959 4456 2
2960 9815 19
2960 6382 2
2960 5735 15
2960 9223 16
2960 3212 5
2961 5475 11
2961 8798 18
2961 4148 10
2961 3042 2
2962 8640 2
2962 3768 20
2962 4595 1
2962 3083 14
2962 9340 6
2963 5813 11
2963 6140 1
2963 9862 19
2964 3545 9
2964 3097 14
2964 9575 13
2964 9738 13
2964 4718 1
2965 5841 11
2965 3023 1
2966 7404 14
2966 3517 17
2966 7520 19
2966 9769 1
2966 3794 6
2966 5245 12
2967 9146 12
2967 6290 6
2967 9447 17
2967 5945 17
2967 4734 20
2968 3091 15
2968 7347 7
2968 7083 15
2969 6221 18
2969 4668 9
2969 8225 1
2969 9468 15
2969 4995 1
2970 3641 9
2970 6791 4
2970 3581 19
2970 6606 1
2970 7884 6
2971 9294 9
2971 6967 4
2971 4428 14
2972 5136 4
2973 9590 16
2973 5329 15
2973 7526 5
2973 6800 7
2973 7407 16
2973 5834 19
2973 7389 15
2974 5135 8
2974 5957 2
2974 6776 19
2974 7585 1
2975 3148 11
2975 6304 8
2975 4996 7
2975 4766 2
2976 9000 4
2976 5486 19
2976 4216 6
2976 7347 11
2977 7564 4
2977 5716 17
2977 4798 14
2977 7965 10
2978 8768 15
2978 5338 1
2978 7444 9
2978 6600 17
2978 6591 12
2979 5325 11
2979 8369 2
2979 9370 6
2979 7438 7
2979 8818 3
2980 6022 8
2980 4295 15
2980 3130 10
2981 9630 9
2981 7970 16
2981 6680 4
2981 7433 12
2981 6663 13
2981 6874 12
2981 3789 2
2983 9869 7
2983 5317 16
2983 4321 4
2983 5588 11
2984 8788 1
2984 9102 1
2984 4839 16
2985 6438 9
2985 9844 18
2985 3565 17
2985 3078 8
2985 5238 17
2986 4673 5
2986 9753 14
2986 3281 18
2986 3020 5
2986 4927 2
2987 9825 3
2987 8355 5
2987 5646 2
2988 8785 5
2988 6623 4
2988 6328 11
2989 7379 5
2989 6446 13
2989 7742 6
2990 4115 2
2990 4428 16
2990 8760 14
2990 9442 16
2991 6513 19
2991 4090 12
2991 3379 16
2991 8718 11
2992 4187 15
2992 8824 4
2992 4952 17
2992 9443 14
2992 6892 20
2992 3826 15
2992 3425 5
2992 6381 12
2992 5136 1
2993 3143 1
2993 4015 14
2993 7962 20
2993 7340 15
2993 3475 8
2994 4408 14
2994 8878 11
2995 7082 17
2996 8374 15
2996 9842 19
2996 3368 9
2996 6833 19
2997 8682 5
2997 3137 7
2997 5678 4
2998 7158 12
2998 6177 4
2998 8898 4
2998 7249 1
2999 5499 18
2999 3532 3
2999 7500 16
2999 8142 17
2999 5685 7
2999 7992 3
2999 8996 8
3000 4796 11
3000 7504 15
3000 9423 3
3001 5635 20
3001 9665 2
3001 9350 19
3001 7820 7
3002 3175 14
3002 6459 14
3003 9107 4
3003 5483 16
3003 3991 14
3003 7487 12
3004 5412 17
3004 8942 17
3004 8797 3
3004 7147 17
3004 8737 17
3004 6891 8
3004 4471 15
3004 3861 13
3005 6302 1
3005 4637 14
3005 6715 3
3005 6207 15
3005 9415 3
3006 4563 5
3006 5075 12
3007 7247 11
3007 3121 2
3007 4158 15
3007 5740 12
3007 8310 18
3007 4586 9
3008 4683 19
3008 9887 7
3009 9163 20
3009 5907 4
3010 9537 16
3010 9791 18
3010 7275 6
3010 4448 14
3011 9831 9
3011 4702 2
3011 3665 18
3011 6731 7
3011 5759 9
3012 6167 9
3012 3603 10
3012 7650 7
3012 6250 9
3012 4886 2
3012 9054 6
3013 5995 17
3013 3555 17
3013 7123 11
3013 6502 11
3013 6924 19
3014 6348 20
3014 3690 3
3014 9282 2
3014 4797 17
3014 4270 15
3015 8000 15
3015 3849 4
3016 5203 16
3016 3519 11
3016 9585 14
3016 8445 13
3017 3938 8
3017 7899 11
3018 4150 16
3018 5578 19
3018 9833 1
3019 7086 7
3019 8841 17
3019 7285 3
3020 9506 18
3020 4360 14
3020 4821 17
3020 6176 7
3021 6214 6
3022 6636 2
3022 3361 1
3023 6339 15
3024 3869 7
3024 4106 18
3024 7256 13
3024 7926 11
3024 9105 10
3025 5855 8
3025 3198 15
3025 5864 1
3025 5936 4
3026 6463 4
3026 3418 5
3026 3951 13
3026 7851 20
3027 5759 19
3027 9934 6
3027 6436 17
3028 4133 20
3028 3352 15
3028 3419 5
3028 5861 5
3028 4024 9
3028 8574 19
3029 6349 15
3029 8806 14
3029 7250 3
3029 9865 20
3029 7731 8
3029 4758 10
3029 7819 18
3030 6068 16
3030 3654 16
3030 4391 13
3030 9213 2
3030 9998 4
3031 6790 8
3031 5253 4
3031 7649 1
3032 3768 20
3032 3181 18
3032 7109 14
3033 3138 5
3033 9656 9
3033 9322 12
3033 8335 7
3034 5085 3
3034 3734 4
3034 7117 11
3035 5227 16
3035 3534 4
3036 5582 18
3036 6061 5
3037 5598 13
3037 9862 11
3037 7272 5
3037 9496 6
3038 6418 15
3038 4823 4
3039 6210 1
3039 9537 13
3039 7099 17
3039 6816 9
3039 7270 14
3039 5015 14
3039 7789 14
3040 4841 12
3040 8762 14
3041 3482 12
3041 9235 18
3041 3072 9
3041 4032 2
3042 4535 10
3042 7491 6
3042 4819 19
3042 4985 3
3042 4840 2
3042 8249 7
3042 8638 15
3042 5716 9
3043 9598 19
3043 7973 15
3043 3979 7
3043 5616 14
3043 5528 10
3044 3698 12
3044 6627 14
3044 9218 16
3044 9074 3
3044 6597 6
3045 7167 3
3045 3356 6
3045 4572 10
3045 9284 20
3046 3983 18
3046 5861 15
3046 5160 14
3046 5850 10
3046 9093 3
3046 9408 11
3046 4940 12
3046 7075 16
3047 6254 5
3047 4563 4
3047 4203 8
3047 9135 3
3047 8515 20
3048 8176 3
3048 6755 8
3048 9919 19
3048 9266 13
3048 9186 17
3048 7430 8
3048 3895 19
3048 8566 2
3048 4718 6
3049 5536 17
3049 6623 6
3050 5729 19
3050 8958 15
3050 6270 14
3050 3355 16
3050 3427 6
3050 3206 6
3051 3890 1
3051 6475 16
3051 5483 3
3051 3904 3
3051 7504 7
3052 4742 12
3052 5525 1
3052 5239 8
3052 8928 7
3053 7080 14
3053 7112 14
3053 6138 17
3053 4816 19
3053 5515 10
3054 3258 20
3054 7785 10
3054 6843 20
3055 9845 5
3055 6989 16
3055 4049 18
3055 7764 7
3055 5128 14
3055 6901 16
3056 6052 16
3056 9451 9
3056 3927 10
3056 8152 16
3056 5598 7
3056 8530 6
3056 9435 10
3056 9127 11
3056 9947 15
3057 8906 4
3057 6607 19
3057 5371 11
3057 7591 12
3058 3260 9
3058 5990 19
3058 9412 14
3058 8638 18
3059 8835 9
3059 3428 16
3059 9224 6
3059 8945 15
3059 3627 13
3060 5554 2
3060 9345 9
3060 8743 3
3060 6228 6
3060 3374 18
3060 8672 3
3060 5203 16
3060 6817 16
3061 8376 4
3061 7554 16
3061 4231 3
3061 4492 13
3061 5514 19
3062 7387 19
3063 8796 10
3063 4814 9
3063 8416 10
3064 7550 6
3064 3083 18
3064 7034 7
3065 7938 19
3065 9718 13
3065 5484 7
3065 7605 6
3065 3967 9
3065 9052 16
3066 4505 2
3066 4254 1
3066 3458 10
3066 6299 6
3066 5985 19
3067 4476 12
3067 9097 11
3068 6825 9
3068 7388 16
3068 6312 4
3068 4115 6
3069 5442 2
3069 3168 2
3069 4946 15
3069 3078 8
3070 6382 3
3070 6374 13
3070 8986 18
3070 8228 2
3071 7072 18
3071 6590 2
3072 9448 13
3072 8854 18
3072 9915 6
3072 8447 9
3072 5285 5
3073 8494 8
3073 7375 20
3073 9477 20
3073 4649 16
3074 3581 15
3074 3264 13
3074 4081 16
3074 3905 11
3074 5979 7
3074 4867 5
3074 8810 20
3075 9038 19
3075 8656 19
3075 5101 18
3075 6110 8
3076 5253 19
3076 5634 4
3076 8257 18
3076 3733 16
3077 7025 11
3077 9958 20
3077 4426 19
3077 3304 2
3077 8160 12
3078 7989 17
3078 8281 17
3079 6768 10
3079 8995 4
3079 6078 19
3079 9393 10
3079 3345 17
3080 3977 6
3080 4792 9
3080 7998 14
3081 4455 10
3081 6234 4
3081 5560 3
3082 9626 17
3082 6410 17
3082 6783 1
3082 3579 8
3082 7014 9
3083 9100 13
3083 3277 15
3083 7920 2
3083 4171 1
3084 5267 14
3084 9225 4
3084 4469 14
3084 6306 20
3084 9685 7
3084 5436 18
3084 8088 9
3085 7501 16
3085 7778 8
3085 6623 17
3085 6944 3
3085 3194 1
3085 4317 13
3085 3827 8
3085 9322 16
3086 3576 1
3086 3632 15
3087 5885 6
3087 9153 3
3087 9366 18
3088 4516 12
3088 8162 2
3088 5702 18
3088 9508 5
3088 5398 5
3089 6745 13
3089 9906 3
3089 3580 13
3089 4087 8
3089 6770 10
3090 3912 2
3090 6418 11
3090 6809 10
3090 8894 13
3090 8102 10
3091 3498 20
3091 9649 17
3091 9070 11
3093 7011 20
3093 6929 1
3093 9250 4
3093 4456 16
3093 8309 12
3094 9333 6
3094 6722 10
3094 3734 2
3094 7353 1
3094 9136 3
3094 4199 15
3095 4174 12
3095 3526 12
3095 9532 1
3096 3447 10
3096 5973 19
3097 6685 8
3097 6310 11
3097 5543 15
3097 4799 18
3097 9959 4
3098 8773 10
3098 4256 3
3098 5648 5
3098 3871 16
3098 5949 16
3098 9930 1
3099 4888 3
3099 8981 12
3099 9424 8
3099 7537 7
3100 9041 17
3100 5712 16
3101 6355 20
3101 5191 5
3101 9446 18
3102 4636 8
3102 7794 19
3102 9427 6
3102 6105 20
3102 6633 4
3102 9878 5
3103 7796 8
3103 4816 17
3103 4006 4
3103 3630 3
3103 8890 18
3104 6313 16
3104 7175 9
3104 7998 2
3104 5131 2
3104 4575 16
3105 9208 9
3105 4667 8
3105 9520 5
3105 9368 13
3106 8648 6
3106 4187 18
3106 9898 9
3106 5677 7
3106 4119 6
3106 5285 8
3106 8703 16
3107 6572 13
3107 4704 2
3108 4857 7
3108 5976 11
3108 3284 13
3109 9284 16
3109 9532 5
3110 6348 19
3110 8775 9
3110 3535 9
3110 7671 5
3111 9372 10
3111 6409 16
3111 9284 6
3112 3367 5
3112 7971 6
3112 5922 14
3112 9102 10
3112 6600 16
3114 4173 5
3114 8555 17
3114 6182 8
3114 4366 8
3114 5256 8
3115 3588 10
3115 8175 8
3115 3399 6
3115 9956 13
3115 8580 2
3115 5532 7
3116 3139 6
3116 5572 5
3116 6512 5
3116 9930 15
3116 5771 11
3117 3737 13
3117 5802 4
3118 5419 16
3118 3626 12
3118 7800 17
3118 5772 7
3118 4188 10
3119 6669 9
3119 5202 3
3120 5706 15
3120 3160 8
3120 7653 1
3121 4361 20
3121 5180 17
3121 9837 3
3121 4396 17
3121 5212 3
3122 6284 19
3122 8700 5
3122 7488 10
3122 5067 5
3122 9293 9
3123 9896 4
3123 9491 6
3124 5587 20
3124 9446 14
3125 6933 8
3125 4513 12
3125 3233 20
3125 7779 16
3125 7428 12
3127 8824 6
3127 8328 5
3127 7514 17
3127 8580 17
3128 3554 8
3128 8559 5
3128 5630 1
3129 6294 20
3129 6266 8
3129 3446 19
3129 5543 16
3130 8464 9
3130 5042 20
3130 3821 18
3131 4687 2
3131 9450 1
3131 6043 20
3132 4144 6
3132 7678 20
3132 9845 8
3132 5049 14
3132 4983 15
3133 5710 15
3133 7257 18
3133 9795 12
3133 5008 3
3133 7496 9
3133 4627 12
3133 5983 11
3134 6719 9
3135 4162 20
3135 6437 10
3135 9062 10
3136 5499 9
3136 9464 10
3137 6402 5
3138 4617 20
3138 7180 15
3138 7300 8
3139 7952 16
3139 9353 5
3140 8725 14
3140 6851 18
3140 7775 7
3140 9446 6
3140 6247 8
3141 4336 7
3141 7835 9
3142 8408 18
3143 4494 7
3143 5019 7
3143 5149 16
3143 9975 12
3143 8405 12
3144 8625 15
3144 6491 8
3145 3711 16
3145 3284 18
3145 9584 11
3145 8278 3
3146 8411 8
3146 4375 20
3147 8690 7
3147 7025 3
3148 5258 4
3148 8984 13
3148 9047 11
3149 4718 7
3149 9307 4
3149 6981 5
3149 5773 14
3149 3401 9
3150 9459 12
3150 7932 13
3150 3616 20
3150 5168 13
3150 4109 15
3150 5596 12
3151 3199 15
3151 8772 2
3151 8971 12
3152 8877 16
3152 4051 4
3152 8659 16
3152 8833 3
3152 3947 12
3152 4041 20
3153 6364 3
3153 7068 18
3153 7265 8
3153 3294 8
3153 5240 8
3153 5717 8
3153 9280 12
3154 4856 13
3154 3285 6
3154 9541 12
3154 4509 11
3154 5104 1
3154 7531 4
3154 9217 7
3155 5169 11
3155 6122 18
3155 6283 10
3155 5864 4
3155 3798 2
3156 6097 8
3156 6412 9
3156 7799 3
3156 6743 3
3157 4703 8
3157 4023 15
3157 9044 7
3157 9318 5
3157 6163 1
3158 3288 5
3158 6337 5
3158 4508 2
3158 4706 3
3158 6058 15
3159 9930 8
3159 6751 18
3159 6320 6
3159 9872 5
3160 9050 14
3160 4117 2
3160 9249 13
3161 7187 18
3161 6069 13
3161 8216 18
3161 5714 14
3161 7149 14
3161 3432 8
3161 6362 1
3162 8377 16
3162 8399 1
3162 8497 20
3162 7350 20
3162 6383 14
3163 4127 10
3163 6552 18
3163 3981 18
3163 7471 14
3163 3355 8
3164 9302 20
3164 8621 20
3164 8153 17
3164 7505 15
3164 3218 11
3165 4525 14
3165 7736 18
3166 3707 4
3166 4737 19
3166 4188 6
3166 6910 20
3167 5486 19
3167 4384 11
3167 5182 19
3167 6027 3
3168 4072 3
3168 5515 1
3168 7934 5
3168 4847 20
3169 5430 17
3169 6453 10
3170 4819 19
3170 8340 7
3170 4958 17
3170 7954 7
3170 7871 11
3171 8668 1
3171 3506 19
3172 9713 8
3172 5621 5
3172 9327 15
3172 9689 12
3172 3410 7
3172 9031 5
3172 6543 20
3173 6820 13
3173 9592 20
3173 7505 10
3173 4118 17
3173 5617 13
3173 4825 7
3173 6669 5
3174 9268 2
3174 9638 3
3174 8254 8
3175 8772 1
3175 3568 13
3175 5035 11
3175 9649 7
3176 5724 7
3176 6194 6
3176 6136 8
3176 6175 20
3177 6923 13
3177 6110 20
3178 6026 3
3178 5415 4
3178 8146 18
3178 6554 13
3178 6688 13
3178 7406 10
3179 7330 4
3179 4239 3
3180 4853 11
3180 3422 3
3180 9155 13
3181 5875 10
3181 4546 9
3181 8762 14
3181 5023 11
3181 4803 20
3181 7899 5
3182 7148 7
3182 5221 20
3182 8232 14
3183 9923 12
3183 8621 20
3183 8418 16
3183 8762 18
3184 5503 5
3184 5389 14
3184 3857 19
3185 6291 1
3185 8035 2
3185 9595 17
3185 6499 1
3185 4593 1
3185 4027 10
3185 4754 15
3185 3540 1
3185 3340 7
3186 6854 6
3186 6907 6
3186 3293 14
3187 7736 2
3187 7450 1
3187 3640 17
3187 3354 17
3187 6850 18
3187 6729 10
3188 5483 7
3188 9312 19
3188 6902 3
3188 9856 7
3189 5939 9
3189 7043 20
3189 3841 15
3189 8135 8
3189 9215 4
3190 4685 1
3190 6950 12
3190 6672 7
3190 7332 18
3190 4578 17
3190 6092 17
3190 5551 20
3191 7252 8
3191 3851 4
3191 4711 6
3192 5152 20
3192 8370 1
3192 7587 10
3193 8518 9
3193 8618 6
3193 4074 17
3193 6734 5
3194 5158 8
3194 3557 14
3194 5733 4
3194 8900 14
3194 9350 2
3195 9424 3
3195 5677 1
3195 5305 20
3195 9370 16
3196 9947 5
3196 4626 18
3196 7472 20
3196 6385 7
3197 9963 18
3197 8813 6
3197 5216 3
3197 6370 5
3197 9240 4
3198 8964 2
3198 5658 4
3198 6644 12
3198 4707 4
3199 3251 1
3199 7974 14
3199 5686 2
3199 8175 20
3199 7399 16
3200 9745 17
3201 8954 10
3201 5633 19
3201 9873 16
3201 4060 1
3201 7805 10
3202 8329 5
3202 6494 2
3202 6280 19
3202 9935 15
3202 8911 15
3202 5057 13
3202 9319 14
3203 9728 8
3203 3315 4
3204 8078 2
3204 8920 2
3204 6125 20
3204 9857 10
3204 5161 11
3204 4370 7
3204 3772 3
3204 3452 20
3205 7326 9
3205 4346 5
3206 7688 5
3206 4136 7
3206 8281 13
3206 8031 11
3207 5358 8
3207 4461 6
3207 5973 16
3207 7708 3
3208 3587 9
3208 6513 16
3208 3473 6
3208 7945 12
3209 4166 1
3209 8549 16
3209 4795 13
3209 6313 5
3209 8072 7
3209 8634 8
3210 9697 5
3210 7717 15
3210 7403 12
3210 4538 2
3210 4400 19
3211 7825 9
3211 4292 10
3212 9360 9
3212 5095 17
3212 8730 8
3212 9177 3
3213 8092 16
3213 6456 10
3213 9292 19
3213 6896 7
3213 6738 14
3213 5493 1
3214 5404 3
3214 8752 13
3214 9660 3
3214 3642 14
3214 9041 17
3215 7730 16
3215 9870 13
3215 7518 8
3215 8393 1
3215 4184 16
3215 3638 7
3215 9897 15
3216 4105 6
3216 5016 5
3216 8492 11
3216 6559 16
3216 4390 12
3217 8208 18
3217 9633 9
3218 9885 17
3218 4312 8
3218 9701 13
3218 5009 7
3218 6088 20
3219 7308 4
3219 8962 15
3219 5736 2
3220 4356 4
3220 6705 7
3220 4915 17
3220 7957 20
3220 6675 18
3220 5904 18
3221 5468 4
3221 4087 1
3221 7521 5
3221 6427 19
3222 7126 11
3222 5698 15
3222 8276 18
3222 3534 17
3223 7078 5
3223 8442 6
3223 5773 7
3224 7628 8
3224 8553 11
3225 4095 17
3226 5840 14
3226 9041 5
3227 9654 7
3227 6349 9
3227 5660 5
3228 8821 5
3228 7496 8
3228 4593 10
3228 4203 5
3228 3577 5
3228 4478 14
3229 6478 10
3229 4127 3
3231 5818 1
3231 5705 4
3231 8105 9
3232 7365 9
3232 4940 5
3232 8115 7
3232 4155 1
3232 9756 12
3232 8041 13
3233 5341 13
3233 5905 11
3233 3956 15
3233 8390 15
3234 7799 14
3234 9924 1
3235 4499 13
3235 9234 4
3235 9125 5
3235 7499 12
3235 7083 4
3236 5613 16
3236 4376 9
3236 3374 8
3236 7042 10
3236 5645 6
3237 8436 4
3237 5963 1
3237 9189 18
3238 3425 10
3238 4596 8
3239 7265 20
3239 4313 18
3239 7808 17
3239 5342 19
3239 7684 7
3240 5526 19
3240 9937 1
3240 8026 8
3241 6965 4
3241 4654 14
3241 8120 20
3241 6545 14
3241 8762 9
3242 4605 13
3242 9473 14
3242 6895 17
3242 5653 1
3242 4376 5
3243 8070 13
3243 4074 18
3243 8773 16
3243 7019 10
3243 7424 18
3244 7338 12
3245 9163 4
3245 8096 4
3245 5803 15
3245 6854 14
3245 7242 14
3246 6563 4
3246 5444 5
3246 5244 9
3246 3841 16
3246 4065 13
3246 5380 18
3247 6723 11
3247 7377 19
3247 6690 15
3248 4289 13
3248 9556 14
3248 9413 10
3248 8448 14
3248 8301 19
3248 7928 6
3249 3523 14
3249 3994 12
3249 7654 20
3250 7764 2
3250 7967 6
3250 4752 18
3250 8458 6
3250 8016 16
3251 8586 15
3251 6563 10
3251 5568 14
3252 4324 20
3252 8634 9
3253 9783 18
3253 4505 6
3253 5323 11
3254 8154 10
3254 4616 11
3254 6540 15
3254 3950 13
3254 4385 8
3254 7856 10
3255 5905 10
3255 8281 15
3255 7982 18
3255 8743 6
3255 6762 2
3256 6865 2
3256 8293 4
3257 8928 7
3257 7831 16
3257 6761 13
3259 9451 17
3259 5468 8
3259 3293 12
3259 8777 6
3260 4243 17
3260 6030 3
3260 6055 8
3261 5548 16
3261 5554 5
3261 9825 9
3262 4488 6
3262 8544 2
3262 3311 10
3263 4949 14
3263 4353 12
3263 5414 8
3263 9910 11
3264 7890 6
3264 5496 3
3265 3419 16
3265 9520 2
3266 4051 11
3266 5496 16
3266 4176 5
3267 4706 13
3267 8614 16
3267 6112 15
3267 9174 19
3267 3558 18
3267 7527 7
3268 6578 2
3268 4096 2
3268 9081 5
3268 6585 2
3268 4919 7
3268 9447 2
3269 7541 9
3270 7702 7
3271 3847 7
3271 6124 2
3271 8671 16
3272 9977 15
3272 9292 19
3272 9117 1
3272 5746 1
3272 8219 3
3272 8395 5
3273 9703 3
3273 5287 12
3273 4054 7
3274 8021 6
3274 4446 8
3275 4374 17
3275 9973 18
3276 6152 10
3276 3908 2
3276 9205 19
3276 9745 20
3277 9627 11
3277 9465 12
3277 4309 11
3277 8139 1
3278 6788 14
3278 5006 6
3278 9661 16
3278 9141 4
3278 9447 18
3278 8778 4
3278 7114 2
3279 3368 13
3279 9881 7
3279 5988 3
3280 9165 20
3280 8525 18
3280 8981 12
3281 8482 10
3281 9747 9
3281 8946 18
3281 7839 2
3281 7151 14
3281 5926 13
3281 3555 15
3282 3297 13
3282 8956 9
3282 7499 14
3282 9944 5
3283 4197 20
3283 4069 2
3283 3350 14
3284 6985 11
3284 5681 3
3284 5167 13
3285 4274 12
3286 3713 3
3286 3625 5
3287 6044 13
3287 9999 11
3287 8556 9
3287 5855 16
3288 4444 7
3288 6730 16
3289 8158 2
3289 6074 9
3289 9802 6
3289 7776 3
3289 8038 10
3290 9883 4
3290 6390 12
3291 3560 5
3291 4515 8
3291 4812 18
3291 6373 15
3291 9999 15
3292 4629 17
3292 4754 16
3293 3614 2
3293 9874 1
3294 9114 1
3294 6032 19
3295 5107 17
3295 7535 11
3295 6744 9
3296 9908 12
3296 8238 2
3296 9847 14
3297 6581 20
3297 4860 7
3297 6833 11
3297 9078 16
3298 3975 13
3298 6877 8
3298 5998 7
3299 7344 17
3299 8569 4
3299 8229 6
3299 5645 7
3300 6208 11
3300 8521 10
3300 5484 7
3302 9955 7
3302 7264 14
3302 8101 2
3302 3304 13
3302 4913 5
3302 9205 1
3303 6439 7
3303 7109 16
3303 4376 14
3304 5864 2
3304 8489 5
3304 4963 2
3304 3458 16
3304 8141 2
3304 7365 15
3305 8142 8
3305 6183 16
3305 6987 8
3305 8294 13
3306 9364 14
3307 7194 18
3307 8782 2
3308 9671 8
3308 7635 3
3308 8541 14
3308 4526 20
3308 4660 15
3309 7769 14
3309 8877 1
3309 7929 15
3309 9832 20
3310 3505 1
3310 8255 9
3310 4097 13
3311 6470 14
3311 3374 1
3311 8934 2
3312 9383 11
3312 6947 11
3312 4336 19
3312 7768 8
3312 4621 3
3312 7689 19
3312 9570 19
3312 3878 9
3312 4183 19
3313 4418 7
3313 4552 9
3313 4952 9
3313 8368 20
3314 7009 20
3314 5370 3
3314 4820 13
3314 4271 3
3314 7366 12
3314 8257 20
3314 5688 2
3315 4134 6
3315 3791 18
3315 3999 15
3316 3805 20
3316 9915 18
3316 3416 5
3317 9058 14
3318 5956 6
3318 5142 5
3318 4745 11
3318 6771 11
3319 5648 11
3319 5356 15
3319 9811 10
3319 9354 4
3320 7436 20
3320 5057 9
3321 7850 12
3321 3949 2
3321 3348 17
3322 4091 20
3322 9760 2
3322 8146 14
3323 3351 13
3324 8788 1
3324 7779 8
3325 7406 14
3325 8232 8
3325 8143 9
3325 7767 1
3325 4127 19
3326 6556 3
3326 5844 13
3326 5058 3
3327 7259 14
3327 4901 19
3327 5573 7
3327 3901 4
3327 4026 8
3328 6073 7
3328 3677 8
3328 4617 13
3328 8875 7
3328 8523 10
3328 9880 11
3328 9279 6
3328 6763 18
3329 8377 1
3329 5246 9
3329 6821 8
3330 9485 7
3330 5830 6
3330 9114 13
3330 8999 9
3330 5234 9
3331 4177 9
3331 7152 12
3331 4054 17
3332 7976 4
3332 4438 13
3332 4884 10
3332 6016 19
3333 5947 9
3333 8093 14
3334 8898 4
3334 3517 11
3335 5617 6
3335 4375 17
3335 6757 14
3335 5695 18
3336 9875 4
3336 5898 11
3337 6511 20
3337 3878 4
3338 8780 12
3338 5282 14
3338 3577 15
3339 8952 10
3339 4736 1
3339 3514 16
3339 8232 19
3339 4925 9
3339 6397 19
3339 4855 4
3339 4905 15
3339 3919 20
3340 6723 1
3340 9552 14
3340 7269 1
3340 6000 18
3340 6602 4
3341 9529 5
3342 7609 12
3342 8866 15
3342 7560 2
3342 6228 13
3342 8111 1
3342 8880 5
3342 7224 20
3343 3882 17
3343 8151 6
3343 6986 5
3343 6974 9
3343 3823 18
3344 5047 19
3344 8463 15
3345 6247 3
3345 8856 10
3345 9154 16
3345 5570 2
3345 5941 14
3345 7140 16
3345 8222 12
3345 8829 20
3346 5147 13
3346 4276 11
3347 5295 2
3347 9407 1
3347 9156 1
3348 6156 6
3348 8992 4
3348 4991 19
3348 9509 15
3349 4938 20
3349 6082 15
3349 5261 14
3349 3531 10
3349 4654 15
3349 6744 1
3349 8977 10
3349 4322 18
3350 9902 14
3350 7005 1
3350 4316 3
3350 9313 13
3350 5962 11
3351 6674 13
3351 7324 3
3351 4345 5
3351 4897 10
3352 3541 14
3352 5798 14
3352 3481 5
3352 6052 11
3352 6633 14
3353 7590 19
3353 4859 12
3353 6666 3
3353 9409 5
3353 7320 12
3353 6035 3
3353 5748 14
3354 5297 5
3354 3498 17
3355 6951 1
3355 6675 6
3356 4466 13
3356 6934 4
3356 7401 9
3356 6368 6
3356 9269 5
3356 6652 17
3357 3490 10
3358 8179 16
3358 8812 10
3358 7228 13
3358 4183 19
3358 6223 16
3359 8458 17
3359 7376 12
3359 9671 4
3359 9400 7
3360 7310 14
3360 8053 17
3360 6643 3
3360 4483 20
3360 9330 9
3360 8506 18
3361 8680 1
3361 7818 9
3361 5847 9
3361 8684 13
3362 7712 8
3362 7656 11
3363 6558 18
3363 8036 2
3363 3407 2
3364 6734 5
3365 6144 15
3365 9859 5
3365 5831 20
3365 8905 3
3365 3850 15
3366 8482 4
3366 6110 9
3366 9934 4
3366 5009 4
3366 4274 5
3367 8984 4
3367 8815 6
3367 5027 20
3367 8874 2
3368 4335 12
3368 5055 17
3368 6577 17
3368 5265 17
3369 5187 10
3369 6234 3
3369 8129 19
3369 4194 7
3370 3677 13
3370 4047 6
3370 4475 13
3370 3657 7
3371 3519 3
3371 4504 8
3371 4093 10
3371 6211 19
3371 4443 9
3371 7418 14
3371 8292 1
3372 3969 15
3372 7992 17
3372 8108 3
3372 6493 17
3372 3909 6
3372 9950 20
3373 4650 11
3373 4030 5
3373 5260 4
3373 4832 19
3374 9249 8
3374 3918 18
3375 7168 11
3375 5555 6
3375 5199 5
3375 9661 6
3376 3943 20
3376 4356 7
3376 7707 4
3377 9025 3
3377 5054 10
3377 9540 6
3377 4380 8
3377 7445 3
3378 9422 3
3378 8782 12
3378 6473 10
3378 9188 16
3379 3979 19
3379 5625 15
3379 7461 1
3379 9688 9
3379 5460 20
3379 8310 19
3379 3893 18
3380 5888 17
3380 5471 8
3380 5592 3
3381 6988 6
3381 5730 1
3381 8831 13
3382 6373 2
3382 3675 11
3383 7306 8
3384 7553 19
3384 9268 11
3384 8855 10
3385 3390 8
3385 7066 6
3385 9835 17
3385 6128 9
3386 3579 12
3387 3688 3
3387 8485 5
3387 3755 20
3387 8114 19
3387 9001 7
3387 3744 18
3387 7563 15
3388 6883 17
3388 9046 17
3388 8218 9
3388 6245 7
3388 5937 3
3389 7460 1
3389 7474 15
3389 6180 10
3389 5245 19
3390 4448 3
3391 9463 9
3391 8198 17
3391 5322 15
3391 8231 14
3392 6376 9
3392 9617 6
3392 8235 15
3393 8875 7
3393 6671 1
3393 3570 1
3393 6469 19
3394 9080 6
3394 3596 2
3394 6905 4
3394 9765 18
3394 9580 18
3395 4975 16
3395 3739 2
3395 4230 14
3395 9048 20
3395 3838 18
3395 5145 7
3396 4735 5
3396 6793 19
3396 7644 5
3396 5394 9
3396 5057 2
3397 8498 3
3397 8291 4
3397 6142 13
3397 9724 6
3398 4729 17
3399 8100 1
3399 6028 3
3399 3860 14
3399 8070 18
3400 8676 2
3400 3604 15
3400 7004 8
3400 5658 6
3401 7404 17
3401 9134 4
3401 4112 19
3401 6427 15
3401 3405 12
3402 7875 2
3402 7719 15
3402 7291 16
3402 4172 5
3402 4423 3
3403 3621 17
3404 7662 18
3404 8738 20
3404 7891 1
3404 4195 14
3405 5218 14
3405 8677 12
3406 6663 2
3406 9090 11
3406 5980 14
3406 8516 12
3407 5921 12
3407 9366 8
3407 7087 9
3407 5991 1
3407 9845 2
3408 9908 5
3408 6149 14
3408 5971 16
3409 7605 3
3409 5782 14
3409 7975 3
3410 3568 15
3410 6774 5
3410 4710 15
3411 5582 15
3411 5542 11
3411 7765 8
3411 6584 20
3411 9798 19
3412 9460 11
3412 4998 9
3412 8290 7
3412 4441 3
3412 8076 14
3413 7694 4
3414 8784 3
3414 6913 18
3414 9167 14
3414 9194 19
3415 8538 17
3415 6142 4
3415 4584 9
3416 6876 6
3416 7869 4
3417 4193 17
3417 7273 12
3417 6719 19
3417 4740 6
3418 9675 19
3418 4593 8
3418 9708 2
3418 9825 1
3418 6737 10
3419 8051 9
3419 7743 20
3419 5537 5
3420 5105 6
3420 9306 19
3420 9568 9
3420 9526 14
3420 5355 18
3420 9271 20
3421 9943 15
3421 3770 13
3421 5255 4
3421 6794 14
3422 7854 14
3422 9604 4
3422 7297 4
3423 5817 18
3423 3841 12
3423 4286 15
3423 6182 2
3423 6388 2
3423 7411 3
3424 5437 1
3424 5787 19
3424 9643 6
3424 7513 2
3424 6511 16
3425 9929 8
3425 5025 15
3426 5943 18
3426 9117 14
3426 7313 13
3427 9214 11
3427 6842 12
3427 5671 16
3427 9229 4
3428 8879 20
3428 8804 11
3429 7756 11
3429 6480 16
3429 8449 6
3429 6437 19
3430 9150 2
3431 9123 7
3431 5344 9
3431 4456 3
3432 4374 8
3432 6520 18
3432 5039 14
3432 5230 11
3432 5287 3
3432 7190 15
3432 6062 13
3433 4670 16
3433 6843 8
3433 5408 16
3433 3816 5
3434 7563 16
3434 8193 6
3434 5912 12
3434 7185 19
3434 7385 1
3434 4217 13
3434 9537 7
3435 4345 12
3435 4760 20
3435 6119 8
3435 3955 4
3435 7389 6
3436 6997 4
3436 3573 12
3436 5703 3
3436 4956 2
3436 5626 1
3436 7900 20
3436 6251 20
3436 7471 20
3437 3693 4
3437 9768 6
3437 6854 20
3438 3882 19
3438 8595 17
3438 5257 6
3438 3717 9
3438 4879 17
3438 4438 14
3438 4270 4
3439 6488 7
3439 9897 3
3439 6544 4
3439 6940 1
3440 4079 7
3440 7530 11
3440 6224 17
3441 5862 1
3441 5633 15
3441 9573 15
3441 9347 3
3441 7812 2
3441 8638 19
3442 4333 3
3442 7412 6
3442 8282 2
3442 9447 9
3442 5258 11
3443 7043 19
3443 5967 8
3443 5215 17
3443 8574 16
3443 5471 20
3444 4998 12
3444 8711 20
3444 5012 13
3444 4112 8
3444 9969 17
3444 9042 10
3444 6606 11
3444 9039 8
3444 4288 11
3445 6879 9
3445 9986 13
3445 5584 18
3445 4883 4
3445 5272 20
3445 9341 14
3446 4872 13
3446 9265 6
3446 5593 7
3446 9852 2
3446 5067 1
3446 7626 7
3446 5215 15
3447 9723 8
3447 7330 13
3448 8497 7
3448 5665 15
3448 4208 12
3448 6767 16
3448 8854 2
3449 6866 17
3449 5351 3
3449 8738 11
3449 6717 3
3449 8635 18
3450 9909 1
3450 7533 15
3450 3687 16
3450 7583 18
3450 5723 8
3451 9317 7
3451 8175 14
3451 3512 17
3451 4818 6
3452 9679 14
3452 6216 3
3452 3973 10
3452 4230 10
3452 8209 13
3452 5459 9
3453 4336 12
3453 5715 12
3453 5762 15
3453 7337 12
3454 9465 8
3454 8270 3
3454 9907 2
3454 6054 2
3454 8004 5
3454 8667 14
3454 5843 14
3455 8444 18
3457 4335 20
3457 7040 15
3457 7034 10
3457 4844 6
3458 8557 16
3458 5530 11
3458 3836 15
3458 4846 3
3459 5199 9
3459 6451 17
3459 3983 20
3460 4946 3
3460 7222 6
3460 4280 12
3460 3936 12
3461 4024 5
3461 4019 20
3461 5134 4
3461 9403 13
3461 4608 12
3461 8533 7
3461 8721 20
3461 6653 16
3462 4643 19
3462 7002 9
3463 9286 9
3463 7237 15
3463 9047 9
3464 9978 1
3464 7152 3
3464 6867 11
3465 9681 18
3465 6904 14
3466 6985 14
3467 7449 17
3467 3989 10
3467 8008 19
3468 8570 6
3468 4935 15
3468 9694 6
3468 5696 12
3469 6760 9
3469 6809 11
3469 9690 6
3470 8835 17
3470 8105 7
3470 5909 5
3470 4431 9
3471 8814 1
3471 9783 5
3471 6891 7
3471 4621 2
3471 6156 17
3471 8007 19
3471 8291 3
3471 9535 5
3471 5579 6
3472 4188 19
3473 5269 10
3473 5234 7
3473 5564 20
3473 4334 15
3474 9126 4
3474 4006 11
3475 7988 2
3475 9783 4
3475 5780 2
3475 9638 5
3475 8702 8
3476 6513 19
3476 8638 10
3476 4904 4
3476 8399 10
3476 9263 5
3476 6193 19
3476 3805 2
3476 5611 2
3477 4518 19
3477 4501 10
3477 6682 2
3477 3807 4
3477 9540 15
3477 4958 16
3478 9181 9
3478 9539 20
3479 9595 4
3479 6593 19
3479 4042 6
3479 4021 17
3480 8822 7
3480 9243 5
3480 6826 10
3481 6456 19
3481 6217 12
3481 4447 4
3481 4303 4
3482 8248 1
3482 4806 19
3482 5615 14
3482 7144 15
3483 8179 1
3483 7802 6
3483 8706 10
3484 5352 20
3484 4107 3
3484 7968 3
3485 9667 14
3485 5757 19
3485 7516 20
3485 9412 8
3486 6507 10
3487 5249 15
3487 9024 18
3487 8457 15
3487 8809 15
3487 9891 14
3488 3918 5
3488 4806 20
3488 6955 16
3488 7928 9
3489 8178 13
3489 5416 15
3489 7044 20
3489 4968 7
3490 4337 1
3490 6814 15
3490 7091 5
3490 8514 4
3491 9954 16
3491 7295 18
3491 7424 6
3491 6371 3
3492 8288 19
3492 6950 5
3492 7643 16
3492 7795 20
3492 6579 1
3493 5268 2
3493 3797 13
3493 5771 17
3493 9040 9
3493 6832 13
3493 7404 10
3493 5596 6
3494 7919 18
3495 3624 16
3495 7784 8
3495 9389 10
3495 5897 12
3495 6728 15
3495 8024 13
3496 7812 7
3496 7309 12
3496 9505 17
3496 3904 15
3496 9374 7
3496 3830 4
3496 4142 3
3496 7376 3
3497 5245 7
3497 7648 12
3498 6436 10
3498 4547 20
3499 5409 6
3499 5490 11
3500 9672 18
3500 5190 13
3500 7404 16
3500 3776 9
3500 7623 11
3501 8375 14
3501 4651 10
3502 7886 10
3502 7624 8
3502 9171 4
3502 4825 7
3502 5986 6
3502 7546 18
3503 6259 4
3503 9245 12
3504 6145 13
3504 9918 3
3504 7059 7
3504 3935 14
3504 4981 17
3505 4342 6
3506 8260 8
3506 6640 8
3506 8034 5
3506 5145 20
3506 6158 2
3507 4708 10
3507 4250 14
3507 6749 1
3507 7351 17
3507 4962 10
3508 7843 13
3508 9933 15
3509 5105 10
3510 8834 2
3510 8425 16
3510 7762 5
3510 8368 10
3511 3626 17
3511 9719 2
3511 7655 4
3511 9843 17
3511 5225 16
3512 8820 20
3512 8655 20
3512 5313 20
3513 8328 16
3513 6872 4
3513 6630 16
3513 5701 20
3513 6860 1
3514 3616 18
3514 7019 9
3514 7466 18
3514 6281 3
3514 8377 11
3515 7311 6
3515 5525 16
3516 7590 15
3516 3584 4
3517 5799 3
3517 3661 12
3518 6099 6
3518 5092 16
3519 3635 11
3519 7309 1
3519 7407 15
3519 5842 7
3519 7039 14
3519 3645 3
3519 6786 8
3519 7089 6
3520 5636 2
3520 8578 10
3520 3630 2
3521 6126 13
3521 5266 8
3521 5561 6
3521 3881 6
3522 9033 7
3522 9656 13
3522 8240 6
3522 5002 17
3522 9356 4
3522 5853 19
3522 7577 15
3522 7606 19
3523 8231 20
3523 4927 3
3524 6163 4
3524 9557 3
3524 8314 7
3524 6390 1
3524 8669 16
3525 6089 8
3525 7748 14
3525 7407 13
3525 6130 3
3526 7119 20
3526 6863 13
3526 8920 15
3526 5402 4
3527 6030 19
3527 4594 15
3527 7352 19
3528 4062 14
3529 7802 20
3529 4821 15
3529 5697 17
3530 4166 3
3530 4831 13
3530 4217 6
3530 9809 13
3530 9432 13
3530 8552 16
3531 4475 4
3531 9831 9
3531 5186 3
3531 8448 14
3531 5945 18
3531 8382 6
3531 9530 14
3531 5923 12
3532 6437 19
3532 9059 16
3532 7357 2
3532 9938 2
3532 6921 15
3532 9627 7
3532 6427 6
3533 4193 4
3533 7278 5
3533 3794 15
3534 7836 3
3534 8694 5
3534 9990 3
3534 9970 12
3535 7708 4
3535 5594 20
3535 5421 15
3536 8102 1
3537 8511 20
3537 8717 13
3538 9607 5
3538 7214 15
3538 9893 8
3538 9960 4
3538 9516 14
3538 3652 16
3539 9695 7
3539 9288 9
3539 4418 19
3541 4958 20
3541 9984 5
3541 7242 18
3541 6185 9
3541 9099 5
3541 5028 14
3541 6798 16
3541 8384 17
3542 4716 14
3542 7560 3
3542 4886 15
3543 5978 17
3543 7945 9
3543 9168 1
3544 8020 11
3544 9611 10
3544 8971 18
3544 3847 12
3544 7920 4
3544 7194 5
3545 7933 1
3545 6821 14
3545 7283 4
3545 5105 5
3545 5402 13
3545 4841 17
3546 8015 16
3546 3798 8
3546 4189 16
3546 4859 1
3546 7445 4
3546 8929 9
3546 6380 9
3546 6789 20
3547 9838 17
3547 5661 15
3548 6727 16
3548 8009 4
3548 7855 12
3548 5624 17
3548 3608 20
3549 7446 5
3549 4630 16
3549 5441 18
3550 5224 4
3550 7516 5
3550 6108 12
3550 7020 20
3550 5575 17
3550 6348 8
3551 4437 7
3551 8583 19
3551 8891 19
3551 8180 3
3551 4193 19
3552 9734 16
3552 4134 19
3553 3897 7
3553 6322 14
3554 8714 17
3554 6077 14
3555 9156 9
3555 8664 6
3555 3963 4
3555 8062 11
3555 4341 3
3556 6248 3
3556 4224 5
3556 7130 13
3556 6685 3
3557 6917 1
3557 3888 19
3557 9504 3
3558 8086 5
3558 5638 17
3558 7189 5
3558 9439 16
3559 7264 16
3559 8843 11
3559 8085 13
3559 5821 12
3559 7256 7
3559 8438 20
3559 9323 19
3559 6374 18
3560 4636 7
3560 6305 16
3560 6730 14
3560 8595 15
3561 7476 8
3562 6449 6
3562 9875 14
3562 4729 10
3562 3649 6
3562 8159 14
3562 7608 14
3562 7914 15
3562 6503 15
3563 9127 7
3563 7422 1
3563 8457 3
3563 5535 9
3564 9618 5
3564 9950 7
3564 9314 11
3564 9214 5
3564 7586 16
3564 7495 20
3564 5207 9
3565 6520 8
3566 4861 10
3566 4852 2
3566 9402 15
3566 8976 3
3566 8484 13
3566 9137 5
3567 6851 16
3567 8681 13
3567 4923 14
3567 9252 9
3567 7423 16
3568 7039 17
3568 9701 10
3568 5497 17
3568 7252 14
3568 9891 1
3568 8661 11
3569 9119 13
3569 8667 9
3569 8745 4
3569 5523 8
3569 4511 3
3570 9475 1
3570 7995 13
3570 8758 13
3570 5491 13
3571 9240 2
3571 6928 5
3572 8231 20
3572 8346 16
3573 4530 5
3573 5023 20
3573 7855 10
3574 8698 11
3574 7556 4
3574 6428 7
3574 9168 12
3574 7987 14
3575 7646 1
3575 7662 20
3575 6988 19
3575 7331 2
3576 6483 3
3577 5656 9
3577 4412 17
3577 8633 1
3577 7697 13
3577 6493 18
3577 5719 3
3578 4054 2
3578 7065 14
3578 7705 11
3578 8615 19
3578 9985 12
3578 8613 1
3578 4125 7
3578 9611 13
3579 8691 7
3579 6076 5
3579 3673 14
3580 6965 6
3580 9399 8
3580 6735 16
3580 9430 11
3580 7443 1
3580 9555 11
3580 9122 10
3581 5013 7
3581 4161 5
3582 3811 6
3582 8169 14
3582 3950 1
3582 8611 6
3582 6791 16
3583 8347 18
3583 8360 9
3583 5918 13
3584 4912 6
3584 7858 10
3584 9441 2
3585 6965 13
3585 7989 17
3585 4764 7
3585 6912 15
3585 3626 11
3585 4167 20
3585 6301 9
3586 4863 12
3586 6427 17
3586 9039 16
3586 3746 2
3587 7954 5
3587 3677 7
3587 3663 1
3587 9907 16
3587 5479 3
3588 3811 2
3588 8977 11
3588 5514 13
3588 6909 10
3588 9591 2
3589 6435 1
3589 7672 14
3589 8147 15
3590 3618 10
3590 4080 4
3590 4083 12
3590 7186 17
3590 7614 13
3590 6451 16
3590 8937 20
3590 6793 11
3591 9180 5
3591 7610 10
3591 9419 1
3592 8315 18
3592 5824 16
3592 6045 9
3592 3968 4
3593 9467 11
3593 8433 12
3593 8011 1
3593 6802 15
3593 4902 11
3594 9432 16
3594 4641 14
3595 4471 9
3596 9102 10
3596 7465 19
3597 6542 13
3597 7161 8
3598 5313 19
3598 4024 6
3598 8951 4
3599 8317 10
3599 6668 18
3600 6313 4
3600 7583 19
3601 7348 13
3601 7022 10
3601 6537 6
3602 5629 9
3602 5189 2
3602 7969 10
3602 9390 7
3603 5860 13
3603 5122 12
3603 6978 10
3603 6430 11
3604 6760 3
3605 7762 19
3605 9099 3
3606 6039 14
3607 6163 2
3607 9980 2
3607 3768 6
3607 3710 5
3608 9641 5
3608 8667 14
3608 5520 11
3608 7101 14
3608 7217 16
3609 4971 20
3609 5848 20
3609 9135 6
3609 6042 14
3609 9934 13
3609 5479 5
3609 9063 10
3610 3767 8
3610 7306 9
3610 4220 4
3610 4578 15
3610 9940 18
3610 9528 3
3610 5096 10
3610 8874 17
3610 6385 2
3610 9159 18
3611 6873 20
3611 3776 13
3611 8951 12
3612 4584 18
3612 3793 13
3612 9294 4
3613 7999 10
3613 9748 14
3613 7870 20
3613 8434 5
3613 5552 4
3613 8563 3
3614 6199 19
3614 7244 8
3614 7704 13
3614 5659 18
3614 7266 15
3614 7574 12
3614 8020 16
3615 5384 9
3615 6784 3
3615 5220 6
3615 4888 6
3616 9927 17
3616 9072 16
3616 5747 14
3616 9698 16
3617 4140 1
3617 3646 9
3618 8904 9
3619 5213 10
3619 8812 16
3619 8584 3
3620 3965 18
3620 5628 13
3620 4831 19
3621 6775 10
3621 7303 3
3621 5318 8
3621 6076 20
3621 7371 2
3621 8445 9
3622 8247 2
3622 9380 18
3623 4967 2
3623 9029 17
3623 6597 14
3625 6714 5
3625 6491 17
3625 4547 8
3626 4034 11
3626 5591 11
3626 7858 16
3627 8109 4
3627 5518 10
3627 4786 6
3627 7777 15
3627 5245 2
3627 9858 19
3627 5614 7
3628 6161 3
3629 7145 20
3630 6625 3
3630 5456 6
3630 5247 3
3631 9652 5
3631 9972 11
3631 8720 19
3632 6011 11
3633 4310 8
3633 5507 11
3633 4864 7
3633 7360 5
3633 6607 10
3634 6373 4
3634 7049 6
3635 6467 14
3635 7967 14
3635 4357 13
3636 9177 6
3636 7068 2
3636 8130 14
3637 8366 18
3637 4356 11
3637 6316 13
3637 5858 14
3637 3943 2
3638 9448 20
3638 6931 1
3638 7760 5
3638 8204 17
3639 4553 18
3639 9468 11
3639 4810 10
3639 3847 3
3639 7959 3
3640 6179 3
3640 5702 4
3640 9697 5
3641 5625 1
3641 9070 3
3641 5643 12
3641 6804 2
3641 8316 5
3641 5152 13
3642 8846 3
3642 5814 11
3642 4885 12
3643 5622 9
3643 9493 5
3643 3833 15
3643 9308 15
3643 8623 3
3644 7711 9
3644 4068 3
3644 3834 2
3644 9674 10
3644 9141 12
3644 8837 5
3644 4345 17
3644 3657 18
3645 6225 16
3645 5965 14
3646 6767 10
3646 7286 14
3646 9396 17
3646 4088 17
3646 4975 1
3646 6161 20
3647 9887 1
3647 7076 9
3647 9443 20
3648 8305 11
3648 5712 5
3648 3957 13
3648 7751 1
3648 6124 11
3648 7233 4
3649 6228 17
3649 9388 12
3649 4177 10
3649 7665 13
3649 6167 9
3650 9785 4
3650 7512 7
3650 8142 16
3650 5036 5
3650 8000 18
3650 9967 4
3651 6165 4
3651 7448 5
3651 9574 6
3651 7360 7
3651 4382 3
3651 5692 10
3652 3728 9
3652 9483 18
3652 4699 18
3652 4357 13
3652 5910 8
3653 8140 14
3653 9504 14
3653 3657 17
3654 3772 2
3654 9802 6
3654 6405 20
3654 6865 11
3655 8684 12
3655 5873 9
3656 7640 18
3656 7499 11
3657 5846 19
3657 5722 20
3657 9400 15
3657 5976 11
3658 6430 6
3658 8450 14
3658 9295 12
3659 5820 16
3659 4040 2
3659 4596 2
3659 9550 12
3659 4231 14
3659 9666 5
3660 5571 17
3660 8124 10
3660 4768 10
3660 8447 7
3660 9337 5
3661 5582 20
3661 8982 2
3661 7960 18
3661 7654 3
3662 3823 3
3662 8265 14
3662 9868 2
3662 7271 20
3663 9435 14
3663 6195 6
3663 8991 20
3663 5130 8
3664 8074 19
3664 5487 11
3664 9159 14
3665 5006 3
3665 6477 7
3666 4135 13
3666 3796 3
3666 5452 11
3666 4648 4
3666 5723 1
3666 7482 1
3666 3809 7
3666 5187 16
3666 8245 9
3667 5900 19
3667 9462 5
3667 4059 4
3667 4178 5
3667 4007 1
3668 8315 20
3668 3784 14
3668 7834 20
3668 5431 17
3669 5542 13
3669 7623 2
3669 9990 2
3669 9040 16
3669 9754 15
3670 4749 11
3670 9405 15
3670 4394 3
3671 7968 12
3671 9467 12
3671 4009 11
3671 9365 13
3672 5460 5
3672 8688 7
3673 8335 19
3673 9192 10
3674 7900 16
3674 9161 14
3674 6826 10
3675 9205 14
3675 7362 20
3675 5524 3
3675 7423 10
3676 4236 11
3676 4742 15
3676 5465 17
3676 4876 12
3676 8235 20
3677 9345 1
3677 5085 19
3677 5081 11
3677 6960 4
3678 5272 20
3678 8305 18
3678 8451 1
3679 5308 19
3679 5807 11
3679 7228 20
3680 5085 20
3680 4769 2
3680 9353 12
3680 6591 13
3681 4061 1
3681 9935 7
3681 9298 5
3681 4366 13
3683 4503 13
3683 5067 5
3683 5305 11
3683 4623 4
3683 9503 2
3683 9407 8
3684 4876 4
3684 4022 12
3684 8249 8
3685 8351 1
3685 6957 17
3685 8037 15
3685 6528 2
3685 4434 8
3686 6143 8
3686 6103 1
3686 6638 6
3686 6457 9
3688 6618 14
3688 8418 16
3688 5131 16
3688 9462 14
3688 4066 20
3688 5418 14
3689 4829 18
3690 8316 18
3690 8755 15
3690 5530 1
3690 7256 14
3691 8496 10
3691 9460 3
3691 6289 2
3691 5816 17
3691 7997 2
3692 3948 20
3692 5926 3
3692 5025 1
3692 6057 16
3694 5286 5
3694 5567 19
3694 4687 20
3694 7842 14
3694 5800 16
3694 5164 6
3694 6164 6
3694 6503 10
3694 9214 17
3695 6025 11
3695 4940 12
3696 7364 4
3696 9974 11
3696 9764 15
3697 8561 2
3697 8700 7
3697 6122 9
3697 5854 7
3697 4476 10
3698 4483 19
3698 6865 3
3698 3844 15
3698 4367 3
3699 7432 2
3699 3729 2
3700 4914 8
3700 8849 11
3700 9075 16
3700 6586 2
3700 4699 11
3700 4019 18
3700 4788 8
3700 9840 8
3700 5277 10
3700 6835 19
3701 8447 9
3702 6782 8
3702 7502 16
3702 9067 10
3703 5651 16
3703 5033 12
3703 7250 2
3704 4098 14
3704 4669 7
3704 7341 13
3704 6108 18
3705 9406 11
3705 9726 7
3706 4400 19
3706 4092 20
3706 4018 6
3706 5531 17
3706 4229 13
3706 6362 7
3706 3916 13
3707 4076 19
3707 9934 8
3707 4525 9
3707 4956 3
3708 7138 3
3708 4812 12
3708 6800 5
3708 6835 12
3709 9121 14
3709 4670 9
3709 5364 4
3709 3794 13
3709 7721 12
3710 6628 2
3710 5348 14
3710 9192 10
3710 9203 7
3711 7416 8
3712 5036 1
3712 4236 12
3712 6700 10
3712 4419 2
3712 8325 13
3713 5904 19
3713 4599 14
3714 9868 12
3714 4933 4
3714 7081 9
3714 6530 17
3714 9425 5
3715 7933 13
3715 8378 18
3715 3720 6
3715 9997 15
3716 7253 5
3716 4996 11
3716 3903 14
3717 7621 8
3718 8871 20
3719 6579 8
3719 5158 2
3719 5940 2
3719 9208 19
3719 5431 5
3720 7193 5
3720 9764 9
3720 6280 3
3720 5488 3
3721 8841 16
3721 7494 16
3721 3998 4
3721 8206 12
3722 9160 12
3723 7320 7
3723 6200 14
3723 3733 16
3724 5014 8
3724 7612 4
3724 7180 16
3724 5334 10
3725 3920 6
3725 7218 3
3725 8873 4
3725 5873 11
3725 7674 5
3725 4806 4
3726 6837 19
3726 4576 6
3727 5912 14
3727 4708 20
3727 9662 8
3727 4658 14
3728 9463 1
3728 6677 19
3728 6512 19
3728 3996 16
3728 5186 2
3728 7058 16
3728 7220 7
3728 8797 20
3728 4272 20
3729 4237 12
3730 7549 12
3730 5265 4
3730 5897 8
3730 8466 3
3730 9406 1
3730 9482 8
3730 9314 19
3731 4549 18
3731 5750 14
3732 9897 18
3732 8413 17
3732 9885 14
3732 9489 7
3733 4741 11
3733 5269 20
3733 5208 10
3733 7859 4
3733 9774 5
3733 8463 8
3733 9727 1
3733 8851 16
3733 9763 12
3734 8570 13
3734 4215 15
3734 5661 10
3735 5605 11
3735 5561 8
3735 7818 15
3736 7829 16
3737 8038 2
3737 8519 20
3738 6909 13
3738 6111 9
3739 5629 5
3739 8684 5
3739 5334 12
3739 6731 14
3740 4762 7
3740 7475 17
3741 8587 12
3741 7472 3
3741 6091 14
3741 8791 1
3741 4333 7
3741 5146 4
3742 8731 5
3743 6779 3
3743 5045 20
3744 9435 3
3744 4409 10
3744 7349 9
3744 6427 5
3744 7380 7
3745 8014 18
3745 8668 3
3745 4276 10
3745 4514 11
3746 8780 9
3746 5786 2
3746 3948 8
3746 9776 5
3747 9150 16
3747 4306 9
3747 7285 4
3747 7452 11
3747 6441 9
3748 5000 14
3748 7843 9
3749 7433 6
3749 4098 5
3749 5183 12
3749 6691 12
3750 9424 19
3750 9713 5
3750 5545 5
3750 5918 16
3750 7260 3
3751 6276 20
3751 5233 6
3751 7888 1
3753 6708 16
3753 6046 10
3753 5165 9
3753 9864 3
3753 4834 4
3754 8700 10
3755 7568 17
3755 9353 13
3755 7484 6
3755 8689 20
3757 5068 16
3757 4754 17
3757 9431 7
3757 7937 5
3758 7725 17
3758 6584 10
3758 7901 11
3759 7899 7
3759 4370 17
3759 4888 4
3759 9736 6
3760 9547 19
3760 9975 4
3760 5423 14
3760 8605 14
3760 6992 2
3760 7975 9
3761 6103 1
3761 6137 1
3762 6214 19
3762 4045 18
3762 9410 19
3764 7317 8
3764 9328 14
3764 8741 18
3764 9656 15
3764 7513 2
3764 6713 3
3765 9287 16
3765 8884 5
3765 8595 3
3766 9486 12
3766 7883 3
3766 4599 18
3766 5412 9
3767 5396 15
3767 5645 10
3768 6223 9
3768 4051 2
3768 5698 2
3768 5002 2
3769 5336 11
3769 9904 9
3769 5468 8
3769 5788 3
3770 9075 6
3770 4689 5
3770 8725 6
3770 6301 14
3770 3960 10
3770 6222 19
3770 6341 6
3770 8275 8
3771 9567 5
3771 8678 15
3772 5437 6
3772 4748 10
3772 5499 10
3772 3846 12
3773 5998 2
3773 9542 8
3773 5615 17
3774 9915 19
3774 9077 7
3774 7962 10
3774 7026 16
3774 9193 14
3775 8838 9
3775 4564 20
3775 8462 19
3775 9032 11
3775 7158 6
3775 3934 7
3776 5598 5
3776 9222 11
3777 8535 7
3777 7118 16
3778 5503 16
3778 7081 10
3779 9981 6
3779 9449 6
3779 4166 14
3780 7181 15
3780 9348 3
3780 7854 13
3781 7853 10
3781 9746 18
3781 9530 9
3781 8933 8
3781 9818 12
3782 5930 4
3782 6216 10
3782 4095 12
3782 8046 10
3782 8513 13
3782 6051 5
3783 9290 13
3783 9369 2
3783 4446 11
3783 8666 11
3783 3968 8
3783 6748 17
3784 8710 12
3784 7481 12
3784 4661 12
3784 5302 18
3785 5027 17
3785 6962 11
3786 5406 19
3786 6455 19
3787 7483 4
3787 6332 17
3787 9413 19
3787 6342 2
3788 6275 8
3788 3893 9
3789 6729 16
3789 7170 15
3790 6504 9
3790 8000 9
3790 9154 20
3791 5020 19
3791 9785 12
3791 8268 18
3791 7756 11
3791 8903 7
3792 4720 20
3792 8515 4
3792 8189 4
3792 9306 3
3793 5302 8
3793 3812 2
3793 9553 18
3794 5772 7
3795 4565 5
3795 8836 3
3795 5794 6
3795 9843 4
3795 4989 14
3796 7308 4
3796 3829 15
3796 4909 14
3797 8766 5
3797 5063 12
3798 7570 3
3798 8861 19
3798 6371 15
3798 7881 7
3798 6188 4
3799 7993 1
3799 4916 5
3799 9887 20
3799 7194 17
3799 6261 8
3800 7385 7
3800 9379 4
3800 7894 5
3800 9254 14
3801 3902 11
3801 9198 5
3801 7731 17
3801 7078 4
3802 7178 1
3802 7325 2
3802 9606 15
3802 5952 10
3802 5234 20
3803 6101 18
3803 5518 18
3803 4957 18
3803 5311 16
3803 6126 3
3803 8621 1
3803 6492 12
3804 7555 9
3804 9406 17
3804 9770 10
3804 7180 2
3804 5870 9
3804 8903 8
3805 4666 18
3805 5771 2
3805 5274 2
3805 5687 18
3806 8478 13
3807 3822 14
3807 6354 14
3807 7266 11
3808 8372 17
3808 9283 3
3808 4542 11
3808 6615 7
3809 7817 20
3809 5228 8
3809 8029 13
3810 9336 5
3810 8248 5
3810 6174 8
3810 7141 8
3810 5255 20
3810 8907 7
3810 9064 13
3810 8004 9
3810 5200 14
3811 9857 19
3811 9201 12
3811 4007 9
3811 5833 19
3811 6692 10
3812 5189 14
3812 4759 12
3812 5076 19
3812 9067 5
3812 8135 1
3812 6250 12
3813 9935 10
3813 7224 17
3813 6776 18
3813 7646 17
3814 6478 12
3814 7540 2
3814 8036 15
3815 6958 7
3816 8396 5
3817 5383 12
3817 4093 15
3817 4441 20
3817 9987 3
3817 7027 14
3817 9192 6
3818 4769 20
3818 7093 2
3819 9823 16
3819 8407 16
3819 9943 6
3820 6784 14
3820 7455 20
3820 7590 5
3821 6474 12
3821 4957 6
3822 4067 7
3822 5538 5
3822 4317 2
3823 5214 20
3823 5925 20
3823 9127 13
3823 4446 14
3824 5120 5
3824 3951 15
3824 8951 5
3825 7029 11
3825 7062 2
3826 6730 16
3826 7279 1
3826 7411 3
3826 4744 5
3826 8464 2
3828 6222 1
3828 7753 18
3828 4919 10
3828 6617 2
3829 6676 16
3829 7773 12
3829 6132 17
3829 6782 17
3829 4664 6
3830 7724 5
3830 7236 5
3830 6077 16
3830 7607 5
3831 5739 10
3831 6979 17
3831 6277 11
3831 6621 19
3831 7248 20
3831 7783 8
3832 7117 3
3833 7355 16
3833 8704 17
3833 4920 11
3833 4832 17
3835 8650 16
3835 7795 17
3836 9438 16
3836 5005 7
3836 9937 9
3836 5140 2
3837 9703 12
3837 5128 8
3838 8090 18
3838 5313 13
3838 9995 16
3839 7191 13
3839 4996 15
3839 5794 15
3840 6486 1
3840 8774 7
3840 9792 16
3841 4451 7
3841 5263 15
3841 7377 19
3842 5416 13
3842 8585 16
3842 9275 5
3843 4472 18
3843 4458 2
3844 4056 7
3844 9503 14
3845 4975 15
3845 9839 4
3845 9566 19
3845 6148 19
3845 5972 19
3845 7108 9
3845 7561 13
3845 4778 12
3845 4567 2
3845 9760 3
3846 9595 6
3846 4910 7
3847 7715 11
3847 7458 16
3847 7339 17
3847 6373 5
3847 9427 6
3847 6253 7
3848 5729 20
3848 9792 9
3848 8725 20
3848 6149 15
3848 8778 2
3848 4630 18
3849 9008 8
3849 7202 10
3849 5448 2
3850 6607 14
3850 5731 5
3850 7662 13
3850 5366 5
3851 3970 20
3852 6047 12
3852 7046 8
3852 5067 13
3852 8264 10
3852 4967 10
3852 4357 3
3852 4674 9
3853 4399 18
3853 7018 16
3853 8798 16
3853 7744 15
3854 7073 10
3854 9060 11
3854 9483 19
3854 6870 19
3855 6070 9
3855 5134 4
3856 7667 17
3856 6737 18
3856 3958 8
3857 3903 13
3857 5397 17
3857 9131 1
3858 7319 18
3858 4289 19
3858 7826 17
3859 9560 17
3859 5846 2
3859 6367 19
3859 7143 7
3859 9442 6
3860 7803 1
3860 9137 15
3860 7365 20
3860 4548 13
3860 5382 10
3860 9882 10
3861 5046 17
3861 5679 3
3861 5725 16
3861 7662 12
3862 6326 12
3862 5272 5
3862 7770 11
3863 9098 8
3863 4748 20
3863 9857 3
3863 6689 6
3863 5454 12
3864 8710 11
3865 6388 5
3865 6636 11
3865 9593 1
3865 5435 1
3865 8828 7
3865 4287 2
3865 6911 18
3866 4409 19
3867 9757 15
3868 7285 7
3868 9850 16
3868 5553 14
3868 7245 2
3868 9040 6
3868 6536 16
3869 4953 17
3869 7944 16
3869 5952 2
3869 6703 7
3869 8902 8
3869 7333 5
3870 4167 4
3870 7387 11
3870 6602 17
3870 8655 7
3871 8313 13
3871 4967 7
3871 4949 2
3871 6597 7
3872 8763 20
3872 5792 5
3872 5565 17
3872 9968 12
3872 9005 17
3872 5586 14
3872 7202 15
3873 5060 9
3873 6272 8
3873 5492 13
3873 7291 1
3873 9167 10
3874 9601 17
3874 6444 20
3874 9231 17
3875 9707 17
3876 5454 8
3876 9369 8
3878 8161 13
3878 5583 5
3878 9743 18
3878 8622 4
3878 9220 15
3878 7667 11
3879 8765 1
3879 7756 14
3879 7778 2
3880 7738 19
3880 5394 10
3881 4944 15
3881 7507 3
3881 8051 18
3881 6267 17
3881 7077 17
3882 9370 1
3882 9748 13
3882 3964 20
3883 9984 12
3883 4549 3
3884 6759 8
3885 4413 3
3885 5384 19
3886 5773 4
3886 8904 9
3886 8133 6
3887 7714 19
3887 4273 14
3887 9358 15
3888 4104 7
3888 8136 1
3889 7813 15
3889 5004 9
3890 7087 13
3890 4030 18
3891 5968 13
3891 9283 7
3892 8370 18
3892 6992 13
3892 9764 10
3893 4720 13
3893 8143 3
3893 7367 2
3893 5529 15
3893 6972 18
3893 6202 4
3893 7390 6
3894 8959 15
3894 8813 15
3895 4907 20
3896 9726 9
3897 5137 20
3898 9647 4
3898 6277 16
3898 8409 14
3898 8317 11
3899 8423 11
3899 5682 17
3900 9827 20
3900 4572 18
3901 4216 17
3901 3939 5
3902 6878 8
3902 4781 20
3902 5969 3
3903 4521 14
3903 7663 5
3903 6112 16
3903 4096 2
3905 7759 10
3905 5858 20
3905 8253 4
3905 5377 10
3905 5561 4
3906 5329 17
3906 4213 12
3906 7883 14
3906 4110 5
3907 9714 8
3907 6649 8
3907 9037 7
3908 5003 18
3908 6773 8
3908 8417 4
3908 8100 13
3908 5012 16
3909 5487 6
3909 5002 19
3909 5909 2
3909 8350 2
3909 4506 8
3909 4912 15
3909 4838 5
3909 5922 10
3909 9397 16
3910 4351 2
3910 6484 19
3910 5286 9
3910 4681 4
3911 4361 20
3911 9954 12
3911 6124 3
3911 4540 7
3912 5254 2
3912 5054 16
3912 4773 10
3912 6934 11
3913 5528 12
3915 6504 5
3915 5228 20
3915 6357 2
3916 7876 1
3916 7343 7
3916 3961 12
3916 8680 20
3917 6350 6
3917 6542 1
3917 9385 12
3918 8749 16
3918 5307 2
3918 4288 18
3918 6539 7
3918 4114 19
3918 9594 5
3919 7939 5
3919 6750 14
3919 9490 8
3919 7693 1
3919 8086 7
3919 7323 2
3919 7353 16
3919 5211 17
3920 9614 8
3920 6046 16
3920 7429 3
3920 5345 14
3920 9794 9
3921 6498 5
3921 8108 20
3921 9444 9
3921 9642 13
3921 5253 4
3921 5301 5
3921 4212 12
3922 9273 16
3922 9581 20
3922 5975 18
3922 4673 4
3923 8040 6
3924 6917 7
3924 4623 7
3924 6594 4
3924 6890 14
3924 4163 1
3925 9781 7
3925 5918 2
3925 6659 18
3925 4554 20
3926 8538 20
3927 8137 6
3928 8508 12
3928 5889 13
3928 5860 8
3929 5900 3
3929 6583 3
3930 5906 10
3930 4449 1
3931 7725 6
3931 6819 4
3932 8401 12
3932 7802 7
3932 6336 2
3932 6788 17
3932 8379 1
3933 4647 10
3933 8996 2
3934 7474 6
3934 7393 15
3934 7975 14
3934 6574 3
3934 6816 15
3935 9024 16
3935 4129 18
3936 6866 4
3936 8588 6
3936 6807 17
3937 9096 19
3937 8475 8
3937 3994 8
3937 4410 5
3937 5131 8
3937 5863 9
3937 7008 12
3937 5871 9
3938 9386 5
3938 5419 5
3938 6720 7
3938 7554 3
3938 6119 16
3938 8948 16
3939 9239 17
3939 9501 4
3939 8446 13
3940 8114 6
3940 8644 4
3940 4552 9
3940 9578 6
3941 9349 16
3941 8595 14
3941 7531 12
3941 5292 14
3941 9653 11
3942 5279 15
3942 9104 1
3942 5710 16
3942 7890 14
3943 9968 5
3943 7041 3
3943 7557 9
3943 4866 4
3944 7491 14
3944 9177 7
3944 8692 11
3944 5884 2
3945 8153 5
3946 9295 3
3946 5421 10
3946 3987 6
3946 9233 3
3946 4807 1
3947 5251 13
3947 7498 4
3947 8384 4
3948 6542 9
3948 6634 3
3948 4522 2
3948 4467 13
3948 6539 10
3949 8185 11
3949 8112 11
3950 9576 17
3950 8271 6
3950 7375 1
3950 9407 1
3951 4366 19
3951 8724 9
3951 8796 3
3951 7189 5
3951 8511 9
3952 4633 9
3952 4214 12
3953 8102 4
3953 4064 13
3953 4739 4
3953 8114 20
3953 5021 10
3953 6245 14
3954 4979 11
3954 9889 8
3954 4728 15
3954 7252 1
3955 9426 20
3955 9124 5
3955 6035 7
3955 8873 17
3955 4407 16
3955 6497 20
3955 4755 17
3956 8831 8
3957 6794 6
3957 5376 8
3957 5570 6
3958 8411 8
3959 7098 13
3960 5228 15
3960 8796 15
3961 9645 1
3961 7139 20
3961 8493 18
3961 5710 19
3961 8906 12
3962 8202 7
3962 9105 10
3962 5022 5
3962 9563 12
3962 7868 3
3963 6102 16
3963 7268 2
3964 8585 4
3964 7883 7
3964 7898 11
3964 5937 17
3964 6638 18
3964 5042 3
3965 4961 6
3965 4348 4
3965 6139 12
3965 7237 12
3965 4443 12
3965 5542 5
3966 6825 9
3967 7590 18
3967 7832 19
3967 5568 20
3968 4387 8
3968 6383 1
3968 8109 17
3968 7103 16
3969 7171 4
3969 9200 7
3969 4811 1
3969 9958 4
3969 9895 13
3969 5576 3
3970 4034 18
3970 4043 17
3970 9881 1
3970 8826 10
3970 6471 3
3970 7305 4
3970 6256 6
3970 8970 3
3970 6306 5
3971 5339 13
3971 9150 4
3971 6912 2
3971 9821 19
3972 6410 1
3972 9952 14
3972 8279 4
3972 5630 2
3973 4734 5
3973 4533 19
3974 7846 13
3974 4979 16
3974 4936 9
3974 9084 14
3975 4954 20
3976 7869 16
3976 9777 15
3977 9370 17
3977 7593 1
3977 9597 7
3977 7002 10
3978 9700 19
3978 6363 7
3978 8848 4
3978 7851 14
3979 4737 8
3980 5302 20
3980 8134 7
3980 9869 10
3981 7749 18
3981 9587 8
3981 4532 12
3981 8188 12
3982 5385 15
3982 7906 10
3982 9090 19
3982 4011 1
3982 9272 18
3983 9502 11
3983 9248 15
3984 9256 10
3984 7871 16
3985 7923 3
3985 4693 16
3985 6903 15
3985 6658 4
3985 8806 11
3986 5016 11
3986 4954 14
3986 8367 10
3987 6989 17
3987 8108 19
3987 7935 13
3987 9986 9
3987 8802 8
3989 5199 5
3989 7354 5
3989 5894 9
3989 6193 13
3990 5464 19
3990 7020 13
3990 4138 8
3990 9002 4
3991 9535 18
3991 6124 4
3991 7045 11
3991 7390 18
3992 8977 20
3992 4862 20
3992 7870 14
3992 4763 1
3992 6630 19
3992 5549 20
3993 7483 7
3993 7646 6
3994 5901 13
3994 9069 7
3995 7613 9
3995 5553 7
3995 7222 2
3995 4233 20
3995 4927 5
3995 4054 14
3996 8454 6
3996 7838 1
3997 5927 10
3997 6584 17
3997 8915 5
3997 4304 9
3998 4801 1
3998 9182 4
3999 7504 12
3999 5542 5
4000 8702 3
4000 5626 15
4000 6558 7
4000 6932 18
4000 4528 4
4001 8652 2
4001 9869 3
4001 4795 17
4001 4925 20
4001 7951 15
4002 6054 8
4002 4130 7
4002 5835 6
4002 6663 10
4002 8674 16
4002 9300 4
4002 7595 11
4003 7590 6
4003 4347 11
4003 7171 18
4003 8251 19
4004 6181 20
4004 9440 20
4004 5208 13
4005 6493 16
4005 6671 8
4005 6782 20
4005 6576 2
4006 7037 7
4006 5958 4
4006 7871 13
4006 4600 19
4006 8476 15
4007 8300 6
4007 9651 17
4008 7844 4
4008 5857 18
4008 4579 17
4008 9215 12
4009 8053 18
4009 4195 9
4009 6805 2
4009 9500 15
4009 5527 8
4009 5454 10
4011 7784 8
4011 9188 3
4011 6389 19
4012 4506 1
4012 6653 18
4012 6947 12
4012 5320 15
4012 6669 7
4012 8171 9
4012 8029 13
4013 6678 20
4013 9435 17
4013 9260 14
4014 9883 15
4014 6429 11
4014 9597 18
4014 7638 20
4014 7992 16
4015 6623 2
4015 6632 3
4015 7273 11
4015 6909 10
4015 9257 5
4015 6140 5
4016 5084 16
4017 7740 2
4017 5371 20
4017 5134 12
4017 5080 12
4017 5450 16
4018 9495 15
4018 7455 6
4018 6194 2
4018 9678 2
4018 9622 11
4019 7760 8
4019 9311 14
4019 9094 18
4019 9768 17
4020 5581 20
4020 9604 2
4020 5116 18
4020 8518 19
4021 5908 14
4021 6906 9
4022 6232 8
4022 4480 11
4022 6698 8
4023 5087 18
4023 5386 6
4023 4765 2
4023 9905 4
4024 6143 18
4024 4280 16
4024 9335 16
4024 6007 14
4024 9143 15
4025 8498 3
4025 7677 6
4025 4481 19
4025 4199 9
4025 5000 9
4025 7976 3
4025 8354 3
4025 9219 12
4026 9335 8
4026 4835 1
4026 9857 20
4026 9990 4
4026 7613 5
4027 7576 16
4027 9631 2
4027 4643 15
4027 6741 7
4027 5469 13
4028 6278 13
4028 8978 6
4028 4658 2
4028 5286 14
4028 6646 5
4029 4473 16
4029 7985 5
4029 5692 9
4030 5602 9
4030 6710 15
4030 9328 1
4031 5112 19
4031 5493 19
4031 6518 14
4031 4261 16
4031 8372 9
4032 6832 12
4032 5635 1
4032 4754 15
4032 7287 3
4032 6313 14
4032 4252 5
4033 9333 8
4033 5131 19
4033 9809 5
4033 6658 12
4033 9010 5
4034 5543 14
4034 5685 12
4034 7330 12
4034 4129 11
4034 6255 15
4035 7378 11
4035 6457 15
4035 8021 14
4035 8370 17
4036 4550 4
4036 6250 4
4036 5677 6
4036 9465 1
4036 9901 2
4036 8852 12
4036 4039 14
4037 4839 11
4037 6640 11
4038 4571 12
4038 5424 8
4038 5138 2
4038 5069 9
4039 9789 1
4039 7278 16
4040 8123 9
4040 6526 7
4040 9182 20
4040 7792 7
4041 4060 17
4042 8950 15
4042 5644 6
4043 7005 15
4043 7740 1
4043 6222 16
4043 9378 12
4043 4194 20
4044 9909 7
4044 4238 8
4044 7132 12
4045 8819 20
4045 6341 6
4045 9300 10
4045 6055 6
4045 4454 7
4045 5130 18
4045 9139 10
4045 7672 9
4046 6849 18
4046 8736 5
4047 6774 8
4047 9961 5
4047 5563 18
4047 5980 19
4047 5614 1
4049 7257 4
4049 5368 16
4049 4209 3
4050 4246 2
4050 6720 13
4050 5069 7
4050 6705 16
4051 6317 17
4051 9402 3
4051 7165 4
4052 7031 18
4052 4364 14
4052 6363 17
4053 4655 19
4053 9865 8
4053 6960 18
4053 7953 7
4054 8807 19
4054 9478 11
4054 8740 9
4055 7546 7
4055 6434 9
4055 9889 11
4055 7742 16
4055 7164 3
4055 7293 5
4055 6087 18
4056 7275 10
4056 8920 2
4057 8239 7
4057 6145 17
4057 9337 9
4057 9593 2
4058 9992 12
4059 7172 18
4059 6576 17
4059 8820 15
4060 7111 1
4060 5980 9
4060 6586 20
4060 9397 3
4061 5072 19
4061 7465 7
4062 8567 4
4062 4319 18
4062 7277 15
4062 8908 8
4063 4891 5
4064 6403 8
4065 4371 7
4065 9066 11
4066 4627 4
4066 8288 19
4067 6850 11
4067 5816 2
4067 6819 20
4067 9977 14
4067 4314 5
4067 5861 7
4067 5494 8
4067 5269 10
4067 8043 9
4068 7388 1
4068 4925 12
4068 4561 19
4068 5778 8
4068 9614 18
4068 5066 20
4068 5168 18
4068 4620 8
4070 8162 8
4070 4472 7
4070 7453 7
4070 6036 15
4070 4205 17
4070 7938 16
4071 4085 7
4072 7895 8
4072 4578 11
4072 6730 17
4072 5576 2
4072 9400 11
4073 4921 18
4073 6491 6
4073 4338 20
4073 8726 19
4073 5967 17
4073 9899 20
4073 7805 11
4073 4902 19
4073 7680 17
4073 9562 3
4074 4532 10
4074 6175 17
4075 9339 18
4075 5810 1
4075 4762 11
4075 7607 20
4075 8483 11
4075 7141 3
4075 8620 12
4076 9855 11
4076 9710 14
4076 4659 16
4076 6852 9
4076 5007 13
4077 5992 10
4077 5564 5
4078 6304 6
4078 8011 15
4078 4620 7
4078 5463 2
4078 8497 2
4079 4966 14
4079 8719 8
4079 8448 13
4079 8821 10
4079 9803 15
4079 4463 2
4079 5354 9
4079 6401 17
4080 8764 16
4081 6064 2
4081 8005 10
4081 5164 5
4081 6461 17
4081 4657 2
4082 9132 9
4082 8907 18
4082 5782 20
4082 8453 4
4082 7482 20
4083 7431 5
4084 9782 20
4084 5487 10
4084 7931 9
4084 5579 15
4085 4833 14
4085 8475 7
4085 8750 7
4086 4607 15
4086 5322 16
4086 5222 20
4086 9123 19
4087 4606 8
4087 5585 17
4087 5449 1
4088 4124 9
4088 5337 15
4088 5593 2
4088 8700 4
4089 4566 8
4089 6008 1
4090 7804 7
4090 5271 15
4091 6138 14
4091 9854 1
4091 7119 9
4091 8939 19
4092 7579 4
4092 5537 19
4092 4170 4
4092 6875 16
4093 7979 20
4093 4375 19
4094 6467 15
4094 8893 1
4094 9994 11
4094 5707 15
4094 8040 19
4095 5782 15
4095 9332 7
4096 5394 4
4096 8037 1
4096 7469 17
4096 7620 2
4096 9508 6
4097 7484 16
4097 6251 3
4097 5309 8
4097 7244 14
4097 7541 6
4098 7254 6
4098 7246 11
4098 9324 12
4098 6565 16
4099 8907 17
4099 9508 10
4099 8261 3
4099 4837 19
4100 8934 1
4100 6361 8
4100 6723 5
4100 4447 5
4101 9802 5
4101 7165 3
4101 8344 4
4101 7232 8
4101 6713 17
4102 9891 17
4102 5477 14
4102 4642 20
4102 6168 3
4102 8516 18
4103 6913 13
4103 8535 14
4104 9961 1
4104 8029 16
4104 7433 1
4104 8260 20
4104 5400 10
4105 7305 3
4105 6812 19
4105 7284 11
4105 7688 16
4105 4453 6
4105 7968 9
4106 8850 3
4106 6379 14
4107 9498 18
4107 5023 11
4108 8312 17
4108 5576 9
4110 6228 12
4110 6673 7
4110 8695 13
4111 9210 19
4111 5648 17
4111 4428 3
4111 7580 2
4111 7822 12
4112 9902 7
4112 6627 10
4112 8991 1
4113 8919 12
4113 9848 8
4113 4911 10
4114 8004 16
4114 7565 10
4114 8657 19
4114 8182 6
4114 5642 7
4115 6960 2
4115 8739 18
4115 6174 3
4115 6453 2
4115 5476 16
4116 6591 20
4116 7735 19
4116 5843 8
4116 7857 9
4116 8663 12
4116 6430 13
4117 9105 12
4117 7882 3
4117 8028 8
4117 5051 19
4118 5023 1
4118 7121 16
4118 6396 6
4118 4908 13
4118 8732 15
4118 5931 10
4119 8669 11
4119 8576 8
4119 9317 8
4119 4150 20
4119 5266 13
4119 7936 5
4119 7291 11
4120 8573 19
4120 9877 19
4120 7567 19
4121 8465 3
4121 5734 15
4121 6626 18
4122 4318 1
4122 5794 6
4122 6056 16
4123 5916 4
4123 8320 11
4123 5215 6
4123 5180 5
4123 6567 15
4125 8605 8
4125 9629 16
4125 6464 6
4125 5274 5
4125 5587 14
4125 9798 7
4126 6531 17
4126 9207 14
4126 4980 4
4126 5402 15
4127 9143 4
4127 7568 13
4127 9942 18
4128 9874 3
4128 7520 7
4128 9334 18
4128 8186 7
4128 9177 11
4128 7486 17
4129 4552 4
4129 6747 16
4129 9446 17
4129 8972 4
4129 8353 1
4130 6258 12
4131 7780 5
4131 6382 10
4131 6298 11
4132 4586 1
4132 5932 7
4133 6906 11
4133 7575 15
4133 4280 18
4134 6050 7
4134 8335 12
4134 8425 10
4134 8494 6
4135 5296 3
4135 5807 4
4135 8667 7
4135 5333 11
4135 5079 16
4136 7827 20
4136 4342 13
4137 9019 3
4137 4775 10
4137 5473 9
4138 9517 10
4139 6247 1
4139 8759 2
4139 7578 11
4139 9981 15
4140 8966 19
4140 5983 19
4140 9152 16
4140 4562 20
4140 7263 18
4141 7091 10
4142 8660 8
4142 7328 3
4142 5068 11
4142 6592 6
4143 9176 6
4143 4951 16
4143 7975 20
4143 9957 3
4143 5227 4
4143 6933 1
4143 9903 15
4144 9055 10
4144 5676 14
4144 8828 12
4145 4492 11
4146 8378 2
4146 5472 13
4146 4413 12
4146 7145 8
4146 4673 1
4146 6569 6
4146 4992 1
4147 6352 1
4147 6105 14
4147 4179 18
4147 8872 13
4147 7918 12
4147 8769 6
4148 9595 7
4148 5313 6
4148 9938 2
4148 7224 10
4148 5353 5
4149 8362 1
4149 5642 10
4149 5905 6
4149 8049 5
4150 7434 9
4151 5823 15
4151 6425 1
4152 9832 9
4152 6485 6
4152 7750 17
4152 4465 10
4153 5968 17
4153 5875 11
4153 7793 2
4153 6107 3
4154 5962 7
4154 7865 13
4155 6116 16
4155 9590 5
4155 8184 10
4155 7323 11
4155 7251 1
4156 6183 18
4157 7925 20
4157 8237 8
4157 9767 5
4157 4784 2
4157 4981 1
4157 6176 17
4158 4340 11
4158 9497 18
4158 9788 15
4159 4276 11
4159 5180 5
4160 5080 3
4160 9869 19
4161 7529 8
4161 8354 6
4162 9015 13
4162 8518 20
4163 9495 10
4163 4568 9
4164 9792 13
4164 6225 10
4164 9723 8
4165 7200 4
4165 6124 1
4165 4359 5
4166 6690 19
4166 5684 4
4166 4491 5
4166 8479 1
4167 5889 19
4168 4614 16
4168 7146 14
4169 5262 11
4169 7032 17
4169 8072 7
4169 5009 12
4170 6129 16
4170 6574 4
4171 6369 16
4171 4223 17
4172 5640 14
4172 6316 5
4172 6849 1
4172 8317 17
4172 4308 20
4172 8133 6
4173 6607 15
4173 9018 19
4173 9928 19
4173 4923 16
4173 4616 20
4173 5877 7
4173 7456 9
4173 8174 18
4173 9697 7
4174 8802 6
4174 8604 19
4174 9897 9
4174 8132 17
4175 9593 1
4175 7396 16
4175 4452 9
4175 5878 5
4176 6132 13
4176 5705 17
4176 9161 20
4176 4201 1
4176 8089 4
4176 7355 15
4177 4270 12
4177 6884 2
4177 6138 4
4177 6823 15
4178 5188 16
4179 5129 12
4179 4670 9
4179 6638 15
4179 9513 12
4180 6534 2
4180 7423 8
4180 9309 3
4180 9215 14
4180 9945 17
4181 7423 4
4181 6745 12
4182 5711 15
4182 8335 7
4182 5586 14
4182 7847 14
4182 4720 10
4182 8969 1
4182 7652 20
4183 9571 14
4183 9889 18
4183 5781 1
4183 7192 4
4183 8045 6
4183 4830 1
4184 9429 1
4184 7708 7
4184 4880 19
4184 6805 1
4185 6250 17
4185 8396 4
4185 4350 20
4185 8299 15
4185 4278 2
4185 5846 10
4185 7130 15
4185 8042 13
4185 9869 11
4186 4742 20
4186 4929 11
4186 7350 10
4188 4951 10
4188 5410 2
4188 4884 18
4188 6064 18
4188 8460 18
4189 6390 17
4189 6372 11
4190 6147 1
4190 7759 7
4190 9409 16
4190 9647 6
4191 6961 3
4191 4727 19
4191 8364 7
4191 8119 1
4191 8439 10
4193 9671 3
4193 7440 18
4194 7242 1
4194 7173 17
4194 8752 10
4194 5240 18
4194 4302 5
4195 4621 19
4195 8609 14
4195 4558 1
4196 4233 10
4197 4578 14
4198 7619 6
4198 4920 2
4198 9784 18
4198 8337 16
4198 5480 8
4199 4437 18
4200 6809 10
4200 7911 8
4200 4404 5
4201 7849 6
4201 7503 4
4201 7613 12
4202 6524 13
4202 5250 8
4203 6322 10
4203 6504 7
4203 9723 20
4205 5742 16
4205 4956 14
4205 7035 17
4205 8231 5
4206 9215 12
4206 8147 5
4206 7228 8
4207 5019 17
4207 9418 4
4208 7692 11
4208 7954 10
4208 9685 16
4209 4509 10
4209 5416 7
4209 6161 6
4209 4314 20
4209 6047 20
4210 7711 12
4210 8073 11
4211 4259 15
4211 5368 12
4211 8753 11
4212 4789 8
4212 4571 17
4212 4479 8
4212 5320 12
4212 8156 1
4212 9104 14
4212 9322 12
4213 5482 9
4213 9891 3
4213 4733 7
4214 6242 19
4214 4229 1
4214 5012 16
4214 5622 9
4214 6889 9
4214 7715 8
4215 7518 5
4215 6244 19
4215 6249 16
4216 5530 19
4216 5298 5
4216 9901 1
4216 7970 6
4216 5315 5
4216 7270 6
4217 4244 4
4217 5036 5
4217 6426 8
4217 8695 15
4219 8613 1
4221 7587 8
4221 5246 5
4221 8094 5
4222 8409 17
4222 9133 17
4222 9619 18
4222 9865 20
4223 6695 16
4223 4478 2
4224 5575 6
4224 9669 14
4224 5444 1
4224 8223 2
4224 6229 12
4224 8051 5
4225 9749 2
4225 7799 14
4225 5311 4
4225 9309 1
4225 4867 17
4225 9205 10
4225 6284 4
4225 7560 1
4226 7753 13
4226 7404 19
4227 9079 16
4227 6365 16
4228 9454 15
4228 6054 11
4229 9750 7
4229 8660 5
4230 4336 8
4230 6927 18
4230 7487 13
4230 8947 7
4231 6219 16
4231 6595 16
4231 9512 7
4231 9460 13
4231 6914 10
4232 5813 5
4232 9111 4
4232 7343 15
4232 8038 18
4232 5964 11
4233 8312 16
4234 4518 6
4234 6027 6
4234 6125 17
4234 5664 1
4235 6474 9
4236 5752 8
4236 4999 13
4237 9159 20
4237 8573 3
4237 6962 15
4237 4286 10
4237 8174 6
4237 7502 7
4237 4381 18
4237 9645 2
4238 9707 18
4238 6815 14
4238 5452 20
4238 8090 3
4239 5955 19
4240 8602 3
4240 7474 17
4240 5987 2
4242 8953 19
4243 4638 18
4243 6886 4
4243 9867 16
4244 4579 10
4245 5402 11
4246 8427 11
4246 4313 5
4246 5579 15
4246 7109 11
4247 8608 7
4247 4828 16
4248 9896 1
4248 6308 1
4249 6697 9
4249 4832 4
4249 5361 2
4250 6857 6
4250 4726 7
4250 9526 8
4250 8221 13
4251 8848 6
4252 4524 18
4252 7469 13
4252 6462 10
4252 9407 3
4252 7067 3
4252 5953 13
4252 9098 20
4252 7230 5
4252 6912 16
4253 9337 16
4253 9637 2
4253 5935 8
4253 6424 18
4253 7530 20
4253 5498 8
4253 6747 3
4254 8608 8
4254 4278 14
4254 8633 9
4254 6535 19
4254 7927 1
4255 6110 8
4255 7547 14
4255 7594 11
4255 8530 15
4256 5914 3
4256 6753 14
4256 6828 17
4256 5211 17
4256 5448 20
4257 6006 16
4257 5848 5
4258 5368 19
4258 7915 8
4259 5610 3
4259 4741 20
4259 8058 1
4260 8803 3
4260 6537 2
4260 9554 3
4260 5369 18
4261 6588 12
4261 5313 12
4261 7289 9
4262 4896 1
4262 9836 12
4262 8666 16
4262 6258 9
4262 5871 10
4262 6635 17
4262 5997 16
4263 7704 1
4263 6422 8
4263 5172 18
4263 7641 3
4263 6349 16
4264 4288 4
4264 8957 16
4264 9921 9
4264 9125 16
4264 7136 10
4265 6432 20
4265 5256 1
4266 6056 16
4266 4768 20
4267 9235 6
4267 5261 8
4267 7765 5
4267 8338 17
4267 5873 12
4268 6576 7
4268 7442 8
4269 9593 16
4269 8904 8
4269 7403 13
4269 4829 5
4270 5251 7
4270 5204 1
4270 8267 11
4270 8633 15
4271 6531 13
4271 9120 5
4271 7340 2
4271 5118 15
4271 5381 6
4271 5181 13
4272 5183 14
4272 6284 20
4272 4792 8
4272 6325 4
4273 5878 18
4273 9163 12
4273 6998 17
4274 8787 11
4275 8295 6
4275 4967 4
4275 6421 17
4276 4778 14
4276 6909 5
4276 8556 12
4277 8510 8
4277 9262 20
4277 4374 12
4277 4689 13
4278 4895 7
4278 9068 19
4278 5865 9
4278 6698 18
4279 9639 16
4279 5346 10
4279 5772 6
4279 5705 5
4280 4948 9
4280 7047 7
4281 8783 10
4282 7417 19
4282 9845 2
4283 6990 19
4283 6592 7
4284 6342 9
4284 9340 5
4284 4427 13
4284 9094 19
4285 5890 6
4285 5892 14
4285 5672 8
4285 6055 10
4285 9102 9
4285 9585 10
4285 9754 18
4286 5148 7
4286 5203 1
4286 4290 9
4286 9068 4
4287 8887 1
4287 4707 12
4287 5996 10
4287 9115 11
4287 6559 17
4287 8103 20
4287 5859 13
4288 5413 1
4288 4765 3
4288 9295 20
4289 7415 8
4289 6774 15
4289 8221 16
4289 8483 6
4289 7716 18
4289 6444 13
4290 4419 16
4290 7244 11
4290 7318 14
4291 7761 13
4291 8561 18
4291 6810 1
4292 4627 16
4292 7045 7
4292 8230 10
4292 7231 11
4292 7176 15
4293 5320 4
4293 7589 1
4294 8751 15
4294 5352 4
4294 8136 15
4295 6038 17
4296 8284 1
4296 8993 14
4297 5614 12
4297 5553 11
4297 5578 2
4297 6185 6
4298 9191 14
4298 6744 10
4298 8482 16
4298 6959 5
4299 9325 5
4299 8020 7
4299 5045 3
4299 8790 9
4299 8670 14
4299 4324 10
4299 8228 5
4300 9499 2
4300 6658 5
4300 4620 1
4300 8698 15
4301 9682 13
4301 5507 12
4301 6553 16
4301 9119 19
4303 4917 14
4303 4902 13
4303 4437 15
4304 9577 12
4304 7486 17
4305 7368 3
4305 6658 7
4305 7425 10
4305 7823 8
4305 8610 10
4306 8987 9
4306 7374 15
4306 6328 15
4306 4714 13
4306 6734 6
4306 8328 8
4306 6889 13
4306 5930 19
4307 9235 13
4307 6034 14
4307 6295 8
4307 5254 15
4308 9447 18
4308 8571 14
4308 6441 4
4308 9811 6
4309 7716 1
4309 9131 9
4309 4549 12
4310 6230 20
4310 5023 16
4310 6693 16
4310 8803 14
4311 7121 16
4312 4321 9
4312 5111 2
4313 7204 9
4313 6099 20
4313 5378 12
4314 9480 1
4314 8873 13
4314 4964 20
4315 8201 6
4315 7619 12
4315 8105 3
4315 9086 20
4315 4590 4
4315 4782 3
4315 4759 12
4315 8033 12
4315 5334 14
4316 7877 11
4316 9175 6
4316 8195 20
4316 9037 5
4317 7816 15
4317 9706 18
4317 7319 4
4317 9509 7
4317 7327 13
4317 9992 5
4317 4812 9
4318 5963 18
4318 6295 1
4318 9019 9
4318 7602 14
4319 6230 16
4319 4914 16
4319 4595 20
4319 9943 8
4320 9573 7
4320 8815 18
4321 8593 8
4322 4853 19
4322 6716 11
4322 8108 2
4322 6450 5
4322 9875 15
4323 9793 18
4323 8148 13
4323 9703 6
4323 9507 13
4324 9857 7
4324 5480 4
4324 4565 9
4325 8280 3
4325 8189 8
4325 5812 11
4325 8937 2
4326 8999 7
4326 5267 20
4326 5233 15
4327 6275 17
4327 4850 11
4327 7397 3
4327 7055 10
4328 4909 3
4328 5468 6
4328 6150 1
4328 7548 3
4328 7886 3
4328 5017 19
4329 9440 1
4329 8978 13
4330 6003 16
4330 5853 16
4331 9995 8
4331 6052 14
4331 9154 18
4332 8791 11
4332 9687 6
4332 7653 8
4333 5036 15
4333 5259 10
4333 8722 15
4333 8695 14
4333 5746 4
4333 8593 4
4333 6751 11
4334 9663 11
4334 7202 18
4334 4597 10
4334 8436 19
4334 6398 16
4335 9708 7
4335 9691 17
4336 4919 10
4336 4991 1
4337 6037 1
4337 5777 17
4337 7048 4
4338 9607 3
4338 9775 2
4338 5067 12
4338 5708 5
4338 9474 3
4339 8558 6
4341 8013 9
4341 8124 1
4341 9434 16
4342 8645 14
4342 7692 14
4342 5592 16
4342 6169 17
4342 6754 13
4342 6638 4
4343 6661 20
4343 9557 18
4344 6114 13
4344 7566 13
4344 5562 10
4344 5784 12
4345 7454 7
4345 4751 8
4345 9566 17
4346 8849 7
4346 9080 15
4346 7208 8
4347 6468 7
4349 9512 4
4349 5065 2
4349 5401 15
4349 6262 10
4350 9477 15
4350 7368 13
4350 9183 1
4350 9584 7
4351 5546 3
4352 9113 2
4352 7927 16
4352 7422 15
4352 9539 15
4352 8600 7
4354 7852 12
4354 9980 8
4354 7857 8
4355 8667 19
4355 7961 14
4355 9817 9
4356 8594 3
4356 5953 9
4356 6061 10
4357 7064 3
4358 7113 6
4358 4466 16
4358 9697 12
4359 6756 16
4359 5636 19
4360 8523 18
4360 9355 18
4360 6519 1
4360 4904 6
4362 9032 15
4362 6286 5
4362 9948 2
4362 7172 20
4362 6183 20
4362 7851 7
4363 4520 11
4363 5989 6
4363 7321 12
4365 6392 3
4365 6996 5
4366 8034 1
4367 5252 20
4367 9418 17
4368 6900 15
4368 4379 12
4368 6951 11
4370 9456 10
4370 9054 13
4370 6846 16
4370 9629 2
4370 7780 1
4371 5573 10
4372 9922 16
4372 9796 12
4372 7322 18
4372 8421 15
4373 4702 2
4373 9864 4
4373 4739 5
4373 5247 17
4374 5400 1
4374 6960 18
4374 5851 15
4374 4727 2
4374 5236 7
4374 5314 9
4375 7576 4
4375 6058 4
4375 8160 13
4375 7726 7
4375 4753 18
4376 9004 14
4377 5235 3
4378 8892 2
4378 5161 3
4378 8662 1
4379 6502 17
4379 9721 7
4379 6969 2
4379 7590 4
4379 7938 12
4380 8428 7
4380 8250 11
4380 8207 5
4381 9977 15
4382 7366 18
4382 4773 1
4382 9126 2
4382 8906 11
4382 8343 14
4382 7451 2
4383 8631 17
4383 6855 18
4383 8122 14
4384 4646 7
4384 4483 18
4384 4695 10
4385 8837 3
4385 5958 20
4385 9973 13
4385 8500 5
4386 6572 18
4386 7979 10
4386 9476 4
4386 9034 20
4387 8587 9
4387 6185 9
4388 6834 15
4388 7898 10
4388 7682 13
4389 7656 20
4389 4766 1
4389 7892 12
4389 8708 16
4389 7405 19
4390 5761 6
4390 7411 8
4390 5575 6
4391 5163 3
4391 8522 18
4391 6324 7
4392 7785 19
4393 9084 11
4394 4444 16
4394 9051 14
4394 6313 18
4394 9410 12
4394 6344 7
4395 8112 17
4395 9614 20
4395 6144 8
4395 9832 7
4396 7762 11
4396 6136 13
4396 5931 5
4396 5535 9
4397 5280 4
4397 4933 20
4397 8769 12
4397 9328 3
4398 6179 15
4398 7805 18
4398 9946 13
4399 5289 8
4399 4855 4
4399 4579 18
4399 9902 19
4399 8965 6
4399 6504 15
4400 7785 17
4400 9235 13
4400 5167 20
4400 9703 18
4400 8836 12
4401 6915 14
4401 6512 17
4401 5658 16
4401 9640 19
4401 9426 13
4401 7170 15
4401 6811 7
4401 7334 15
4402 9460 20
4402 5604 20
4402 9097 12
4402 8146 13
4402 5821 18
4403 5312 17
4403 5926 2
4403 9824 17
4403 6555 11
4404 6765 20
4404 4599 14
4404 6830 14
4405 9690 12
4405 8698 5
4405 5370 4
4405 8973 13
4406 9037 7
4407 8852 10
4407 7368 17
4407 7548 16
4407 5575 18
4407 4865 13
4408 6709 9
4408 5460 17
4408 6648 1
4408 5848 4
4409 9408 2
4409 9476 11
4409 8716 4
4410 5192 3
4411 8220 17
4411 5956 10
4411 6412 5
4411 7726 13
4411 5111 10
4412 7439 4
4412 9295 1
4412 7984 6
4412 6962 5
4412 9920 2
4413 9461 12
4413 6830 18
4413 4713 8
4413 4845 11
4413 5674 19
4413 5588 11
4413 8361 16
4414 5257 18
4414 8383 17
4414 5165 1
4415 9441 18
4415 5343 8
4415 8958 12
4416 9407 5
4416 8366 13
4416 7750 6
4416 8944 15
4416 5144 8
4417 9201 18
4417 9419 6
4417 9545 15
4417 5241 13
4417 5658 1
4417 5567 14
4418 9384 15
4418 9511 2
4418 5822 13
4419 5896 5
4419 7966 12
4419 5188 1
4419 8651 20
4420 6977 3
4420 5501 16
4420 7173 20
4420 6372 6
4421 6929 13
4421 9629 4
4421 9142 4
4421 6936 20
4422 9125 18
4422 9806 2
4422 5482 20
4423 9922 11
4423 7834 14
4424 4475 2
4424 6553 13
4425 8817 19
4425 6881 20
4425 8989 8
4425 8482 6
4426 5170 8
4427 8748 5
4428 4554 7
4428 9984 14
4429 5488 16
4429 5651 8
4429 5613 13
4429 9954 11
4429 9510 9
4430 6363 2
4430 7357 3
4430 5307 19
4431 9994 16
4431 9615 7
4431 8846 4
4432 6974 3
4433 7426 3
4433 9277 6
4433 6695 1
4434 4992 5
4434 5762 15
4435 8070 6
4435 9309 6
4435 6973 4
4435 6082 13
4435 8045 8
4436 6452 3
4436 7541 16
4436 9772 10
4437 6778 4
4437 6439 20
4437 9480 20
4438 7434 8
4438 8083 18
4438 5014 19
4439 7612 5
4439 6287 15
4439 8135 8
4439 5044 8
4440 9952 9
4440 8789 1
4441 7790 20
4441 4820 11
4441 6175 18
4441 4832 13
4442 8824 8
4442 7556 11
4443 5109 10
4444 5241 14
4444 7289 19
4444 6429 6
4444 4575 8
4445 6367 5
4445 8267 13
4445 7705 14
4446 4616 5
4447 4932 9
4447 9065 5
4447 5146 19
4447 5638 19
4447 9600 14
4447 7617 13
4447 5251 8
4448 4486 19
4448 8079 1
4448 8859 15
4449 6501 9
4449 4998 5
4449 6005 13
4449 4479 14
4449 5832 7
4450 9208 7
4450 7016 17
4450 9681 20
4450 6811 3
4451 5222 6
4451 8868 5
4451 5914 17
4451 8748 1
4452 5156 1
4452 7618 6
4452 9866 8
4453 7479 16
4453 8462 2
4453 6151 14
4453 4462 1
4454 8464 20
4454 7883 7
4454 8339 3
4454 5131 10
4454 4459 3
4454 4571 15
4454 8871 8
4455 7417 8
4455 9604 13
4456 7034 4
4456 6555 6
4456 7857 8
4456 8144 19
4457 8451 7
4458 8060 7
4458 9692 18
4458 9857 3
4458 7796 18
4458 5181 19
4458 6667 9
4458 9440 11
4459 7919 9
4459 6086 19
4459 6411 15
4460 8199 12
4460 9381 3
4461 8409 11
4461 6195 6
4461 9446 8
4461 8019 17
4462 4616 11
4462 9257 18
4462 8171 19
4462 8374 15
4462 5792 5
4463 8987 12
4464 5178 1
4464 8769 13
4465 8221 15
4465 6829 3
4465 7400 8
4466 7074 5
4466 7230 5
4466 5953 8
4466 4699 15
4466 6825 1
4466 4953 19
4466 6071 1
4466 6434 8
4466 9916 4
4467 5917 8
4467 5157 10
4467 4917 13
4468 5243 10
4468 8882 10
4468 7905 8
4469 9228 20
4470 7668 1
4470 7505 3
4470 7129 11
4470 6185 8
4470 9637 8
4470 8767 19
4470 7538 11
4471 7346 18
4471 9161 8
4471 7889 7
4472 6557 5
4472 8940 14
4472 8151 12
4473 6264 2
4473 8299 20
4474 9448 1
4474 8379 4
4474 4910 6
4474 8046 17
4475 6960 3
4475 8897 17
4475 7685 10
4476 5438 18
4476 9013 20
4476 7589 8
4477 5062 13
4477 9795 10
4477 8568 11
4477 9824 20
4478 7381 2
4478 6791 8
4478 5518 2
4478 9535 2
4478 6082 13
4478 5686 15
4479 6807 19
4480 9183 19
4480 8542 3
4480 9403 7
4480 8273 10
4480 4912 14
4480 9445 18
4480 6899 2
4480 9265 13
4481 7406 1
4482 6518 13
4483 8769 12
4484 7856 13
4485 7258 3
4485 8810 5
4485 9184 4
4485 6543 16
4485 4861 10
4485 8790 16
4486 4716 5
4486 8463 14
4487 8927 16
4487 7167 6
4487 6199 7
4487 8364 10
4488 7210 2
4488 6144 14
4488 5574 18
4488 7877 18
4489 6666 15
4489 5764 16
4489 8100 5
4490 7518 16
4490 6939 11
4490 7702 7
4490 7096 18
4491 6637 14
4491 5944 13
4491 8441 18
4491 9296 20
4492 7485 16
4492 9967 2
4492 6900 15
4493 7363 7
4493 7929 10
4493 8533 5
4494 5219 4
4494 4813 18
4494 5532 1
4496 9024 17
4496 5393 20
4496 4959 7
4496 4817 4
4496 7369 13
4497 7153 20
4497 7881 17
4498 7126 5
4498 7200 7
4498 4656 16
4498 8004 19
4498 5906 19
4498 6886 12
4499 7206 8
4500 9689 10
4500 4931 5
4500 5658 1
4500 5300 11
4501 8777 14
4501 8041 13
4501 7588 17
4501 6197 1
4502 7158 15
4502 8510 8
4503 6233 12
4503 8378 6
4503 9380 13
4503 6122 15
4504 7843 11
4504 7099 13
4504 5918 12
4505 9590 6
4505 5491 20
4506 8501 18
4506 8684 1
4506 7349 12
4507 9401 8
4507 8645 2
4507 5615 7
4508 4923 13
4508 6409 4
4509 6260 1
4509 6662 1
4509 8083 9
4509 8748 14
4509 7555 1
4509 8328 11
4510 7674 4
4510 9739 1
4510 5589 1
4510 9263 4
4511 6943 19
4512 6602 20
4512 7519 11
4512 5432 1
4512 4665 2
4512 8680 20
4512 7961 18
4512 5144 16
4513 5365 6
4513 9641 13
4513 6310 9
4514 5990 14
4514 9970 5
4514 8061 15
4514 9867 4
4515 8871 14
4515 7074 15
4515 9616 12
4516 8800 5
4516 6583 1
4518 6461 12
4518 8057 19
4518 6057 8
4518 8064 11
4519 8212 9
4519 4699 3
4519 4590 12
4519 4900 16
4519 7296 6
4520 6523 8
4520 6544 19
4520 9732 16
4520 8867 9
4520 9784 6
4520 5344 9
4520 6288 15
4521 7121 10
4521 9071 5
4521 7470 11
4521 5917 18
4522 8812 19
4522 4713 4
4522 4862 20
4523 9579 19
4523 5494 11
4523 5434 20
4523 4987 16
4523 7133 10
4524 7425 14
4524 8432 11
4525 8514 3
4525 7529 19
4525 6306 18
4526 9767 10
4526 6798 14
4526 6836 12
4526 5137 13
4526 6746 7
4527 6899 4
4527 8427 13
4527 8708 1
4527 6352 7
4527 5749 6
4528 6995 18
4528 6548 18
4529 5509 17
4529 9999 19
4529 6052 9
4529 9863 18
4529 4639 19
4530 9659 16
4530 5693 18
4530 5646 20
4530 9619 10
4530 9405 4
4530 5462 16
4531 9984 5
4532 4695 14
4533 6939 8
4533 5889 12
4533 7279 5
4533 7337 17
4533 5122 18
4533 5329 5
4534 9801 17
4534 7716 1
4535 5141 17
4535 9290 6
4536 5327 7
4536 7060 4
4536 7198 10
4537 6387 7
4538 5897 2
4539 8374 5
4539 8864 12
4539 7327 5
4539 8682 2
4540 6929 1
4540 5074 5
4540 9474 19
4540 5930 17
4541 4656 20
4541 8378 1
4541 9300 10
4542 9908 6
4542 8467 14
4542 6171 19
4542 4962 18
4542 6359 2
4543 8540 18
4543 8438 16
4543 4897 18
4543 5765 6
4544 9324 11
4544 5882 8
4544 6054 9
4544 4688 13
4544 5707 16
4545 5705 1
4545 4566 19
4545 5116 19
4545 4789 15
4546 9043 17
4546 4964 11
4547 9644 2
4549 9426 14
4550 6764 3
4550 8782 13
4550 9354 3
4550 6522 8
4551 9022 4
4551 9800 5
4551 6657 4
4551 9687 15
4551 6115 17
4551 6697 18
4551 8816 18
4552 5574 17
4552 6931 3
4552 6089 14
4553 8398 6
4553 5881 13
4553 7033 14
4553 5000 13
4553 7872 20
4553 4903 17
4554 7428 16
4554 6065 9
4554 9973 5
4554 5297 6
4554 7866 8
4554 5172 8
4554 9567 17
4555 9190 10
4555 4792 10
4556 8967 10
4556 5202 13
4556 6178 3
4556 9811 3
4557 7245 15
4557 9284 19
4558 6211 11
4558 8447 10
4558 9423 20
4558 8791 12
4558 8924 15
4558 5169 3
4559 8868 3
4559 5287 15
4559 7278 1
4560 9659 10
4560 9348 20
4561 4949 9
4561 6016 10
4561 9577 3
4562 7953 12
4562 6045 7
4562 7700 13
4562 7894 4
4562 6923 9
4562 7165 11
4563 8177 3
4563 7919 18
4563 6742 7
4563 6403 3
4563 4854 8
4563 6540 5
4563 4866 4
4564 8098 17
4564 8823 4
4565 7267 13
4566 9420 16
4566 4610 2
4566 7964 10
4567 7983 19
4567 4803 4
4567 8650 12
4568 7642 13
4569 7385 4
4569 9818 1
4569 7148 2
4569 4806 16
4569 5008 5
4569 5259 14
4569 9449 2
4570 9729 15
4570 5397 13
4571 9712 17
4571 4898 12
4572 9119 3
4572 5644 14
4572 9232 10
4572 5026 2
4573 5753 14
4573 7581 10
4574 7292 2
4574 6250 2
4575 9402 11
4575 9573 18
4575 7503 10
4575 7580 10
4576 9635 12
4576 4643 4
4576 6676 5
4577 5948 17
4577 9238 6
4577 7080 16
4578 8624 5
4578 7077 20
4578 8799 9
4578 9051 6
4578 6319 18
4579 7245 20
4579 9651 18
4579 7718 3
4580 8876 4
4580 6599 14
4580 5524 14
4580 6799 10
4581 5576 20
4581 6563 16
4581 5526 6
4581 6172 9
4581 5176 17
4581 9076 8
4582 9008 5
4583 6686 11
4583 6275 20
4583 8647 11
4583 7282 16
4583 6090 10
4584 6736 18
4584 6353 12
4584 9750 20
4584 6801 4
4585 7307 8
4585 8444 7
4586 6172 16
4586 9310 12
4586 4939 19
4586 6108 19
4587 6840 7
4587 5375 8
4587 6046 9
4588 7321 12
4588 5523 18
4588 7573 6
4589 9445 7
4589 9940 18
4589 5961 18
4589 5508 3
4590 9092 17
4590 9937 16
4590 6927 4
4590 5194 13
4590 7488 19
4590 6900 9
4591 6518 13
4591 8526 15
4592 6161 12
4592 6916 14
4592 8063 18
4593 8897 20
4593 5094 5
4593 6283 20
4594 6388 6
4594 6739 10
4595 6686 15
4596 5751 14
4596 8029 17
4596 7801 2
4596 9047 16
4596 9370 5
4596 6573 11
4597 9323 16
4597 6682 19
4597 6955 15
4597 7961 12
4598 6239 3
4598 7562 7
4598 9640 3
4599 8074 11
4600 8430 9
4600 6169 14
4600 7861 7
4600 8871 14
4600 8123 16
4600 5537 14
4600 7769 5
4601 4613 4
4601 6443 7
4601 9125 14
4601 7661 1
4601 7729 14
4602 8893 5
4602 7222 20
4602 9953 10
4602 6015 19
4602 7706 9
4603 5907 9
4603 6557 15
4603 4765 6
4604 6401 16
4605 9778 5
4606 5862 10
4606 7655 12
4606 6054 11
4607 9414 16
4607 9371 13
4608 8185 20
4609 5663 19
4609 5341 19
4610 8489 18
4610 6404 16
4610 7787 11
4610 9804 3
4611 7209 4
4611 5931 20
4611 6464 10
4612 4872 17
4612 7170 19
4612 6401 8
4612 9911 7
4612 9304 8
4612 5034 13
4613 6641 7
4614 8008 20
4615 7551 19
4615 5712 14
4615 9587 1
4615 8287 3
4615 9175 10
4615 7176 9
4615 6951 16
4615 9516 4
4616 7564 12
4616 6581 19
4616 7512 19
4617 4906 15
4617 6249 16
4617 9038 3
4617 8851 19
4617 9440 9
4617 4759 9
4617 5279 11
4618 8677 20
4618 8679 12
4618 9554 20
4619 8939 13
4619 5001 3
4620 9036 9
4620 8708 2
4620 9594 20
4620 6493 15
4621 9784 15
4621 8691 10
4622 8861 3
4622 8177 17
4623 7961 10
4624 7399 4
4624 9221 5
4625 7620 13
4625 8301 9
4625 7838 1
4625 8694 11
4625 6998 8
4625 9762 12
4626 5843 5
4626 8671 20
4627 6336 8
4628 7165 6
4628 8640 5
4629 9278 15
4630 8138 13
4630 9417 19
4630 7659 16
4631 9978 7
4632 7438 2
4632 6880 11
4632 6290 15
4633 8851 6
4633 9224 4
4634 4891 17
4634 6108 14
4634 6871 9
4635 7046 11
4635 5294 8
4635 5308 5
4635 9475 14
4635 5553 3
4636 5409 13
4636 7971 20
4636 9780 3
4637 6236 15
4637 8648 9
4637 6908 19
4637 9304 19
4637 8128 8
4638 5285 20
4638 5645 9
4639 5359 12
4639 6081 6
4639 8915 6
4640 6146 15
4640 9313 19
4640 6590 4
4641 9405 17
4641 5737 1
4641 5460 12
4641 4850 11
4642 5353 9
4642 7369 16
4643 5369 2
4643 6108 2
4643 8918 14
4643 6762 18
4644 4999 17
4644 8002 16
4644 4932 8
4645 5681 1
4645 8434 5
4646 5533 19
4646 6304 14
4646 9859 5
4647 9766 1
4647 5383 12
4647 9346 14
4647 9430 8
4647 6594 8
4648 9727 13
4648 9589 9
4648 5060 2
4648 8303 19
4649 8424 15
4649 8441 14
4650 6819 5
4650 8635 18
4651 5652 6
4652 7780 15
4652 5707 3
4652 8447 6
4652 8305 18
4653 5679 18
4653 4785 6
4654 7987 14
4654 7472 8
4654 7312 4
4655 6333 1
4656 6645 19
4656 6626 13
4656 9827 18
4656 8449 15
4656 7036 6
4658 9405 12
4658 6835 10
4658 6588 2
4659 9747 15
4659 5785 16
4659 7565 9
4659 8736 18
4659 4968 17
4659 5969 3
4659 5330 14
4659 7775 17
4660 9760 5
4660 5779 1
4660 8467 9
4660 6411 7
4660 8177 6
4660 5535 17
4661 9160 3
4661 4902 5
4661 5449 15
4661 7835 16
4661 8068 7
4662 5489 4
4662 9623 15
4662 5225 15
4664 8715 10
4664 4693 6
4664 5121 16
4665 7427 18
4665 7380 20
4665 5383 9
4666 5690 7
4666 8786 16
4666 9179 18
4666 6585 18
4667 7645 16
4667 5431 6
4667 7816 9
4667 6331 5
4668 7277 15
4668 9954 12
4668 6592 17
4668 5350 3
4668 8986 9
4669 7167 1
4669 9436 13
4670 6965 11
4670 8273 2
4670 6756 11
4671 5369 18
4671 7477 1
4672 7654 19
4673 6930 12
4673 5288 7
4673 9090 4
4673 4812 14
4673 8154 10
4674 7734 15
4674 5396 2
4674 4803 12
4674 9992 20
4674 8628 9
4675 9444 18
4675 9776 18
4675 7571 15
4675 6759 11
4676 5262 7
4676 8301 9
4676 5279 2
4676 9415 16
4676 8415 7
4676 4807 6
4677 7331 18
4677 6524 10
4677 6549 12
4677 9831 13
4677 9726 18
4678 8047 17
4678 6061 19
4678 9939 8
4679 8810 5
4679 6887 5
4680 7719 17
4680 6401 3
4680 6882 16
4680 8013 3
4681 7710 2
4681 9405 18
4682 9765 6
4683 9707 5
4683 9123 18
4683 6157 4
4684 6920 19
4684 7558 9
4685 5249 2
4685 8744 7
4686 7178 7
4686 7124 9
4686 8188 19
4687 8775 16
4687 9169 15
4688 6293 12
4688 9939 20
4688 8334 8
4689 6583 7
4690 7363 13
4690 9463 15
4690 6750 18
4690 9361 8
4691 4826 12
4691 6089 17
4692 7778 18
4693 8300 10
4693 8536 11
4694 6243 9
4694 5964 19
4694 7356 2
4694 9404 18
4694 8589 14
4694 6222 16
4695 8424 17
4695 9010 4
4695 6730 7
4695 4812 17
4696 6568 5
4696 5745 8
4696 6958 4
4697 6153 4
4698 5634 20
4698 5592 14
4698 8962 16
4698 7555 13
4699 7942 9
4699 9421 15
4699 6542 11
4699 7009 17
4699 6940 8
4700 4978 8
4700 7740 12
4700 5596 13
4700 5650 13
4701 9522 8
4701 6304 17
4701 7557 17
4701 8865 6
4701 5368 17
4702 5707 6
4702 8034 6
4702 5853 15
4703 6698 1
4703 9299 13
4703 5268 19
4704 9948 16
4705 6996 16
4705 8152 15
4705 7811 16
4705 8442 8
4706 6874 2
4706 5510 18
4706 4831 10
4706 4936 6
4707 5957 19
4707 7710 17
4708 4753 11
4709 6358 2
4709 6514 15
4710 4759 15
4710 8199 2
4710 9387 5
4710 5556 7
4710 8184 14
4710 9391 18
4710 9119 3
4710 5248 2
4711 5404 9
4712 7622 14
4712 8145 8
4712 8743 13
4713 6834 8
4713 5397 5
4714 6029 1
4714 5568 3
4715 8659 12
4715 7368 10
4715 7440 13
4715 7456 3
4716 7344 5
4716 8918 3
4716 6857 9
4717 8096 19
4717 6042 3
4717 7692 6
4717 7226 6
4717 6882 18
4717 9402 14
4718 9769 15
4718 9465 7
4718 5301 4
4719 7178 19
4719 7687 9
4719 9050 4
4720 6093 19
4720 7670 9
4721 5442 19
4722 8117 5
4722 7596 14
4723 5918 11
4723 9214 4
4723 6347 4
4723 5131 18
4724 7060 11
4724 8606 17
4725 5685 2
4725 6554 6
4725 6979 1
4726 6797 6
4726 8045 7
4727 8866 3
4727 7234 11
4727 5501 6
4727 9238 4
4728 7195 18
4728 9064 1
4728 6365 19
4729 8808 14
4729 7737 3
4730 7686 5
4731 7311 10
4731 8877 20
4732 8022 5
4732 5814 2
4732 7936 4
4732 8019 18
4733 6531 10
4734 9739 8
4734 9343 11
4734 9772 20
4734 6000 16
4734 9246 8
4735 8316 1
4735 9262 20
4735 5174 17
4736 9549 2
4736 6633 14
4737 5264 11
4738 4827 16
4738 7380 5
4739 8255 16
4739 7612 7
4739 7816 17
4739 5909 2
4739 6396 4
4739 9510 14
4740 9383 11
4740 9351 18
4740 9958 10
4740 5231 12
4740 7128 14
4740 5674 7
4740 6415 6
4742 9074 9
4742 7867 12
4742 4751 10
4742 6472 1
4743 5585 12
4743 9423 8
4743 8639 14
4743 7779 1
4744 9367 13
4745 8938 11
4745 8359 14
4745 6174 17
4745 9157 4
4745 6321 11
4745 9732 9
4745 7551 1
4746 7025 20
4747 7076 17
4747 8571 12
4747 9628 6
4747 5786 4
4747 9835 15
4748 4937 16
4748 7764 6
4748 6440 19
4748 8894 14
4748 9331 5
4748 7380 5
4748 9700 19
4749 4786 6
4749 4823 8
4749 9058 10
4750 7530 14
4750 5752 16
4750 7118 4
4751 8593 18
4751 9700 10
4751 8580 9
4752 4901 14
4752 5521 3
4752 9403 15
4752 8381 7
4754 6293 5
4754 8572 15
4754 8827 10
4754 8254 8
4754 5079 1
4754 7944 15
4754 8286 13
4755 4836 13
4755 6223 15
4756 9848 9
4757 8882 1
4757 6726 1
4757 5883 4
4757 6035 17
4757 9207 10
4758 6869 15
4758 6365 14
4759 6671 13
4759 8834 19
4759 5139 20
4760 7215 12
4760 7850 7
4760 5334 12
4761 6672 19
4761 8404 13
4761 8536 1
4761 5785 15
4761 5359 3
4761 6967 5
4761 7113 9
4762 7671 2
4762 6489 18
4762 8837 9
4763 6254 16
4764 7469 13
4764 9081 12
4764 6359 5
4764 6324 1
4765 5903 12
4767 9660 13
4767 8198 6
4767 9198 6
4767 8374 10
4767 7682 15
4767 6336 4
4768 6042 18
4769 5879 2
4769 7679 7
4769 6482 17
4769 8121 17
4770 7201 3
4770 9778 10
4771 7037 8
4771 5024 15
4771 8974 4
4771 9841 2
4772 7032 10
4772 8515 11
4772 6755 17
4772 9517 6
4772 7941 13
4773 7183 2
4773 7941 19
4773 6464 13
4774 8700 2
4774 6009 1
4774 8619 15
4774 9515 11
4774 7192 2
4775 5228 15
4775 8704 19
4775 8110 15
4775 5051 11
4775 5263 5
4777 9237 6
4777 6392 3
4777 8039 15
4778 8677 17
4778 4913 1
4778 5195 14
4778 7205 14
4778 6142 16
4779 6607 15
4780 5436 10
4780 9651 17
4781 8337 3
4781 5166 17
4781 7644 19
4782 6008 7
4782 6122 1
4782 4805 3
4783 5818 13
4783 9622 7
4783 5546 14
4783 8255 17
4783 6307 9
4783 7395 5
4784 7242 14
4784 6944 8
4785 7876 7
4785 5784 14
4785 8323 3
4786 9066 18
4786 7233 19
4786 7947 4
4786 6279 8
4786 6323 11
4787 8247 11
4787 7699 20
4787 8680 14
4787 9491 12
4788 7405 15
4788 6752 6
4788 5520 15
4789 6295 5
4789 5254 18
4789 5597 16
4789 5594 18
4790 9506 4
4790 9167 17
4790 6622 9
4790 5213 4
4791 5692 10
4791 5335 15
4791 9999 13
4792 8459 6
4792 8212 8
4793 5710 17
4793 9352 2
4794 5302 6
4794 7418 13
4794 5992 16
4795 8647 2
4795 6771 20
4795 4843 10
4796 6347 14
4797 7713 3
4797 8877 18
4797 9674 14
4797 6214 15
4797 8004 16
4798 6610 3
4798 6304 14
4798 6755 9
4798 8845 3
4798 7577 17
4799 9781 4
4799 6984 9
4799 9572 14
4799 7865 2
4800 7151 9
4800 9300 19
4800 7926 19
4801 6089 3
4801 9937 5
4801 5361 19
4803 5925 8
4803 6824 14
4803 6448 7
4803 7853 5
4804 5022 5
4805 6165 17
4805 8195 1
4805 5582 6
4806 7401 20
4806 6048 15
4807 8750 20
4807 7754 17
4807 8782 1
4807 9412 3
4807 9339 7
4808 9894 10
4808 9644 16
4808 6149 5
4808 6347 2
4809 5911 19
4809 8157 14
4809 7915 16
4810 9369 8
4811 5020 18
4811 7433 14
4811 5678 13
4811 6754 16
4811 8380 12
4811 9262 3
4812 8504 20
4812 9143 14
4812 6827 12
4813 5262 7
4813 9467 15
4813 7845 13
4813 6647 15
4814 6305 1
4815 5087 8
4815 9065 20
4815 5883 6
4816 7961 16
4816 9801 10
4816 8252 20
4817 7598 20
4817 6481 3
4817 8172 10
4817 8938 8
4817 8865 18
4819 5617 8
4819 5751 20
4820 8869 15
4820 6473 11
4820 7500 1
4820 9947 11
4821 8243 8
4821 7356 1
4821 9533 18
4822 9035 7
4822 9921 7
4824 4940 13
4825 8220 2
4825 9511 4
4826 7650 10
4826 7023 14
4826 7604 16
4826 5517 4
4827 8375 12
4828 9159 3
4829 6119 3
4829 6982 18
4829 7638 18
4830 9329 17
4830 9521 18
4830 9125 6
4831 8692 16
4831 5318 2
4831 7206 8
4832 7293 6
4832 7740 6
4833 5523 10
4833 6021 17
4833 5971 20
4833 5105 3
4834 7282 8
4834 5184 13
4834 5649 2
4835 7894 10
4835 9889 7
4836 9793 15
4836 8065 9
4837 4847 12
4837 7451 12
4837 5270 15
4838 7285 13
4838 6668 14
4839 6713 8
4839 4847 19
4839 6545 10
4840 6815 1
4840 6128 18
4840 7173 3
4840 9107 19
4841 9314 5
4841 7952 16
4841 9508 11
4842 5427 17
4842 6648 9
4842 8555 17
4843 5372 6
4843 8148 16
4843 4964 15
4843 6724 12
4844 9083 19
4844 7362 10
4844 9018 15
4844 5779 20
4844 6293 6
4845 6869 6
4845 9022 15
4845 7010 2
4846 5872 3
4846 5530 19
4846 9664 5
4846 5790 9
4846 6326 13
4847 6087 15
4847 7297 12
4848 8246 20
4849 7511 11
4849 6663 16
4849 5815 20
4849 7684 13
4849 6557 7
4849 7116 8
4850 8378 16
4850 9265 4
4850 8305 3
4851 7738 20
4852 9241 7
4853 9182 11
4853 8271 4
4855 7354 15
4856 9055 1
4857 6567 18
4857 7246 15
4857 8956 4
4858 5643 14
4858 9056 11
4859 8171 2
4859 5847 17
4860 9200 4
4860 5475 15
4861 8923 2
4861 9704 7
4861 5031 15
4862 6309 13
4862 7672 3
4862 9530 7
4863 5034 11
4864 5603 6
4864 6025 10
4864 8104 5
4864 6071 18
4865 6983 4
4867 9990 14
4867 5369 19
4867 8681 9
4868 6287 11
4868 9756 8
4868 4946 18
4868 8654 9
4868 9576 11
4868 8490 11
4868 7240 10
4869 8946 6
4869 9541 15
4870 5963 5
4871 7253 9
4871 9396 9
4871 8082 15
4871 8694 12
4872 6342 7
4873 7430 20
4873 9669 18
4873 6407 15
4873 7056 19
4874 9049 5
4874 7500 2
4874 9037 3
4874 8670 10
4874 7557 17
4875 5701 5
4875 5912 20
4875 8534 6
4876 6819 7
4876 9796 16
4876 8097 20
4876 8951 6
4877 5318 12
4877 7404 19
4878 6568 20
4878 6565 13
4878 8919 18
4878 8896 14
4878 8282 11
4878 5123 1
4879 7242 13
4879 6840 14
4879 9754 1
4880 7596 4
4880 5419 3
4881 9378 13
4881 6268 12
4881 4889 11
4882 6388 17
4882 8768 13
4882 6452 12
4882 6453 4
4883 6113 3
4883 5886 12
4883 8249 1
4883 7941 8
4883 8029 11
4884 9922 12
4884 8481 12
4885 8467 18
4886 6405 4
4886 7480 18
4887 7396 2
4888 9305 2
4888 6768 14
4888 9362 13
4888 5798 1
4888 6542 12
4889 5424 14
4889 6444 16
4889 5613 16
4889 9054 6
4890 9143 4
4890 7655 7
4890 8793 14
4891 8042 1
4891 5956 2
4891 6195 18
4891 8126 9
4891 7087 7
4891 7352 18
4891 9233 2
4891 8166 1
4892 6389 14
4892 9342 8
4892 9959 20
4894 8689 20
4894 7833 8
4894 8111 16
4895 7884 17
4895 5206 5
4895 5225 8
4895 5420 14
4895 5380 19
4896 6391 4
4896 9405 1
4896 9394 20
4897 8975 20
4897 8864 16
4897 9394 17
4897 7820 15
4898 8396 6
4899 9196 3
4899 6418 19
4899 9056 4
4900 6077 13
4900 7526 7
4900 5649 1
4901 6951 20
4901 8627 4
4901 8346 14
4901 5585 11
4901 5675 3
4902 9727 14
4902 6022 18
4902 8664 2
4902 7458 1
4902 8112 9
4903 5289 16
4903 6132 6
4903 6085 4
4903 8707 11
4903 7084 7
4904 9256 11
4905 9604 16
4905 5962 2
4905 6511 1
4906 7379 20
4907 8641 7
4907 6121 11
4907 7364 17
4907 9671 15
4908 7816 3
4908 6007 16
4908 6710 2
4908 7504 6
4909 6859 1
4909 5342 2
4909 9624 12
4910 9343 11
4910 8480 12
4911 7780 1
4911 6899 4
4912 7073 18
4912 6666 15
4912 6987 17
4913 7092 19
4913 8206 1
4913 6610 2
4914 9327 11
4915 7491 6
4915 7972 19
4915 7324 20
4915 5257 9
4916 9129 5
4916 9203 8
4917 6823 5
4917 9415 12
4917 9657 12
4918 6572 9
4918 9790 7
4918 8901 7
4918 6012 9
4919 8301 20
4919 8013 6
4919 9356 7
4919 8457 6
4920 8308 3
4920 7410 6
4920 9694 10
4920 7122 7
4920 9821 1
4920 6716 5
4920 5110 11
4921 9752 17
4921 7825 7
4922 5253 8
4922 5875 1
4922 7264 7
4922 8215 13
4922 8146 3
4923 7259 8
4923 8229 5
4923 9377 5
4923 8383 16
4924 9778 14
4924 8173 19
4924 9644 1
4924 8506 9
4925 7426 16
4925 8152 9
4925 9390 10
4926 7113 16
4926 7681 8
4926 6575 1
4926 5629 20
4928 8059 17
4929 5093 4
4929 8424 4
4929 7859 1
4929 8455 15
4930 6653 18
4930 8656 1
4931 9502 18
4932 4997 16
4932 8024 14
4933 6895 13
4933 5777 16
4933 5384 17
4933 5107 10
4933 9507 11
4934 8037 7
4934 5699 7
4934 8759 10
4934 7161 7
4934 7618 8
4934 7500 12
4936 7533 15
4936 8523 17
4936 8543 10
4937 7802 8
4937 8990 15
4937 5354 2
4937 7124 3
4937 7231 3
4937 8669 17
4938 9794 2
4938 9749 7
4939 7075 7
4939 5618 13
4939 7460 3
4939 8393 7
4940 9811 13
4940 9539 7
4940 8273 16
4940 6951 11
4940 7304 1
4941 8543 14
4941 8903 1
4942 8604 11
4943 9165 2
4943 8940 8
4944 5514 8
4944 5230 12
4945 8268 4
4945 8560 4
4946 8411 13
4946 8135 8
4947 9543 16
4947 9588 18
4947 5029 10
4947 5534 12
4947 7275 15
4947 8019 8
4947 7376 14
4947 5505 6
4948 7255 12
4948 5905 8
4948 9073 1
4949 7912 8
4949 7318 9
4949 8710 5
4950 8530 14
4950 8374 1
4950 5395 6
4951 7606 15
4951 6591 8
4952 6564 6
4952 8572 5
4953 8603 13
4953 5392 20
4953 5036 20
4955 5354 5
4955 7849 15
4955 5323 5
4955 5032 17
4955 5279 15
4956 8666 1
4956 6466 5
4956 8892 6
4956 6055 20
4957 5359 10
4957 9745 1
4958 6471 1
4958 9403 19
4959 9767 16
4959 7266 11
4959 6236 3
4959 6720 3
4959 5033 1
4959 5302 6
4960 8561 19
4960 4963 8
4960 5347 20
4960 5080 9
4961 7245 1
4961 6563 19
4961 5910 19
4962 6653 14
4963 6454 12
4963 9555 14
4963 8697 15
4963 7362 18
4963 6222 19
4963 7649 12
4964 8503 13
4965 5535 9
4965 9120 12
4965 7518 20
4965 5125 17
4965 8449 3
4966 6903 15
4967 5455 3
4967 5699 7
4967 8439 2
4967 6749 8
4968 7776 6
4968 6135 19
4968 6038 5
4969 8201 18
4969 5379 10
4970 6737 10
4970 5913 6
4971 7824 6
4971 7601 4
4971 9304 7
4971 9358 18
4971 6541 10
4971 9312 7
4972 9000 7
4972 8770 5
4972 9611 3
4972 8240 8
4973 6370 8
4973 5333 2
4973 8810 2
4974 7976 2
4974 7732 10
4974 8392 6
4975 5492 20
4975 4976 11
4976 9059 13
4976 7866 1
4976 5080 7
4977 7020 1
4977 7154 5
4977 7965 20
4979 8095 7
4979 5929 1
4979 5927 19
4979 9286 11
4980 9085 17
4981 9791 16
4981 6048 6
4981 7502 1
4981 9709 6
4981 9847 1
4982 6594 15
4982 9293 12
4982 8767 5
4982 6201 2
4982 8077 1
4983 8154 6
4983 7291 11
4983 6764 12
4983 8611 13
4984 9884 20
4984 7328 7
4985 6034 3
4985 7576 17
4985 5448 14
4985 8051 1
4986 5139 14
4986 5476 6
4986 5805 8
4987 7091 4
4987 7809 9
4987 9429 8
4987 5862 17
4988 8860 16
4988 8074 10
4988 6462 10
4989 6521 8
4989 7122 16
4989 8388 8
4990 9899 1
4990 9310 12
4990 5499 8
4990 6241 12
4990 8009 20
4990 5165 14
4991 5415 5
4992 7787 16
4992 9046 14
4992 8007 8
4993 8919 1
4994 8446 2
4994 8495 19
4994 7846 16
4995 8673 13
4995 6086 8
4995 9156 6
4995 9206 11
4996 9059 5
4997 6333 15
4997 5735 8
4998 6406 20
4998 9776 15
4999 7373 13
4999 7904 16
4999 5937 9
4999 8185 18
5000 5728 18
5000 5467 3
5000 6048 8
5001 7081 19
5002 9182 4
5002 5968 9
5002 6841 5
5002 7018 1
5003 9316 8
5003 5243 16
5004 9967 12
5004 7978 13
5004 6268 20
5004 5026 10
5005 6019 3
5005 5409 10
5006 5067 8
5006 6443 3
5006 7720 10
5007 7732 1
5007 9302 4
5008 9571 8
5008 8307 19
5008 7144 17
5009 6017 18
5009 6694 16
5009 9908 18
5009 9230 10
5010 9934 6
5010 8625 20
5011 7431 12
5011 6370 8
5011 7022 7
5011 6257 15
5011 7331 4
5011 9287 17
5012 7660 19
5012 7110 9
5012 9877 6
5012 5331 18
5013 5212 10
5014 6613 1
5014 8141 18
5014 5518 18
5014 8675 17
5015 9644 12
5015 5458 14
5016 9834 8
5016 6482 17
5016 6000 1
5016 5257 6
5016 9782 18
5017 5467 11
5017 6303 5
5017 9707 3
5018 5865 5
5018 9904 2
5019 5440 2
5019 9564 10
5019 9373 3
5020 7706 13
5020 6916 9
5020 8164 18
5021 7305 12
5022 8625 3
5022 7709 12
5023 7234 12
5023 9425 19
5023 6076 13
5024 9464 9
5024 6425 18
5024 8661 16
5024 6294 2
5025 9519 7
5025 7475 5
5026 6199 4
5026 6672 17
5028 9313 15
5028 6140 1
5028 6346 8
5028 5210 20
5028 6335 12
5028 9160 2
5028 7039 18
5029 8159 18
5029 6767 18
5030 7414 17
5030 9527 9
5031 6889 6
5031 6276 8
5032 7115 12
5032 6867 20
5033 8221 9
5033 7260 1
5033 8487 5
5034 7870 3
5034 7440 14
5034 5852 19
5034 6156 18
5035 8040 2
5036 7771 14
5036 7539 18
5036 9607 3
5037 6594 8
5037 7941 11
5037 6207 13
5037 7323 7
5038 5947 13
5038 6678 5
5038 7938 5
5038 8913 9
5038 9778 10
5039 6463 14
5039 5347 6
5039 8183 14
5039 7314 11
5040 7295 12
5040 9845 14
5040 9583 4
5040 7217 12
5041 8186 16
5041 6181 15
5041 5423 5
5041 9225 8
5043 8020 11
5043 7172 12
5043 7521 3
5044 5992 16
5044 9494 5
5044 8439 15
5045 6743 9
5045 8612 18
5046 6648 10
5046 7368 15
5047 5071 20
5047 7300 6
5047 9108 15
5047 5480 2
5048 7699 12
5049 7575 19
5049 9020 20
5050 7286 9
5050 5152 9
5050 6933 13
5051 7591 4
5051 7274 15
5051 8659 8
5052 8163 11
5052 8611 8
5052 7987 13
5053 8633 2
5053 5886 14
5053 9777 17
5054 7334 10
5054 5225 10
5054 5951 16
5054 7501 1
5055 8148 14
5055 7919 16
5055 5122 10
5055 8581 1
5055 5130 20
5055 9979 3
5056 8157 6
5056 9207 13
5057 7692 1
5058 5387 5
5058 9575 17
5059 7209 15
5060 5940 2
5060 9371 1
5060 5245 15
5061 7222 3
5061 5189 4
5061 9833 1
5061 8676 14
5061 9162 10
5061 8648 17
5061 5293 2
5062 8582 5
5062 9633 7
5062 7992 5
5062 6897 12
5062 8623 17
5063 9393 13
5063 9056 19
5063 8000 20
5063 5103 17
5064 8057 1
5064 5653 2
5064 8783 18
5065 8925 18
5065 6351 4
5066 7394 10
5067 6691 17
5067 6302 10
5067 7094 18
5068 6695 20
5068 8505 10
5068 6202 13
5069 9551 11
5069 8622 9
5069 8533 3
5069 7827 3
5069 9495 6
5070 7684 9
5070 8885 6
5070 9202 5
5070 7946 20
5071 7908 14
5071 6772 2
5071 9947 14
5071 6299 20
5071 8826 3
5071 6779 8
5072 9330 18
5072 8876 6
5072 6565 4
5072 6931 16
5073 8745 6
5073 5672 20
5073 7533 11
5074 9269 5
5074 9347 3
5074 6427 18
5074 5108 14
5075 7081 14
5075 5289 15
5075 8069 17
5075 8172 5
5075 9795 7
5076 8821 19
5076 6185 14
5077 8358 16
5078 9406 11
5078 5250 14
5079 7495 15
5079 9882 14
5079 8049 12
5080 5170 19
5080 7083 10
5080 8141 18
5080 6584 13
5080 7053 8
5081 7167 15
5081 5999 18
5081 9944 16
5082 6421 17
5082 6614 12
5082 6932 11
5083 5562 19
5083 7820 15
5083 5201 4
5084 5363 3
5084 9625 17
5084 8302 20
5084 6874 16
5084 8101 5
5084 6213 10
5085 7565 17
5085 7464 4
5085 5381 17
5085 9288 15
5085 6436 1
5086 9864 14
5086 8244 7
5087 8292 7
5087 8968 16
5087 5197 18
5087 6604 15
5087 8791 9
5088 5412 15
5089 5446 5
5089 5547 14
5089 7765 15
5089 9043 7
5089 7950 6
5090 5362 13
5090 6506 17
5091 9024 4
5091 9781 8
5091 9627 14
5091 6488 3
5091 5208 11
5092 6542 20
5092 5153 8
5092 5399 13
5092 6220 10
5093 8821 2
5093 5622 16
5093 7007 13
5094 8648 5
5094 6608 2
5094 8101 6
5094 7685 18
5094 8861 5
5095 5735 1
5095 7152 16
5095 5567 10
5095 5322 19
5096 6337 11
5096 5241 20
5096 9353 14
5096 9733 6
5097 8303 9
5097 9595 3
5097 6184 8
5098 5861 5
5098 8529 9
5098 5818 11
5098 6771 20
5098 9999 4
5098 9711 5
5098 9312 8
5099 8964 3
5100 8520 10
5100 5914 3
5102 5535 9
5102 7802 6
5102 6674 3
5102 5933 12
5103 7652 17
5103 9014 5
5103 5538 11
5103 5544 9
5104 8165 11
5104 5940 4
5105 6062 9
5105 8302 8
5105 6639 10
5106 9576 7
5106 6938 18
5106 6598 5
5107 5816 12
5107 5225 2
5107 8204 2
5107 9777 17
5107 7019 13
5107 6674 20
5108 5134 19
5109 8140 5
5109 9876 2
5109 7759 12
5109 7113 3
5110 5620 2
5110 9142 7
5111 9433 9
5111 7273 3
5111 5697 12
5111 9714 19
5112 6255 10
5112 5632 20
5112 8869 5
5113 5641 18
5113 5293 7
5113 9708 10
5114 9462 19
5114 5303 10
5114 6821 5
5114 9167 17
5114 9117 8
5115 9040 12
5115 6540 5
5115 5545 15
5115 8607 2
5115 8379 14
5115 7724 1
5116 9204 15
5117 6927 16
5117 5498 3
5118 9918 9
5118 8383 20
5118 9226 16
5118 6873 13
5119 9837 10
5119 5826 5
5119 9496 8
5119 6374 13
5119 7660 20
5120 6992 4
5121 5141 16
5121 7627 2
5122 6825 8
5123 9464 5
5123 5901 10
5123 6660 6
5124 9546 6
5125 6210 8
5126 6781 10
5126 6457 3
5126 8146 15
5127 8563 15
5127 9642 19
5127 5524 5
5127 8768 3
5127 9749 4
5128 8470 15
5128 8188 2
5128 5753 2
5129 9433 12
5129 8368 6
5129 5311 10
5129 8267 11
5129 6435 20
5129 9313 13
5130 9845 1
5131 6637 20
5131 9116 1
5131 5489 4
5131 6178 6
5131 7872 16
5131 5468 4
5132 8972 16
5132 8254 6
5133 8846 2
5133 6461 19
5133 5552 18
5133 6172 10
5134 9780 1
5134 7743 6
5134 9753 15
5135 8944 2
5135 6457 19
5136 5191 9
5136 7409 7
5137 6148 3
5138 8396 12
5138 7860 6
5138 9458 4
5138 7727 3
5139 5663 20
5139 6861 20
5139 7451 16
5139 8659 4
5139 8532 16
5140 6173 17
5140 9434 14
5140 7171 6
5140 8785 12
5140 8141 13
5140 9589 3
5140 6484 12
5141 5171 14
5142 5792 8
5142 8102 14
5143 9069 18
5143 9856 18
5143 9620 13
5143 8133 9
5143 6383 13
5143 5848 11
5144 6322 1
5144 6889 10
5145 7635 11
5145 9034 13
5145 8146 19
5145 9227 13
5146 5728 1
5146 7276 14
5146 6216 6
5146 8119 17
5147 7848 12
5147 7941 8
5147 8177 13
5148 5787 16
5148 8294 10
5149 8574 20
5150 6521 6
5150 6901 18
5150 8363 3
5150 5570 17
5151 9946 16
5152 7035 3
5152 9615 3
5152 7884 7
5152 7809 14
5152 9966 8
5153 7374 12
5153 7845 10
5154 7389 7
5154 5397 4
5154 7454 8
5155 9292 8
5155 7315 4
5155 7090 3
5155 8485 5
5155 6000 16
5156 6940 2
5156 5783 14
5156 9671 10
5156 5643 11
5156 8616 10
5157 5542 16
5157 7468 17
5157 6919 7
5157 7335 19
5157 6573 19
5159 5286 1
5159 5510 9
5160 9654 19
5161 6438 16
5161 7568 20
5161 7639 3
5162 9767 1
5163 5772 8
5163 9681 2
5163 6086 7
5163 6958 8
5164 5620 16
5164 6059 19
5165 6144 20
5166 5798 4
5166 5365 13
5166 5538 3
5166 6199 17
5167 6081 11
5167 6970 1
5167 5316 6
5167 5706 20
5168 9380 15
5168 9967 13
5169 9096 15
5169 8049 2
5169 9257 14
5169 5946 9
5169 8059 10
5171 7537 1
5171 6843 20
5172 6757 7
5172 8748 1
5172 8687 11
5172 9884 16
5173 6630 15
5174 9443 14
5174 5205 3
5174 5785 10
5174 9484 1
5175 6698 13
5176 9853 19
5177 9235 5
5177 7155 13
5178 7613 1
5178 7867 2
5179 5295 12
5179 8123 10
5179 6397 5
5179 8611 18
5180 5285 14
5180 8693 7
5180 9739 12
5181 7354 16
5181 6588 9
5181 5335 2
5181 7266 18
5182 7017 17
5183 7094 11
5183 7104 4
5183 9645 15
5183 7019 10
5183 5833 9
5183 8577 10
5184 9236 10
5184 9963 3
5184 6948 8
5185 5916 17
5185 9975 18
5185 6188 5
5185 8941 11
5185 6738 18
5185 9005 6
5186 9793 8
5187 9413 12
5187 8372 11
5188 7994 5
5188 6383 13
5188 9810 8
5188 6471 15
5188 9724 7
5189 6249 8
5189 8770 18
5189 7963 2
5190 5525 13
5190 9419 4
5191 6801 16
5192 5633 16
5192 9514 20
5193 8552 20
5193 9698 17
5193 6864 19
5193 9366 2
5193 6820 10
5194 8011 7
5194 8151 18
5194 8814 3
5194 6276 2
5195 8726 1
5196 6656 13
5196 5665 7
5196 9524 4
5197 7794 1
5198 9755 11
5198 7982 20
5198 8690 12
5198 5610 1
5198 5471 15
5199 6258 13
5199 9500 4
5199 5959 9
5199 5340 1
5199 6999 9
5201 9829 17
5201 9685 14
5201 7792 17
5201 8733 15
5203 6359 4
5203 7477 14
5204 6805 20
5205 6820 2
5205 8878 16
5206 7960 8
5206 9882 8
5206 7130 18
5206 7115 5
5206 8459 4
5207 8608 2
5209 9823 20
5209 9266 6
5209 9742 2
5209 9424 2
5209 9196 20
5210 5878 4
5210 7034 4
5210 6208 9
5211 5345 20
5211 7840 17
5212 6271 20
5212 8475 5
5212 9815 4
5214 8591 13
5214 6151 18
5214 7208 12
5214 8757 1
5214 8567 19
5214 8827 17
5215 5613 20
5215 9800 9
5215 6280 15
5215 8834 20
5217 8904 7
5217 5923 20
5217 6460 17
5217 7240 8
5218 5373 13
5218 9000 9
5218 7757 13
5219 6292 20
5219 8360 1
5219 7331 14
5219 7609 4
5219 8029 1
5220 8336 20
5220 5838 14
5221 6783 2
5221 7932 8
5222 8592 8
5222 6241 17
5223 6149 5
5223 5831 5
5224 9461 7
5224 9783 18
5224 8870 6
5224 7614 6
5224 7768 8
5225 7412 12
5226 7937 7
5226 9094 15
5227 7385 11
5228 8720 11
5229 8348 16
5229 7575 5
5229 9637 15
5229 9779 2
5230 6213 11
5230 5693 20
5231 5658 5
5231 8846 11
5231 8097 1
5231 7860 3
5232 5722 18
5232 5318 18
5232 7778 15
5232 6179 5
5233 7397 2
5233 5950 14
5233 5609 20
5233 7710 13
5233 7201 12
5234 8201 15
5234 8967 16
5234 7063 13
5235 7642 16
5235 5901 15
5236 5692 18
5236 6620 17
5236 8191 16
5236 8935 4
5236 7273 7
5236 6058 1
5236 9562 17
5237 7553 9
5237 5980 17
5237 5580 7
5237 8798 20
5237 9547 16
5238 5502 5
5238 9647 1
5238 7505 2
5238 5281 13
5239 7481 14
5239 6087 7
5239 7535 5
5239 7924 20
5240 7696 11
5240 6250 14
5241 6609 17
5242 5451 19
5242 8519 18
5242 6291 13
5243 5573 12
5243 8341 15
5243 8679 10
5243 7972 17
5244 6934 19
5244 9634 8
5245 8853 13
5245 8499 15
5245 9457 1
5245 5330 14
5245 9926 3
5245 7047 19
5246 7692 16
5246 7504 12
5246 7771 1
5246 5627 1
5246 7961 7
5246 7639 17
5246 7555 3
5246 6877 10
5246 6437 2
5247 6894 9
5247 6343 7
5248 8419 18
5248 6553 18
5248 6969 1
5249 6583 3
5249 8672 12
5249 8095 7
5249 6983 3
5249 6280 12
5250 5778 1
5250 7185 1
5250 7991 12
5250 8980 18
5250 8003 7
5251 8639 12
5252 9057 7
5252 8914 10
5253 9796 18
5253 8055 11
5253 7163 18
5253 9939 10
5254 5644 6
5254 5681 11
5254 8818 11
5254 7062 13
5254 8226 3
5257 6036 9
5257 6802 3
5258 5855 15
5258 8201 17
5258 6444 10
5259 7386 7
5259 9104 15
5259 8560 13
5259 9581 1
5259 9391 4
5260 5460 17
5260 5429 7
5260 9161 6
5261 6643 12
5262 7289 16
5262 9783 19
5262 5736 17
5263 7673 4
5263 9079 13
5263 9447 20
5263 5901 12
5264 8842 8
5264 9748 12
5266 9262 5
5266 6753 9
5267 9195 14
5267 9772 19
5267 7313 7
5268 9297 14
5268 8209 2
5269 9045 9
5269 8231 6
5269 5597 11
5269 8543 19
5269 7315 19
5269 6640 1
5270 6741 9
5270 6682 1
5270 6310 3
5270 7757 20
5271 8921 8
5271 8580 19
5271 8630 11
5272 7460 18
5272 9376 19
5272 7134 17
5273 8259 3
5273 8966 17
5273 7551 10
5273 8163 8
5274 7908 6
5274 7667 9
5274 8318 10
5276 6714 12
5276 5608 16
5276 9813 10
5277 9019 8
5277 5408 10
5278 5603 6
5278 5932 11
5279 7618 19
5279 6043 12
5280 7078 3
5280 9949 6
5280 9656 5
5280 6450 18
5281 8888 13
5281 8560 19
5281 6998 11
5281 5646 5
5281 5465 19
5282 9380 8
5283 7140 17
5283 5370 6
5284 6500 4
5284 8250 2
5285 6725 14
5285 6381 5
5286 5359 18
5286 7035 13
5286 6859 18
5286 9136 12
5286 7898 5
5287 9883 4
5287 6094 2
5287 7516 2
5287 6236 15
5287 5837 8
5288 8575 11
5289 6859 20
5290 5394 2
5290 8257 3
5291 9614 7
5291 6349 6
5291 9517 12
5291 6404 15
5291 6651 1
5291 9233 10
5292 7086 10
5292 6635 3
5292 9483 9
5292 6836 17
5292 9742 5
5292 5498 5
5293 8391 9
5293 6419 7
5293 8763 1
5294 5643 6
5294 8447 11
5294 8958 20
5294 5640 11
5295 9212 17
5295 7270 17
5295 5685 18
5295 6850 12
5296 7810 11
5296 7391 15
5296 5867 7
5297 5477 20
5297 9342 8
5297 8002 20
5298 7046 16
5298 5842 9
5298 9509 6
5298 5621 13
5299 7054 1
5299 6775 18
5301 7822 12
5301 7366 12
5301 5639 2
5301 7150 5
5302 7486 13
5302 5596 6
5302 8437 12
5302 5717 19
5303 5696 20
5303 7343 4
5303 8829 9
5303 9653 8
5303 7606 11
5304 7508 7
5304 9133 19
5305 5572 12
5305 5753 20
5306 7114 11
5307 9011 14
5307 8874 20
5307 6663 4
5307 9038 15
5308 8334 6
5308 6833 1
5308 6991 16
5310 8005 2
5310 8044 8
5311 5613 14
5312 6586 16
5312 8754 20
5313 7251 18
5313 8245 17
5314 9299 20
5314 6366 7
5314 7563 16
5314 9153 7
5315 6311 13
5315 9561 8
5315 8844 2
5315 5389 4
5316 7113 12
5316 7507 6
5316 9009 16
5317 8442 16
5317 7939 7
5318 9619 15
5318 8057 10
5318 7496 18
5319 9012 3
5319 7905 4
5320 7426 18
5322 6551 10
5322 6474 9
5322 9517 18
5323 7496 16
5323 7423 18
5323 6856 19
5323 8183 1
5324 8934 12
5324 9713 5
5325 9189 19
5325 9991 4
5325 9011 18
5325 8595 10
5326 5818 10
5326 6041 2
5326 7130 19
5326 6515 1
5326 5976 2
5327 8984 6
5327 7308 11
5328 7801 11
5328 5774 17
5328 9798 15
5328 8008 17
5328 5944 5
5330 7584 11
5331 5924 15
5331 7326 7
5331 8193 4
5332 7859 7
5332 6020 1
5332 9413 6
5332 6508 6
5333 6308 1
5334 8234 8
5335 8461 15
5335 6100 8
5335 9239 12
5336 9143 10
5336 6792 2
5336 5342 12
5336 5705 8
5337 9344 7
5337 9869 9
5337 7080 1
5337 6374 4
5337 9995 14
5337 7224 9
5338 5435 15
5338 6060 18
5339 9111 12
5339 5937 2
5339 5488 14
5339 7085 2
5340 5993 20
5340 9498 8
5340 6645 7
5340 8357 16
5340 6898 3
5341 8264 20
5341 6535 18
5342 9746 13
5342 7094 12
5342 6883 17
5343 9044 11
5343 5626 3
5343 5925 1
5343 9801 5
5344 6592 3
5344 5486 10
5346 5616 13
5347 9527 11
5347 7354 9
5347 9231 18
5348 6702 4
5349 5416 19
5349 6937 7
5351 8722 6
5351 9006 6
5351 8107 1
5351 7318 13
5351 6612 3
5352 6807 12
5352 9440 6
5352 6948 11
5352 7433 1
5353 6401 3
5353 8973 20
5353 6731 3
5353 7717 15
5353 8533 16
5353 7340 20
5354 8231 17
5354 8745 15
5355 5529 19
5355 9685 11
5355 8033 1
5355 7140 10
5355 8719 15
5355 8100 2
5356 9905 1
5356 6997 13
5356 7488 6
5357 6861 5
5357 6341 11
5357 8673 2
5357 9368 3
5358 8261 15
5358 7473 16
5359 9917 11
5359 9723 20
5359 8118 3
5359 9621 15
5360 7204 10
5360 6747 18
5360 9286 19
5360 9206 2
5361 7123 20
5361 8491 6
5362 7996 7
5362 7114 19
5362 5575 8
5362 6352 14
5362 9923 1
5362 6622 10
5363 6211 9
5363 7501 16
5363 9767 1
5363 9457 15
5364 6208 1
5364 6378 14
5364 5398 14
5364 6755 2
5365 6518 12
5365 7391 16
5366 6345 20
5367 9716 13
5367 8758 11
5368 8230 5
5368 8472 16
5368 5908 7
5368 7816 19
5368 6282 18
5369 9278 8
5370 7755 3
5370 9233 4
5370 8043 6
5370 9551 11
5370 8650 19
5371 8461 17
5371 9868 6
5371 9570 5
5371 8455 3
5372 5722 17
5372 7540 20
5373 6659 18
5374 9995 15
5374 9597 1
5375 8765 4
5375 7739 14
5375 8078 5
5376 8336 10
5376 7789 9
5376 7398 9
5377 9630 12
5377 8200 3
5377 7475 13
5378 6528 20
5378 8050 14
5379 7383 3
5379 6454 7
5381 9822 16
5381 6028 1
5381 7398 8
5382 7542 9
5382 8987 1
5382 6563 18
5383 9187 10
5383 8032 20
5383 7915 16
5384 8583 17
5385 7141 11
5385 5657 8
5386 9752 4
5386 9681 11
5387 6875 2
5387 8748 5
5387 8104 15
5387 9787 10
5388 8615 8
5389 8848 19
5389 6318 8
5391 7059 20
5391 7459 4
5394 5806 19
5395 7359 4
5395 9573 13
5395 6218 12
5395 9438 9
5395 8107 11
5395 6392 19
5395 9282 9
5395 8390 18
5396 9301 1
5396 8400 14
5396 8304 5
5397 8632 2
5397 7998 19
5398 8072 11
5398 9794 5
5398 9546 16
5398 6273 20
5399 7212 11
5399 6162 17
5399 6490 13
5400 9202 2
5400 8963 15
5400 7725 6
5400 6547 12
5400 8486 2
5401 7910 20
5401 8320 7
5402 9084 7
5402 9825 8
5402 7186 1
5402 8254 5
5403 6744 2
5403 6411 14
5403 8956 18
5403 6280 6
5403 7015 5
5404 6826 1
5405 5606 11
5405 9669 7
5405 9857 17
5406 8642 10
5406 5775 11
5407 7422 6
5407 7343 18
5407 9838 4
5408 6362 7
5408 6395 9
5409 6274 19
5409 7206 15
5409 6574 17
5409 5633 11
5410 6793 15
5410 9309 11
5411 7739 5
5411 6145 8
5411 9867 5
5411 7162 13
5411 5801 13
5412 9262 3
5412 7201 2
5412 7838 7
5413 6023 18
5413 8109 5
5414 7137 4
5414 6367 4
5414 9033 17
5415 7640 14
5415 8179 6
5415 8261 1
5415 9392 11
5416 8052 2
5417 7378 5
5417 7440 12
5417 7710 11
5417 9473 3
5418 6747 8
5418 9443 2
5418 7306 19
5419 5764 19
5420 5851 20
5420 5472 13
5420 8181 6
5420 7750 20
5420 9678 10
5420 5968 6
5421 6678 14
5421 7549 10
5421 7485 20
5422 5966 16
5422 9024 16
5423 7513 1
5423 5603 16
5423 7021 1
5424 5437 7
5424 9457 10
5424 8454 11
5424 9580 13
5425 8785 6
5425 9476 3
5425 8850 12
5426 5715 12
5426 9282 11
5426 9631 5
5426 5653 16
5427 9270 9
5427 5615 5
5427 9896 4
5427 7020 13
5427 9049 19
5427 7433 4
5428 6089 19
5428 6672 12
5428 7663 16
5428 8414 12
5428 7300 19
5428 7644 10
5429 6991 4
5429 5636 19
5429 9247 1
5430 9162 9
5430 8355 11
5431 6484 9
5431 9403 19
5431 6158 2
5431 6773 14
5432 7052 11
5432 6887 10
5432 7439 16
5433 9440 17
5434 5793 5
5435 8856 20
5435 7846 5
5435 6225 10
5435 9453 2
5435 8542 20
5436 7203 17
5436 8515 17
5437 6241 13
5437 5487 14
5438 9052 13
5438 9586 3
5439 9669 4
5439 7445 17
5439 5791 15
5440 8993 2
5440 7161 1
5440 7245 15
5441 8529 9
5441 6116 20
5442 6745 18
5443 6224 20
5443 6099 1
5443 9874 1
5443 8262 14
5444 9015 3
5444 6652 18
5444 6160 2
5445 9671 5
5445 9409 2
5446 9042 7
5446 8216 4
5446 7832 12
5446 7506 12
5447 9533 14
5447 9219 15
5447 5924 15
5447 8301 11
5447 7483 6
5447 6771 4
5449 7988 14
5449 9355 7
5449 6033 12
5451 6920 20
5451 6767 6
5452 5876 9
5452 5515 9
5453 8786 10
5453 7023 12
5453 5598 1
5453 7190 15
5453 9780 14
5454 8698 11
5454 8452 10
5454 7493 15
5454 5473 17
5455 9513 17
5455 6838 19
5455 7997 4
5456 7761 11
5456 5934 12
5456 5696 20
5456 9082 8
5456 9805 20
5456 7439 18
5457 8826 19
5457 9012 15
5457 7448 16
5457 7137 12
5459 9369 4
5460 5592 10
5460 8861 5
5460 7200 11
5461 6446 17
5461 9804 1
5461 7392 16
5462 8079 10
5463 5880 5
5463 9737 6
5464 5944 4
5464 8248 6
5464 8607 1
5464 8528 7
5465 8027 16
5465 8514 7
5465 9535 14
5466 8046 1
5467 8484 1
5467 8316 4
5468 5728 10
5468 6462 11
5469 7737 6
5469 9541 8
5471 7458 6
5472 6609 8
5472 9890 5
5473 7011 20
5473 7602 4
5473 9217 10
5473 6255 5
5473 9211 2
5474 7706 9
5475 9697 4
5475 6804 16
5476 8392 19
5476 8231 7
5476 7528 19
5477 7424 11
5477 8656 8
5477 7077 17
5477 7689 10
5478 7482 7
5478 6931 1
5479 8274 16
5480 8805 3
5480 7479 17
5481 6799 10
5481 8074 14
5481 9577 14
5481 9633 1
5482 5959 20
5482 5907 1
5483 7370 8
5483 5516 11
5483 7343 4
5483 6343 9
5483 7422 20
5484 7055 2
5484 8772 7
5484 9179 7
5485 8490 8
5485 8716 4
5486 9824 8
5486 8014 19
5486 5832 7
5486 9210 13
5487 8646 2
5488 6686 12
5488 8481 16
5489 8765 5
5489 7669 2
5490 8797 15
5490 5492 7
5490 8908 3
5490 6700 3
5491 8445 12
5491 9265 14
5491 7896 16
5491 6738 14
5492 7018 6
5493 6863 8
5493 6666 17
5493 7179 14
5494 5827 12
5494 8374 18
5495 8606 5
5495 6446 13
5495 9490 8
5495 8090 1
5496 6847 4
5497 5774 13
5497 6745 3
5498 5918 17
5498 9563 2
5499 9274 7
5499 6146 2
5499 9742 7
5500 6840 17
5500 9043 15
5500 7117 19
5502 8571 9
5502 6992 6
5502 6083 13
5503 8513 7
5503 6833 10
5503 6145 1
5504 8138 12
5504 8176 10
5504 5973 16
5504 6779 12
5505 5836 12
5507 6624 3
5507 5563 11
5508 9973 13
5508 5826 20
5508 6002 17
5508 7616 8
5508 6658 6
5509 7679 6
5509 6726 20
5509 7811 19
5509 6539 3
5510 6824 18
5510 9344 3
5510 6380 6
5511 6209 17
5511 8311 1
5511 8392 20
5511 5988 3
5511 5972 19
5511 9420 3
5512 8955 15
5512 9440 16
5512 9226 1
5513 6860 3
5513 5545 19
5514 6074 17
5514 9444 6
5514 6963 16
5515 5518 15
5515 7431 4
5515 6444 15
5516 7743 19
5517 9576 11
5517 8199 13
5517 8334 16
5518 9363 17
5518 8876 11
5518 9772 18
5519 9914 15
5519 8542 13
5520 9040 14
5521 7753 4
5521 7172 5
5521 9498 3
5522 6089 15
5523 8165 16
5524 6111 10
5524 8774 9
5524 6136 10
5525 6251 4
5526 7274 12
5526 6230 13
5527 6983 12
5527 8429 15
5527 7449 10
5527 6223 7
5527 9799 16
5527 9541 11
5527 9613 20
5527 9247 17
5527 6115 6
5528 6427 10
5528 6974 18
5528 8246 3
5528 9951 7
5529 8268 5
5529 8061 18
5529 6221 4
5530 7313 17
5530 6653 1
5530 5726 4
5531 9914 6
5531 9194 20
5531 6655 12
5531 8539 12
5532 9038 17
5532 6852 9
5532 8685 9
5532 8541 11
5533 7055 15
5533 9989 7
5533 5606 11
5534 7411 6
5534 5956 13
5535 8587 9
5535 7906 2
5535 8733 15
5535 8359 4
5535 7347 10
5535 6635 19
5536 9732 3
5536 7849 7
5536 9962 4
5536 9826 2
5536 9166 9
5537 6543 14
5537 9290 12
5538 6904 5
5538 6730 16
5538 7353 10
5539 8223 2
5540 8764 9
5541 6352 12
5541 5953 14
5543 9795 9
5543 6403 11
5543 9575 9
5543 6305 7
5544 6562 3
5544 8886 6
5544 6381 19
5544 8895 2
5544 6781 8
5544 8639 17
5544 9281 6
5545 8444 14
5545 8226 11
5546 6512 4
5546 9069 5
5547 7783 19
5549 8856 9
5549 6808 15
5549 7895 6
5549 6420 19
5549 7145 19
5550 7779 5
5550 9628 13
5551 9170 8
5551 7948 7
5552 9758 15
5552 9256 2
5552 8347 2
5553 7430 20
5553 7616 12
5553 7846 4
5554 8863 3
5554 8188 7
5555 6114 20
5555 9034 3
5555 6171 6
5555 7305 5
5556 6147 5
5556 9628 15
5556 8602 14
5556 7542 4
5557 7669 12
5557 5642 18
5557 8275 9
5558 7528 5
5558 7884 12
5559 6596 3
5560 6282 3
5561 8470 18
5561 7182 16
5562 8869 10
5562 7722 6
5563 8237 6
5563 6292 8
5563 8197 4
5564 9156 18
5564 8695 11
5564 7627 17
5565 7517 7
5565 7401 3
5565 7516 7
5566 5633 6
5566 5829 20
5566 8354 16
5566 8919 12
5567 5751 16
5567 9085 1
5567 9424 7
5567 7211 10
5567 8861 1
5568 8318 20
5568 5935 15
5568 5927 4
5568 8473 18
5568 9009 3
5569 7160 9
5569 6750 18
5569 8904 12
5569 7872 10
5569 7259 8
5569 5794 13
5571 9370 5
5571 8536 15
5572 8049 9
5572 7901 17
5573 9939 4
5573 8729 18
5573 9603 15
5574 9702 7
5574 8332 4
5574 8179 16
5575 6750 18
5575 9078 11
5575 7655 5
5575 8322 19
5576 8621 16
5577 6362 14
5578 9291 10
5578 9592 6
5578 7700 17
5578 6160 9
5578 9241 13
5579 5829 18
5579 9785 11
5580 9915 4
5580 8104 19
5580 8445 5
5581 7559 13
5581 8867 3
5582 7216 16
5582 8541 12
5582 9093 18
5582 7089 13
5582 8902 20
5584 5953 5
5584 9830 15
5584 6460 10
5585 6910 6
5586 7111 20
5586 8444 2
5586 9028 2
5588 6117 8
5588 9944 20
5588 7171 4
5588 9730 13
5588 8563 4
5591 6235 2
5591 9305 5
5591 6408 17
5592 7113 3
5593 7331 4
5593 7808 4
5593 6853 4
5593 7501 16
5593 6662 2
5594 7639 10
5594 7610 1
5594 5787 10
5594 8674 16
5595 6769 18
5595 6673 16
5596 9531 8
5596 8213 16
5596 9755 10
5597 9810 17
5597 8481 2
5597 7257 12
5598 7967 5
5598 7117 4
5598 9672 15
5598 6030 1
5599 6436 5
5599 7594 2
5599 6899 16
5600 7070 8
5601 6885 19
5601 7342 16
5601 8801 2
5602 5996 3
5603 6536 14
5603 9057 8
5603 8158 4
5604 7473 14
5605 6967 5
5605 8429 19
5606 8921 11
5606 8253 17
5606 6717 3
5606 7431 2
5607 8194 15
5608 8734 16
5608 8131 4
5608 8501 19
5609 8504 13
5610 7261 16
5610 8022 14
5610 6128 16
5611 6762 9
5611 9344 3
5611 9451 13
5611 9387 13
5612 6840 2
5613 7884 13
5613 7936 9
5613 6571 18
5613 6789 11
5614 6704 18
5614 7429 17
5615 8031 18
5615 6105 10
5615 7530 10
5615 6016 9
5616 5681 5
5616 8436 10
5617 6997 11
5617 7041 2
5618 9884 9
5618 6913 20
5618 7003 17
5619 5910 17
5620 8581 13
5621 7722 10
5621 6621 12
5621 7702 8
5621 9951 17
5622 6352 14
5623 6312 18
5623 8698 10
5623 9311 11
5623 7158 4
5623 6227 6
5624 8520 14
5624 6227 11
5624 8264 6
5625 6374 16
5625 6317 14
5625 8167 14
5626 7872 15
5628 9089 8
5628 7478 4
5628 7179 11
5629 8856 12
5629 6760 6
5630 6542 11
5630 8774 9
5631 7951 3
5631 8645 15
5632 8698 18
5632 6829 7
5632 6691 6
5633 6732 3
5633 7688 3
5634 7078 5
5635 9891 13
5636 9267 18
5636 5773 4
5636 5856 18
5636 7962 14
5636 8504 17
5637 6173 12
5638 8192 1
5638 8226 13
5638 6478 7
5638 9417 10
5638 6668 11
5639 6195 17
5640 8610 11
5640 7810 14
5641 6522 19
5641 5674 16
5641 8154 16
5641 8535 3
5642 6244 1
5642 9381 10
5642 9023 12
5643 7889 13
5644 8476 17
5644 6941 18
5645 7165 6
5646 6752 14
5646 9842 8
5646 9082 10
5647 6676 6
5647 6198 10
5647 9657 6
5647 6031 7
5647 8583 12
5647 5899 20
5648 9950 6
5649 6401 17
5651 5756 17
5651 6160 16
5651 6395 1
5651 6403 1
5651 8102 11
5652 7785 5
5652 7780 12
5653 5781 3
5653 8754 7
5653 9987 13
5654 7935 6
5654 5855 16
5654 7454 6
5654 7251 11
5655 7043 18
5655 8711 13
5655 5890 4
5655 7548 17
5656 6108 6
5656 6627 4
5656 9317 3
5656 9542 9
5657 7992 1
5658 6191 18
5658 9376 9
5658 9728 17
5658 7815 15
5659 6730 9
5659 5944 5
5661 9626 14
5661 7765 4
5662 7841 12
5664 6305 10
5664 7046 15
5664 8803 4
5665 9990 6
5665 7793 3
5665 7066 13
5666 6194 5
5667 5944 16
5668 7301 12
5668 6948 15
5668 9248 7
5669 8501 8
5669 9581 6
5669 7544 2
5670 7515 1
5670 5884 14
5670 8671 4
5670 6932 4
5671 8115 20
5672 9663 8
5672 6024 14
5673 9746 18
5674 7247 20
5674 7280 12
5674 9240 5
5674 5934 20
5674 6883 16
5675 8872 10
5675 8140 18
5675 5754 1
5675 9312 6
5676 9757 7
5677 7472 8
5678 8011 12
5678 8848 6
5678 7550 8
5679 6616 11
5679 8205 17
5679 5772 9
5679 7235 12
5679 9737 20
5679 8313 14
5680 8133 8
5680 7764 18
5680 8366 7
5680 9273 17
5680 9624 10
5681 8106 13
5681 7476 2
5681 7434 15
5682 8627 10
5682 6437 19
5683 7108 3
5684 7541 13
5684 9336 20
5684 6033 17
5685 9965 4
5685 5852 11
5686 6937 11
5687 5948 11
5687 8951 14
5688 8728 4
5688 7891 7
5688 6649 20
5688 7980 14
5689 6450 2
5690 9148 10
5690 9180 16
5690 9095 11
5690 8545 4
5691 9993 1
5691 6921 10
5692 9393 6
5692 6064 9
5693 5874 5
5693 7602 11
5694 6318 18
5694 6240 9
5694 7328 13
5695 6815 12
5695 8645 17
5695 9875 19
5695 9203 19
5696 8010 7
5696 9902 7
5697 8496 8
5697 6913 11
5697 9729 16
5698 9498 3
5698 5986 15
5699 6378 14
5699 7396 18
5699 9222 12
5699 8080 7
5700 6690 17
5700 5766 9
5700 7115 19
5702 6094 20
5703 9550 9
5703 9576 1
5704 7133 17
5704 9831 9
5705 7856 15
5705 5882 15
5705 7435 5
5705 7459 16
5705 7795 20
5706 7801 15
5706 6412 5
5706 9139 17
5706 6835 1
5706 8293 20
5707 7010 5
5707 9077 16
5707 9363 15
5708 8260 3
5709 6866 10
5710 6575 1
5710 9355 1
5710 6646 10
5710 8413 13
5711 9903 9
5711 5850 2
5711 6207 17
5712 8350 16
5712 6575 20
5712 8289 18
5713 6168 4
5713 7933 16
5714 7861 8
5714 9372 14
5714 9104 4
5714 9697 17
5714 8805 17
5715 6003 11
5715 5957 15
5715 8077 11
5715 8986 5
5715 8657 9
5715 5793 12
5715 6839 6
5716 9374 4
5716 8925 13
5716 9617 10
5717 6997 6
5717 6374 2
5717 8618 3
5718 8695 4
5718 8220 17
5719 7967 2
5719 6511 17
5719 8828 6
5722 6866 20
5722 6543 11
5723 5912 9
5723 9883 18
5724 7224 11
5724 6021 5
5725 6670 3
5725 9321 3
5726 9055 5
5726 8065 4
5727 7391 12
5727 7586 19
5727 7522 10
5727 8448 14
5727 6939 8
5728 9995 7
5728 9492 8
5728 8201 18
5729 7245 4
5729 9433 16
5730 9033 19
5730 6029 18
5731 7545 9
5732 6533 5
5732 6084 15
5733 6008 14
5733 8150 19
5733 7736 2
5733 9943 4
5734 9460 15
5735 9076 15
5735 8041 1
5735 7887 13
5735 8584 20
5735 7641 2
5736 7569 11
5736 9813 8
5737 6177 7
5737 6382 15
5738 7069 2
5738 8588 4
5738 6207 20
5739 8888 8
5740 8673 13
5740 6319 8
5740 5889 20
5741 9161 20
5741 6518 17
5742 6246 14
5742 7116 11
5744 9632 3
5744 7601 9
5744 7953 7
5744 7387 14
5744 6210 9
5745 9740 14
5745 7766 6
5746 8848 19
5746 9807 13
5747 8720 19
5747 8940 2
5747 7611 12
5748 7960 10
5749 6495 11
5750 8262 6
5750 9000 3
5750 7297 19
5751 9619 2
5751 7289 19
5752 9921 6
5752 9453 13
5752 6556 16
5752 9955 4
5753 7210 6
5753 9160 11
5753 9286 18
5754 8946 9
5755 6749 1
5755 7576 10
5756 6843 16
5757 7842 14
5757 9215 2
5757 7395 17
5757 6737 8
5757 6388 1
5758 9629 15
5759 7325 8
5759 6291 11
5759 7306 9
5759 8109 14
5760 8500 2
5760 9431 1
5761 9300 16
5761 9255 19
5761 9215 15
5761 7207 9
5762 5770 2
5762 8065 16
5763 6024 14
5763 8818 17
5763 8810 12
5763 9199 13
5764 9226 9
5764 7824 9
5765 5822 20
5765 6002 5
5765 7792 11
5766 7416 11
5766 9182 19
5766 9354 8
5767 6693 8
5767 6688 9
5768 8205 18
5768 6016 17
5769 9931 13
5769 9732 19
5769 6854 11
5770 9822 10
5771 8691 14
5771 7050 18
5771 9338 2
5771 8285 1
5771 8759 5
5771 6049 6
5772 9946 1
5772 8945 20
5772 9722 15
5772 7384 14
5773 9035 9
5773 7350 13
5773 9273 12
5775 9670 7
5775 7558 3
5776 8592 16
5776 9438 12
5777 6308 20
5777 9232 11
5778 9058 19
5778 6647 14
5779 8504 5
5780 8033 16
5781 9250 9
5781 6945 5
5782 6897 7
5782 6126 8
5782 9920 10
5783 9445 4
5785 6474 5
5785 8462 18
5785 7863 8
5786 6376 10
5786 9673 8
5786 8482 16
5786 7591 1
5786 7010 8
5787 8641 15
5787 6589 11
5787 6226 6
5787 8630 13
5787 9603 20
5788 9634 14
5789 5952 17
5789 9849 12
5791 8330 16
5792 8761 12
5793 6929 8
5793 7834 20
5793 6475 3
5794 9173 13
5794 6385 20
5795 7110 4
5795 6062 7
5795 7129 20
5795 6202 9
5796 6500 13
5796 8690 18
5796 7629 20
5796 7825 8
5797 9423 8
5797 8704 5
5798 8611 16
5798 9920 13
5798 9416 13
5798 9825 3
5798 8423 13
5798 8903 7
5798 9751 20
5798 8950 17
5799 7191 9
5799 6836 17
5799 7111 4
5799 7946 4
5800 6183 15
5800 9147 5
5800 5805 5
5801 6247 11
5801 7967 4
5801 6536 6
5802 9283 11
5802 8374 16
5803 7006 10
5803 9609 17
5804 7062 4
5804 8950 12
5804 9934 7
5804 7045 6
5805 6919 10
5805 7308 14
5805 7912 2
5805 9356 13
5806 7069 8
5806 6566 20
5806 8044 17
5806 7303 4
5807 8314 17
5807 7202 1
5808 6587 17
5809 9900 11
5809 7146 12
5809 9668 9
5810 8188 6
5810 9411 2
5810 9647 13
5810 9306 1
5810 9568 20
5811 7156 20
5811 5904 8
5811 6122 20
5811 7655 13
5812 8397 2
5812 6438 2
5812 8509 16
5813 6363 18
5814 7083 19
5814 8596 9
5815 8729 19
5815 9673 7
5816 6888 11
5817 7537 1
5817 6028 13
5817 9101 4
5818 9481 16
5818 7117 15
5818 9487 6
5818 6032 7
5819 8712 17
5819 5909 5
5820 6065 2
5821 6303 15
5821 7320 12
5821 8423 3
5822 6897 4
5822 9730 8
5822 8801 10
5822 6523 18
5823 9354 14
5823 7377 11
5823 7444 15
5824 7277 19
5824 9918 14
5824 6941 18
5824 8054 4
5825 9036 1
5826 6656 8
5826 9713 6
5826 9093 2
5827 6754 5
5828 6492 6
5828 9597 9
5828 9242 1
5828 8721 4
5829 9060 16
5830 6400 8
5830 7530 6
5830 6588 18
5830 6951 3
5830 7368 11
5831 8466 20
5831 8892 11
5831 9586 10
5832 6873 7
5833 8551 3
5833 6029 5
5833 6850 9
5834 7795 14
5834 9183 16
5834 8656 9
5835 7906 1
5836 8663 1
5836 6631 20
5836 9488 10
5836 7153 1
5837 8697 10
5837 9905 8
5837 7216 15
5838 5938 18
5838 9791 4
5838 8594 10
5838 5991 3
5839 9512 4
5839 7415 19
5839 8077 12
5840 9153 17
5840 5990 15
5840 9568 8
5840 5917 14
5841 7233 2
5841 7249 14
5841 8832 8
5841 6054 9
5841 9628 2
5841 6463 12
5842 9557 3
5843 9338 7
5843 7327 2
5844 8925 2
5844 6248 12
5845 8549 15
5845 7221 6
5846 6611 8
5846 9441 19
5847 6833 12
5847 9240 7
5847 7723 6
5847 7411 15
5848 9451 19
5848 7795 4
5850 5903 17
5850 8294 6
5851 9795 8
5851 9563 8
5852 8156 4
5852 9668 14
5853 9371 16
5853 9131 4
5853 9852 14
5853 6030 5
5853 8803 20
5854 9271 19
5854 7552 14
5854 9777 18
5855 8422 3
5855 9080 15
5856 9568 11
5857 7171 10
5857 6912 18
5857 8617 3
5858 7673 10
5859 7776 10
5859 6237 5
5859 9837 8
5860 8042 8
5860 5996 12
5860 8087 5
5861 7831 4
5864 7515 11
5864 6336 13
5864 8129 2
5864 7795 5
5865 5918 7
5866 7219 6
5866 8262 10
5867 7433 16
5867 7871 10
5867 9264 13
5868 8060 17
5868 7140 16
5868 9352 19
5869 6546 5
5869 9885 16
5870 8780 3
5870 6646 18
5871 9909 12
5871 7275 12
5872 9483 3
5872 9549 8
5873 6141 15
5873 8311 2
5873 7071 7
5873 8086 12
5873 6862 19
5873 8207 15
5874 8521 20
5874 7809 15
5876 9293 18
5877 7296 1
5877 7867 18
5877 8337 16
5877 9674 17
5878 9266 10
5880 6978 4
5880 7265 15
5880 8968 17
5880 8778 14
5881 9417 16
5881 8009 20
5881 6334 8
5882 6944 20
5883 7859 7
5883 9573 14
5884 8388 20
5884 9822 8
5884 9542 19
5885 7731 10
5886 8639 20
5886 6596 19
5886 9351 11
5887 7100 16
5888 8017 6
5888 7928 1
5889 7941 5
5889 6796 2
5891 8000 7
5892 7136 11
5893 8187 6
5893 7774 4
5894 6329 2
5894 7743 10
5895 7831 18
5896 9458 4
5896 9887 4
5896 9498 9
5896 9100 14
5896 8731 17
5896 7361 3
5897 9727 8
5897 6037 18
5897 9449 19
5898 7412 8
5898 9633 8
5899 7356 3
5899 7243 7
5900 6710 17
5900 9604 14
5901 9485 7
5902 6301 10
5902 7738 19
5902 9944 5
5902 7258 7
5902 8224 11
5903 9180 5
5903 7073 9
5903 6170 20
5903 9112 7
5904 6392 16
5904 9359 4
5904 6074 2
5905 9234 9
5905 6474 4
5906 9052 15
5906 6479 13
5906 9049 6
5907 5920 18
5907 8988 11
5907 8995 4
5907 7051 1
5907 7668 8
5907 7997 1
5907 9903 3
5910 7298 14
5910 8225 9
5910 6217 2
5910 8370 9
5910 9015 1
5910 7336 8
5910 8377 20
5912 9077 15
5913 9278 13
5914 7243 5
5914 8500 4
5914 9120 4
5914 7526 17
5914 6678 18
5915 8447 1
5916 6651 14
5916 8694 20
5916 9759 2
5916 7067 9
5917 8230 8
5917 8300 17
5918 6358 19
5918 7304 3
5919 7443 4
5919 6399 10
5919 7827 17
5919 7050 5
5919 6656 3
5919 9502 20
5920 6355 19
5920 9311 4
5920 7080 6
5921 9051 1
5921 9971 13
5921 9345 5
5922 8474 9
5922 9636 10
5922 8452 3
5922 9150 17
5922 6519 11
5922 8919 1
5923 8288 3
5924 8766 14
5924 6149 14
5924 7709 10
5925 5931 3
5925 6904 11
5925 8663 1
5925 8117 20
5927 8167 20
5927 8653 12
5927 9812 16
5927 7723 11
5927 7553 13
5928 7538 17
5928 6658 3
5928 8408 3
5929 8842 8
5929 6166 9
5929 7273 8
5929 7646 3
5929 8478 11
5930 6543 8
5930 7121 6
5930 9382 20
5930 7842 8
5930 8392 4
5931 8408 9
5931 7808 19
5931 7365 8
5931 6395 20
5931 7624 5
5931 9065 17
5932 8773 5
5932 7350 6
5933 6001 7
5933 7992 12
5934 7532 20
5934 9863 13
5934 9431 8
5934 8594 9
5934 8975 16
5935 7932 6
5935 9296 14
5935 6795 6
5936 9491 9
5936 7411 15
5937 9148 4
5937 9603 20
5939 6837 8
5939 8940 19
5940 9814 4
5940 6377 14
5940 7541 11
5940 6024 6
5941 8735 15
5941 9295 15
5942 9882 7
5942 9233 1
5942 6411 18
5942 9601 16
5943 7503 5
5944 6761 9
5945 6221 1
5946 7362 8
5947 6760 13
5948 7683 10
5948 5960 17
5948 5964 2
5948 6239 1
5949 6891 6
5950 9616 12
5950 9208 10
5950 6644 1
5950 8535 14
5950 8554 9
5951 7495 13
5951 7319 15
5951 8592 14
5952 6655 12
5952 7751 3
5952 7143 16
5952 9510 5
5952 7540 16
5953 6544 16
5953 8112 11
5954 6423 8
5954 6668 6
5954 7591 19
5954 6099 4
5954 6662 5
5955 7392 7
5955 8578 13
5956 8049 11
5956 7129 11
5957 6317 14
5958 8781 10
5958 6595 9
5959 7693 4
5959 7420 9
5961 8227 19
5961 9162 7
5961 7031 1
5961 8338 1
5962 8146 3
5963 7729 12
5963 8433 20
5963 9425 1
5963 7223 7
5964 5990 18
5964 9603 6
5965 9761 9
5965 8501 1
5966 8332 8
5966 8028 2
5966 7495 19
5966 9415 6
5967 7066 5
5967 7159 17
5967 6379 8
5968 7577 10
5968 6506 7
5968 8131 13
5968 7348 9
5970 7526 10
5970 7172 12
5970 8555 13
5970 9455 14
5970 6829 7
5971 9287 1
5971 7017 19
5971 7763 2
5971 7711 13
5971 5978 14
5971 8816 19
5972 6223 11
5972 8420 18
5973 6249 2
5973 9245 10
5973 6379 20
5973 7938 9
5974 9471 1
5974 8814 13
5974 8789 14
5974 6327 10
5974 7447 10
5975 9012 14
5976 6163 12
5976 9186 3
5976 9103 11
5976 9799 15
5976 9485 4
5977 7140 16
5977 7934 19
5977 9128 5
5978 8593 8
5978 6809 2
5980 6437 1
5980 8255 5
5981 6099 17
5981 9496 17
5982 9474 7
5982 7651 9
5983 7475 19
5983 9185 5
5984 6939 18
5984 7672 9
5985 6201 10
5985 8759 11
5985 9988 11
5985 8854 2
5985 6665 16
5986 8951 10
5986 7758 6
5986 8659 20
5987 6988 17
5987 6426 5
5987 6924 18
5987 6589 1
5987 8820 7
5987 8275 16
5988 9188 19
5989 6274 9
5989 6003 9
5989 8847 1
5990 9139 2
5990 9150 1
5991 7636 3
5991 6866 1
5992 6606 11
5993 8667 14
5993 9963 17
5993 8122 19
5994 8697 16
5995 8962 16
5995 8679 20
5996 7347 2
5996 8257 8
5997 6444 14
5997 7422 9
5998 9305 20
5998 8239 13
5999 9490 10
5999 9664 10
6000 9614 5
6000 8335 5
6000 6496 4
6001 7850 13
6001 7303 19
6003 8432 14
6003 6488 17
6004 7777 20
6004 6764 6
6005 7552 17
6007 7044 14
6007 8841 19
6007 9788 16
6007 9820 19
6007 6886 15
6007 6910 19
6008 7222 8
6008 6109 10
6008 6265 17
6008 7000 11
6009 8398 20
6010 8898 14
6010 8295 7
6010 7462 12
6011 9034 16
6011 6649 5
6011 7749 5
6012 8674 7
6012 9442 3
6012 6637 11
6013 7267 5
6013 8211 13
6013 8040 2
6013 7707 12
6014 7439 15
6014 9538 19
6014 7540 10
6015 9634 18
6015 6879 3
6016 9977 11
6016 9864 15
6016 7597 11
6017 7475 17
6017 9202 4
6017 9212 1
6018 8920 2
6018 8507 3
6018 7292 12
6018 8076 10
6018 8226 10
6018 8810 15
6020 8399 12
6020 9790 3
6021 6700 6
6021 9827 9
6022 9113 12
6023 8341 16
6023 8398 8
6023 8019 16
6023 6735 19
6024 9457 18
6025 7786 9
6025 9385 17
6026 8016 2
6027 6418 2
6027 7042 5
6028 9642 1
6029 7134 8
6029 8704 6
6030 7069 17
6031 9528 16
6031 9275 2
6031 6318 15
6032 9483 17
6032 9040 19
6033 7600 13
6033 6922 3
6033 8656 16
6033 8313 17
6033 8015 8
6033 9631 5
6033 6390 5
6034 8904 12
6034 7896 2
6035 7605 20
6035 8994 4
6036 7404 12
6036 8423 12
6036 7738 15
6037 8357 8
6037 8240 6
6038 6208 6
6038 7396 5
6038 9128 6
6038 6091 8
6039 8495 5
6039 7109 13
6039 7617 2
6039 6174 3
6039 7652 15
6039 7515 12
6040 6261 10
6040 6392 5
6043 9383 13
6044 9376 20
6044 9067 17
6044 8450 17
6045 8497 7
6045 8733 6
6046 9528 2
6046 7449 20
6047 9914 19
6047 8179 3
6047 9115 5
6048 6599 9
6048 6283 5
6049 9543 7
6049 6409 10
6049 9647 18
6049 6558 7
6050 9950 20
6051 9159 2
6051 9364 14
6051 9097 3
6051 9126 17
6051 6482 9
6052 6481 11
6052 7089 13
6053 7178 16
6053 7745 5
6053 7012 15
6054 6906 17
6055 6485 12
6055 7283 16
6055 8326 7
6056 7006 1
6056 9550 5
6056 6100 7
6056 9036 19
6056 7503 10
6057 6078 18
6057 7344 10
6057 7195 16
6058 7317 15
6058 7129 3
6059 7811 9
6059 7442 13
6060 9067 16
6060 9716 8
6061 9408 7
6062 7324 19
6062 6591 2
6063 6566 20
6063 8095 5
6064 7560 4
6065 7066 8
6065 6922 15
6066 7470 2
6068 8836 4
6068 6524 17
6069 8187 7
6069 6869 6
6069 9718 16
6069 9796 9
6070 8437 1
6070 6763 7
6070 9317 4
6070 9879 14
6071 7018 19
6071 7211 10
6072 8484 16
6072 8341 9
6073 7153 8
6073 9549 9
6074 7204 3
6074 6515 18
6074 9546 17
6074 7062 4
6075 8552 12
6076 7142 15
6076 9339 14
6077 6095 12
6077 9192 3
6077 6623 12
6077 7163 2
6078 8850 5
6078 6249 4
6078 8029 17
6078 7537 13
6078 9783 9
6079 7369 11
6079 7234 20
6079 7175 18
6079 8476 5
6080 9973 3
6081 7873 19
6081 9432 10
6081 7326 4
6082 9027 12
6082 8537 3
6082 9333 16
6082 7263 14
6083 6099 8
6083 8266 17
6084 7597 14
6084 6815 3
6085 8774 18
6086 6300 20
6087 7621 1
6087 6823 18
6088 7404 12
6088 9907 10
6088 9237 1
6088 6208 8
6090 6755 2
6090 8912 7
6090 7555 5
6092 6601 12
6092 7542 8
6093 8488 12
6094 8899 11
6094 8670 11
6095 6425 19
6095 7349 20
6096 7659 12
6096 7682 7
6096 9220 20
6096 8077 15
6096 9411 6
6096 9172 1
6097 7107 11
6097 8854 14
6097 8046 1
6098 8426 1
6098 8964 14
6099 9236 10
6099 6262 5
6099 9383 1
6100 7007 20
6101 6799 6
6101 9822 5
6102 6767 12
6102 9385 19
6102 7763 16
6102 6713 8
6102 7686 20
6103 8247 14
6104 6527 15
6104 7500 2
6105 6769 15
6106 8955 3
6107 8479 2
6108 6326 13
6108 7758 1
6108 7964 4
6108 9526 3
6108 6158 8
6108 6334 1
6109 6240 8
6110 7705 5
6110 6577 6
6111 7944 7
6111 7252 6
6111 7924 8
6112 7355 12
6113 6292 10
6113 8884 8
6113 9691 7
6113 7436 16
6113 7590 9
6114 9845 11
6114 9974 7
6114 7756 14
6114 6470 11
6115 6453 13
6115 7539 2
6115 8116 5
6116 8854 13
6116 8985 16
6116 8944 10
6118 6537 4
6118 7227 6
6119 6346 3
6119 8392 13
6119 6501 8
6119 7103 17
6119 7345 6
6120 6481 9
6120 6458 11
6120 9833 19
6121 9924 13
6121 8981 6
6121 6908 6
6121 9414 8
6122 7451 20
6122 9339 16
6124 8304 5
6124 7900 9
6124 9017 18
6125 8609 9
6126 8224 7
6126 8462 19
6126 7680 14
6127 7965 2
6127 8225 20
6127 9388 19
6128 6698 13
6128 6862 2
6128 9599 15
6129 6408 19
6129 7661 7
6129 8352 19
6129 6237 3
6130 9825 1
6130 6855 12
6131 8380 4
6131 6196 12
6131 8168 1
6131 8203 15
6131 9393 3
6131 8051 2
6131 8948 17
6132 9937 3
6132 8370 14
6132 8826 12
6132 8776 7
6133 6192 11
6133 8123 19
6133 9261 18
6133 7939 12
6133 9401 3
6134 8502 12
6134 6526 7
6135 6887 5
6136 7542 2
6136 6933 20
6136 6170 6
6137 9767 18
6138 7917 8
6138 9835 12
6138 8123 8
6139 7711 9
6139 7991 5
6140 6914 9
6140 6891 20
6141 9230 11
6141 9920 1
6143 8426 3
6143 7855 11
6143 6162 6
6144 9602 18
6145 9416 1
6146 6786 2
6146 6491 14
6148 9334 9
6149 6498 17
6150 7075 14
6151 9972 4
6151 9387 11
6152 8772 15
6152 6288 15
6153 6321 19
6153 9248 19
6153 9648 7
6154 6184 6
6154 7187 9
6155 8118 13
6155 8412 20
6156 7396 13
6156 7419 9
6157 9938 20
6157 8398 6
6158 9383 17
6159 9274 19
6159 7158 14
6159 6268 7
6159 9706 17
6160 6930 20
6160 7856 19
6161 9727 19
6161 7779 14
6161 6365 17
6161 9158 1
6163 6932 4
6163 7584 6
6163 7558 14
6165 7250 13
6165 7738 19
6165 9991 20
6165 9515 7
6165 7745 2
6165 8539 2
6166 9851 11
6166 7846 10
6167 9618 15
6168 7729 13
6168 9426 9
6169 6997 6
6169 7723 10
6170 9551 20
6170 7993 9
6171 9157 10
6171 6575 5
6172 7354 18
6172 8043 6
6175 9904 18
6176 6932 3
6176 6252 17
6176 7511 7
6176 7069 5
6176 9998 11
6176 9924 12
6177 8838 3
6177 7803 6
6177 9266 13
6178 9226 13
6178 6963 20
6178 7412 3
6179 6213 16
6179 6240 18
6179 7501 6
6179 6557 15
6180 8903 6
6180 6342 20
6180 7619 15
6181 7786 6
6181 6442 4
6181 8531 8
6181 8459 14
6181 9954 20
6182 6447 1
6182 9848 18
6182 9078 13
6183 9030 14
6184 7089 1
6185 8544 6
6185 8314 5
6185 9826 19
6185 9793 13
6186 8779 8
6186 7674 3
6186 8076 14
6187 8514 12
6187 7364 2
6187 9846 4
6187 8063 6
6187 9984 9
6187 7361 2
6187 7358 10
6187 6712 1
6188 6524 7
6188 9224 10
6189 9683 4
6189 8013 16
6189 9051 14
6189 9008 1
6190 9273 20
6190 9502 16
6190 9429 4
6190 9756 7
6191 9640 16
6191 8753 16
6191 9469 16
6191 8266 20
6191 8184 7
6192 8156 17
6193 6576 13
6194 7761 10
6196 6315 1
6196 6715 9
6199 6869 15
6199 7814 1
6199 6633 9
6199 6536 5
6200 6528 2
6200 9947 18
6200 9938 14
6200 6649 13
6200 7657 10
6201 8207 16
6202 7644 17
6202 6957 14
6202 9198 7
6202 7438 12
6203 9019 19
6204 8078 9
6205 6735 8
6205 8694 1
6206 9298 3
6206 9546 5
6206 8470 5
6206 9278 13
6208 7108 20
6208 7123 10
6208 9770 4
6210 9558 11
6210 8509 8
6210 9490 11
6211 6888 9
6211 6587 7
6211 9780 4
6212 9639 17
6214 9782 16
6214 8742 1
6215 9963 12
6215 7430 2
6215 7813 20
6215 7595 18
6215 9457 6
6216 7573 5
6216 7259 3
6218 7024 14
6219 6948 5
6220 6464 12
6220 7129 20
6220 7917 8
6220 8071 6
6221 8021 6
6221 9875 9
6221 9727 1
6221 8284 17
6223 6752 10
6223 6399 1
6223 8820 16
6224 6674 10
6224 7847 19
6225 6227 7
6226 8742 17
6226 6881 8
6226 6411 9
6226 6363 3
6228 8126 14
6229 8589 5
6229 9452 8
6229 7841 5
6230 9848 11
6230 9231 5
6230 7112 17
6230 8956 16
6230 7619 9
6230 6296 10
6231 9266 1
6231 7400 5
6231 7061 19
6232 7814 4
6232 7381 7
6232 9960 7
6232 8892 5
6233 7596 5
6234 6265 16
6234 9871 14
6235 9016 1
6235 8042 7
6236 9279 19
6236 9620 6
6237 8331 4
6237 9904 19
6240 9787 4
6240 7081 14
6240 7565 11
6241 8266 17
6241 7746 2
6242 9577 13
6242 9441 9
6242 9361 7
6243 9037 17
6243 6589 12
6244 7567 11
6244 9293 3
6244 6606 5
6245 8831 20
6245 7029 19
6246 7749 17
6246 6626 14
6246 6405 13
6246 8631 8
6246 7090 4
6246 8588 17
6247 7656 1
6247 7772 11
6247 6505 17
6247 8312 8
6247 7181 1
6248 9370 20
6249 6473 15
6249 6581 13
6249 7002 19
6249 7291 1
6249 9544 10
6249 9313 13
6249 8985 7
6250 9962 11
6250 8042 1
6251 6349 16
6251 6652 16
6251 7141 8
6251 7857 4
6252 6304 18
6252 6262 18
6252 9123 11
6252 8568 20
6253 8680 8
6253 6581 15
6255 7007 15
6256 8239 12
6256 7308 8
6257 6643 7
6257 7336 12
6258 7353 20
6258 6731 9
6259 9097 2
6260 7814 19
6261 9109 11
6261 8830 8
6262 8531 7
6262 6792 6
6262 8072 9
6263 8237 8
6264 7354 7
6265 9368 11
6265 7004 1
6265 9386 13
6265 9073 19
6265 9870 17
6265 7840 10
6265 6907 10
6266 7348 8
6266 9684 7
6266 6653 17
6267 9985 20
6267 8481 1
6268 6302 6
6268 8502 11
6268 6449 9
6268 6794 16
6269 9326 3
6269 6792 6
6271 6366 16
6271 9602 18
6271 9427 1
6272 9293 13
6273 8670 13
6274 9368 9
6274 7877 10
6275 7033 18
6275 9854 12
6275 8978 14
6276 6321 16
6276 8746 18
6276 7432 13
6276 6714 17
6276 7100 20
6276 8125 6
6278 7536 13
6280 9505 17
6280 9523 12
6281 6551 11
6282 8711 4
6283 6935 5
6284 8246 16
6284 8820 2
6284 7444 4
6285 8995 4
6286 6931 17
6286 8802 7
6286 9109 14
6287 8831 2
6287 8958 13
6287 9004 8
6287 9606 16
6289 7077 1
6289 9347 11
6290 9200 11
6290 7605 10
6290 9990 12
6291 7449 14
6291 9991 11
6291 7403 4
6292 8383 11
6293 8344 9
6293 9318 3
6294 9637 9
6294 9635 6
6294 9977 8
6294 8857 18
6295 7847 14
6296 6564 3
6296 7715 10
6297 8051 11
6297 9415 1
6299 8307 20
6299 7768 10
6299 8879 4
6299 8473 8
6299 9119 18
6299 6982 6
6300 7961 5
6301 8686 12
6302 7916 17
6302 6859 3
6302 7410 9
6302 7273 2
6303 6622 3
6303 6811 1
6304 6748 4
6304 9875 4
6305 7767 19
6305 7094 1
6305 9176 12
6305 9013 2
6306 6442 10
6307 8338 10
6307 6735 6
6308 8264 18
6308 7670 4
6308 8277 14
6308 9209 10
6308 8657 11
6309 9939 17
6309 9145 2
6310 9152 17
6310 9374 4
6311 9446 2
6311 9141 13
6313 6947 8
6313 7703 11
6313 9984 12
6313 8231 4
6313 8551 19
6313 7082 16
6313 7400 5
6314 6998 13
6314 7185 7
6314 9213 10
6314 7463 9
6315 7986 12
6316 7773 11
6316 9144 14
6317 6874 12
6318 9588 18
6318 8077 6
6318 9361 10
6319 7835 16
6319 7759 14
6319 8298 18
6320 8627 5
6320 6357 11
6322 9645 18
6323 9296 9
6323 8552 12
6323 6733 19
6324 8828 16
6325 9363 5
6325 9659 5
6326 9647 2
6326 8993 12
6327 6656 2
6328 6923 4
6329 9822 3
6329 7505 13
6330 7828 1
6331 8757 1
6331 8581 5
6332 9311 14
6332 7931 17
6333 7620 10
6333 9338 19
6333 9430 14
6334 7204 16
6334 7856 15
6334 7180 16
6334 9269 14
6335 9825 4
6335 9742 19
6335 9479 6
6336 8568 2
6337 9677 5
6338 7162 19
6338 7196 15
6338 8607 13
6338 9385 8
6338 7977 15
6338 9218 15
6339 9546 11
6339 6393 12
6339 9299 12
6340 8482 15
6340 8568 20
6342 8561 10
6342 7650 8
6343 7008 4
6344 6711 20
6344 7281 7
6344 9404 13
6344 9301 13
6345 7501 15
6345 7933 3
6346 6769 3
6346 9126 13
6347 6697 6
6347 8456 12
6347 6677 7
6347 6853 11
6348 6687 6
6348 9718 5
6348 6771 20
6348 7795 8
6349 9288 18
6350 7526 13
6350 9310 6
6350 6835 19
6351 7429 3
6351 7598 18
6353 6779 16
6353 8064 19
6353 9552 7
6354 9060 15
6354 9498 11
6354 7254 20
6355 8315 8
6355 6497 15
6355 8555 5
6355 9566 16
6357 6678 12
6357 6582 4
6357 7850 7
6357 6765 3
6358 7298 11
6358 8342 17
6358 8672 13
6358 7307 5
6359 6941 1
6359 9257 16
6359 8625 3
6360 7573 7
6360 6751 17
6360 9935 19
6360 8272 9
6361 6628 16
6361 8471 15
6361 8469 18
6361 8091 11
6361 9969 10
6361 8845 2
6361 9311 15
6362 8574 19
6362 9697 9
6362 6652 12
6363 9943 8
6364 8369 20
6364 7248 7
6364 7594 9
6366 9355 3
6366 8185 4
6366 9652 6
6367 7432 7
6367 6431 14
6367 6544 10
6367 9229 14
6368 9381 6
6369 8015 18
6369 6990 11
6370 8222 2
6370 8978 13
6370 8164 19
6371 9195 13
6371 9366 15
6371 6822 5
6373 7155 1
6374 8871 13
6374 7779 9
6374 6793 15
6375 9284 10
6375 7746 1
6375 9344 11
6375 9879 12
6376 7048 1
6376 9445 8
6377 7084 16
6377 8453 11
6377 8706 1
6378 9044 4
6378 6400 14
6378 7630 1
6379 9479 11
6380 9244 12
6381 9569 16
6381 9915 2
6381 9613 9
6382 7364 16
6382 9500 17
6383 6656 15
6384 7722 3
6384 8607 5
6385 6622 8
6385 7008 16
6386 8548 6
6387 8120 18
6388 7091 16
6388 8256 8
6388 9409 12
6389 9468 16
6390 7775 13
6390 9874 17
6391 7994 12
6391 9655 14
6393 9215 9
6394 9344 5
6394 9845 20
6395 6829 14
6395 7031 12
6395 7756 7
6396 7649 20
6396 9904 19
6396 7863 19
6397 7702 2
6397 7333 20
6397 6853 11
6398 7214 10
6398 7556 16
6398 9909 3
6399 8602 16
6399 7812 15
6399 8689 9
6401 8697 4
6401 9585 14
6401 6874 17
6402 9860 14
6402 7369 16
6402 8488 10
6402 6670 9
6403 9553 17
6404 9402 19
6404 6784 20
6404 6923 13
6404 6480 4
6405 7141 11
6405 8644 4
6406 8941 14
6406 9652 1
6406 9689 1
6406 6606 18
6406 6625 1
6407 7382 9
6407 8344 10
6407 7623 7
6407 7823 12
6408 7554 18
6408 9636 8
6409 8574 11
6409 8538 4
6410 7737 1
6410 7611 2
6410 8537 14
6411 6945 16
6411 9128 2
6411 8700 15
6412 6737 14
6412 6838 1
6413 6980 8
6413 7659 9
6413 7178 12
6414 7069 8
6414 7471 1
6415 9385 2
6416 7935 15
6416 9746 7
6416 7113 9
6417 8812 3
6417 6756 12
6418 9928 5
6419 7987 16
6419 9594 9
6419 8385 5
6420 7965 3
6421 6987 5
6421 6437 18
6421 6654 4
6422 8345 8
6422 9322 7
6423 7122 2
6423 8626 20
6424 9479 10
6424 7060 8
6425 8031 17
6425 8724 2
6425 7871 4
6425 9735 18
6426 7242 2
6426 7040 18
6427 7128 16
6427 6801 12
6428 7254 7
6430 7225 15
6430 7216 10
6430 8523 4
6431 9201 6
6431 8914 14
6432 8040 1
6432 7275 1
6433 9330 6
6433 7677 14
6433 9051 15
6435 8011 9
6435 7667 11
6435 8003 17
6437 7011 13
6438 7586 3
6439 8802 17
6439 6460 19
6440 9022 9
6441 8578 5
6441 7347 1
6442 8281 13
6442 6568 5
6442 6906 10
6443 6843 18
6443 9965 18
6443 7856 15
6444 8792 17
6444 6593 5
6445 9688 1
6447 6834 6
6447 8746 18
6447 8340 5
6447 7902 12
6448 8166 7
6448 7295 14
6449 8143 12
6449 7167 11
6449 9157 5
6450 8390 5
6450 9752 1
6451 8978 11
6451 9110 7
6451 6911 18
6451 8594 10
6451 7335 17
6452 8750 2
6452 8084 8
6453 6840 1
6456 9775 6
6456 7075 12
6456 7875 4
6456 9652 12
6456 6985 15
6458 8951 4
6458 8745 13
6459 9669 3
6460 7852 20
6462 8385 11
6463 8433 10
6464 6898 14
6464 9148 15
6465 6812 5
6465 9356 7
6465 7853 20
6465 8866 1
6466 6972 10
6466 7412 10
6467 9190 4
6467 6832 18
6468 8502 12
6468 8598 2
6468 7539 15
6468 6869 3
6469 7891 3
6469 9389 7
6470 8751 17
6471 8128 7
6471 8570 12
6471 8027 3
6471 8141 9
6472 7010 14
6472 7570 8
6473 7414 12
6473 6513 10
6473 7696 15
6473 6705 13
6473 6653 12
6474 9328 18
6475 9819 9
6475 8447 18
6475 9406 18
6476 7993 11
6476 6501 10
6476 7155 15
6477 7711 14
6478 9382 6
6479 9918 1
6479 8067 14
6479 9395 19
6480 8776 8
6480 7312 10
6481 8812 17
6481 8028 13
6482 7517 16
6482 8699 7
6482 7732 15
6484 6765 1
6484 7151 6
6484 7260 4
6485 9531 20
6485 8408 16
6486 7658 13
6486 9320 4
6486 9956 16
6487 6821 9
6487 8961 7
6487 9344 5
6488 9321 14
6488 8912 10
6488 7810 3
6488 7714 16
6489 7883 6
6491 8752 6
6492 8264 12
6492 8170 12
6493 7001 4
6493 9640 10
6493 7217 12
6493 7936 18
6493 7058 17
6494 6808 11
6494 9999 1
6495 8426 4
6495 8386 18
6495 8514 6
6496 7940 19
6497 7415 19
6497 8390 19
6497 8875 1
6498 8005 20
6499 9758 3
6499 6557 1
6499 7746 4
6500 8714 2
6500 9457 6
6501 6701 13
6502 8918 8
6502 6507 19
6502 6786 2
6502 9678 1
6503 8275 4
6503 7096 20
6503 8227 19
6504 8116 1
6504 8584 15
6504 9271 8
6504 7204 19
6505 7331 9
6505 9293 18
6506 9576 18
6506 7692 8
6506 8926 10
6506 9776 1
6507 8492 7
6508 6998 20
6508 7512 2
6509 7908 14
6509 7820 1
6509 8948 15
6510 9115 16
6510 7162 3
6511 9131 18
6511 9836 15
6512 7715 6
6512 7594 20
6512 9707 16
6512 8859 2
6513 9257 7
6513 7973 9
6514 6694 11
6515 9603 2
6515 7554 12
6516 8756 18
6516 8108 17
6516 8466 6
6517 9930 2
6517 8892 6
6517 8040 9
6517 6965 9
6518 9952 13
6518 9577 19
6518 8708 10
6518 7222 7
6518 8466 20
6518 9825 16
6519 8216 10
6519 9303 6
6519 8763 5
6520 8195 11
6520 6656 16
6521 8837 16
6522 8748 19
6522 7843 17
6522 7075 8
6523 7842 1
6523 8195 10
6523 9816 5
6523 9519 4
6523 7182 9
6523 6831 11
6523 6654 7
6524 8444 17
6524 8476 6
6524 8204 7
6524 8279 8
6526 7707 6
6526 7081 3
6526 8588 7
6527 7735 2
6527 6583 3
6528 7846 19
6528 9209 7
6529 8221 18
6529 8552 13
6530 8564 17
6530 7847 6
6531 9906 5
6531 8871 13
6531 7361 15
6531 9527 6
6532 6815 8
6532 8012 11
6533 7602 14
6534 9425 4
6535 7641 3
6535 8559 20
6536 7563 10
6536 8956 7
6537 7133 14
6538 9763 4
6538 9692 10
6538 9248 16
6539 7391 11
6539 8634 13
6539 8992 5
6540 8980 19
6541 9341 15
6541 7640 18
6541 8746 18
6542 7759 5
6542 9087 8
6542 9000 12
6543 6850 11
6543 7350 7
6543 7362 3
6543 8595 18
6544 9691 9
6545 7374 10
6545 7641 10
6547 8099 13
6547 9227 20
6547 9428 2
6547 7877 10
6547 8026 17
6548 8346 17
6548 7964 7
6548 7841 11
6548 9982 13
6549 8201 7
6549 8241 10
6549 8009 16
6549 9840 4
6550 9323 14
6550 7822 18
6550 6735 17
6551 6869 2
6551 9331 4
6552 9794 16
6553 7159 15
6553 7600 3
6554 7472 2
6554 6735 18
6555 8759 14
6556 7999 20
6556 8649 13
6557 6566 12
6557 7962 9
6557 9625 2
6557 9122 13
6557 7973 12
6558 7044 1
6558 7267 2
6559 9890 5
6559 8428 7
6559 9591 12
6559 8152 13
6560 8584 10
6560 9714 3
6560 9273 10
6561 9012 2
6561 9558 16
6561 6857 15
6562 8931 4
6562 7395 9
6563 9675 5
6564 9153 3
6564 8053 1
6565 8056 11
6565 9716 10
6565 6922 8
6565 7564 11
6566 9539 3
6566 9675 7
6567 9948 15
6567 9152 4
6567 8592 17
6568 8986 8
6568 7593 9
6568 6591 19
6568 7306 16
6568 6941 19
6568 6571 19
6569 9522 5
6569 9823 5
6570 7027 20
6570 9074 4
6571 9012 2
6571 6848 18
6571 6815 2
6573 9828 15
6574 9178 15
6575 8308 18
6576 8193 12
6576 7430 17
6576 7579 11
6577 9416 20
6577 8183 20
6577 8133 3
6577 8930 20
6577 8126 6
6577 9007 17
6578 7534 19
6578 8059 5
6578 9853 4
6579 9010 15
6580 6984 14
6580 8912 19
6581 6921 14
6582 9506 2
6582 6985 8
6583 6953 18
6583 7293 8
6583 8443 9
6583 8798 16
6583 7600 17
6583 9904 14
6584 9421 5
6584 6912 14
6585 8866 9
6586 9070 14
6586 7513 3
6586 9240 13
6587 9083 4
6588 8189 11
6589 8846 2
6590 6939 3
6590 9528 18
6591 7441 14
6591 6715 1
6592 7814 11
6593 6697 1
6593 7231 8
6593 7522 11
6593 6627 2
6594 8885 20
6595 6763 1
6596 7458 16
6596 9784 18
6597 7812 13
6597 8134 3
6597 9058 4
6598 8622 9
6599 7023 1
6599 9702 15
6599 8652 14
6600 9795 15
6600 7502 1
6600 9693 8
6601 7733 10
6602 6796 15
6602 8334 1
6602 7403 2
6604 6985 17
6605 6821 5
6606 7596 13
6606 6744 7
6606 9759 16
6606 9681 10
6606 8059 14
6607 7218 10
6607 8324 13
6607 6698 5
6607 8076 5
6607 8700 12
6608 8808 2
6608 9738 15
6609 7035 9
6609 8798 15
6610 8384 14
6610 8648 6
6611 9404 3
6611 7581 19
6611 9264 18
6613 7455 19
6613 9362 8
6614 6698 18
6614 7495 7
6614 7510 11
6614 7151 19
6615 7543 8
6617 8602 1
6617 8055 3
6617 9778 13
6618 9419 17
6618 9398 9
6619 7727 19
6619 8471 15
6619 8719 2
6620 9944 15
6620 8901 3
6621 9455 19
6621 7214 19
6622 8362 5
6622 7043 12
6622 7082 16
6623 7129 11
6624 9529 4
6624 6925 4
6625 7408 15
6626 6843 3
6626 7391 9
6626 9882 10
6626 7076 1
6626 9912 7
6627 9679 10
6628 8051 6
6628 7925 18
6628 7716 15
6628 8971 11
6629 9797 13
6629 8855 15
6629 9514 7
6631 7126 4
6632 9517 4
6632 8585 2
6632 9044 4
6633 7705 15
6633 7832 13
6634 9329 13
6635 9010 1
6636 8782 6
6636 9413 15
6637 9484 20
6637 7539 3
6638 9461 5
6638 6985 14
6639 8027 3
6641 8593 12
6641 8059 9
6642 8233 2
6642 8464 20
6642 9602 17
6642 7819 12
6643 9916 13
6644 9678 20
6646 9456 3
6646 8385 1
6646 8183 8
6646 9746 19
6647 9501 7
6647 9357 10
6648 6899 18
6648 8559 4
6649 8460 2
6649 8467 2
6649 6702 8
6650 7137 7
6651 7436 10
6651 7357 11
6651 7255 7
6652 7520 19
6652 7901 7
6653 7727 4
6654 9350 16
6655 7440 10
6655 7895 5
6655 9812 5
6656 9635 3
6656 6776 14
6656 9256 12
6656 8329 19
6657 9191 17
6657 8515 4
6657 6658 3
6657 7007 12
6658 7956 16
6658 8004 19
6660 9809 3
6660 8348 7
6660 8671 13
6660 8976 15
6663 7698 17
6664 7306 20
6664 7080 11
6664 7257 8
6666 8841 15
6668 7991 20
6668 7257 5
6669 9844 18
6669 8934 2
6670 8322 13
6670 9251 8
6670 8807 20
6670 9092 13
6671 7937 18
6671 9852 5
6671 6955 9
6671 8203 17
6671 8024 3
6671 7567 16
6671 7746 6
6672 9924 20
6672 7523 16
6673 8601 4
6673 9996 7
6676 7924 3
6678 7728 3
6678 8327 11
6678 9131 17
6678 8246 6
6679 6935 11
6680 8666 2
6680 9511 18
6680 9446 10
6681 8884 7
6681 9775 9
6681 8845 6
6681 8267 3
6682 8035 4
6683 9991 6
6683 7998 4
6684 8127 18
6685 8395 6
6685 9310 18
6685 8013 17
6686 7524 6
6687 7772 19
6687 9838 4
6687 7302 9
6688 6821 12
6688 8981 10
6689 7675 15
6690 8374 2
6691 6987 11
6691 9501 10
6691 7118 8
6692 7349 7
6692 8487 6
6692 7122 3
6693 7381 5
6693 9447 11
6697 7240 19
6697 7281 12
6697 9529 10
6697 9031 7
6698 7769 5
6698 7004 9
6698 8790 10
6699 7354 7
6699 9152 20
6699 9970 6
6703 8056 6
6703 9625 2
6703 6747 15
6704 8950 17
6704 9178 4
6704 9552 1
6705 9078 11
6706 6773 1
6706 7894 18
6707 7213 19
6707 8872 18
6707 9617 20
6708 9419 9
6709 8113 2
6709 9092 18
6710 8553 3
6712 8721 13
6713 7617 15
6713 7284 6
6713 8976 8
6713 6941 7
6714 9615 13
6714 8761 19
6715 8352 8
6716 7291 12
6716 8487 4
6716 7997 2
6717 9104 15
6719 7434 7
6719 7388 17
6719 7644 12
6720 9065 3
6720 8921 11
6721 7133 7
6721 7557 10
6721 8647 7
6721 6946 12
6722 9732 14
6722 7788 16
6723 6783 19
6723 7535 10
6724 8617 3
6725 9974 12
6726 8622 10
6729 7688 1
6729 6935 20
6729 9775 10
6730 8612 14
6730 9844 4
6731 8948 15
6731 7966 9
6731 8564 12
6731 8290 11
6732 8667 14
6732 6796 7
6733 7570 16
6733 9778 18
6733 6817 2
6733 9231 4
6734 6948 17
6734 7178 16
6735 6939 4
6735 8586 11
6736 9051 3
6736 9073 8
6736 7350 1
6737 8200 1
6737 7395 13
6738 7220 7
6738 9057 10
6739 7196 2
6742 7703 19
6742 9475 14
6742 7292 4
6743 9560 6
6745 7248 19
6745 8548 19
6745 9481 6
6745 9022 13
6746 9426 5
6746 8720 8
6748 7018 13
6748 9260 4
6749 8914 18
6750 8173 4
6750 9847 12
6750 7750 15
6750 9548 19
6751 9272 15
6751 6974 15
6753 7418 14
6754 9855 10
6754 7057 5
6755 9899 7
6756 9902 15
6756 7652 17
6757 8029 17
6757 9589 11
6758 7347 2
6759 9074 15
6759 8763 19
6759 9823 1
6759 7998 10
6761 9214 15
6762 9279 12
6763 8242 12
6764 9504 6
6764 8018 7
6764 9726 1
6765 8125 8
6765 7718 7
6766 7268 11
6766 8816 1
6767 8785 4
6767 7915 6
6767 8283 8
6767 7314 6
6768 8656 19
6769 9106 1
6769 8289 2
6769 7673 4
6769 9723 4
6769 7954 6
6770 9045 9
6770 7517 20
6770 9747 8
6770 8627 9
6771 7320 4
6771 9479 12
6771 9539 17
6771 8819 5
6772 9036 5
6772 7136 3
6775 7580 6
6775 7707 3
6775 9520 12
6776 7198 3
6776 8779 4
6776 8338 2
6777 6813 18
6777 9846 18
6777 8432 1
6777 8137 20
6778 8679 18
6779 8635 19
6779 8372 11
6779 6962 2
6780 6807 13
6780 8662 14
6780 8796 12
6781 7216 20
6781 8572 8
6781 8707 11
6782 8871 13
6782 7577 4
6782 9858 9
6782 7120 2
6783 9105 1
6783 9302 18
6783 8649 4
6783 9558 10
6784 7657 12
6784 9823 5
6785 7242 18
6785 9337 13
6785 9950 1
6786 6944 13
6786 7752 18
6786 7809 19
6787 7039 5
6787 7634 3
6788 8990 16
6789 7277 10
6789 7700 9
6789 8840 16
6790 9431 1
6791 7191 16
6792 6818 9
6792 9169 20
6792 7399 11
6792 8893 6
6792 8243 5
6793 9015 10
6793 9384 20
6793 6795 20
6794 9382 9
6796 9244 20
6797 7074 18
6797 6874 19
6798 9011 15
6798 9089 13
6798 8536 8
6799 6922 19
6800 8793 4
6800 8385 13
6802 9144 1
6803 8199 2
6804 8801 15
6804 8585 13
6805 8265 19
6805 7070 10
6805 9808 3
6806 8409 14
6806 8209 11
6806 7885 18
6806 9928 15
6807 8297 1
6808 9446 3
6808 7809 12
6808 7436 5
6809 7933 20
6809 7272 12
6809 7249 2
6809 8379 14
6809 9395 8
6810 8121 11
6810 9493 10
6810 9390 4
6810 9686 14
6811 7465 15
6811 8451 17
6812 8274 11
6812 8936 8
6813 8998 1
6813 7471 9
6813 6822 10
6813 9814 11
6813 8979 13
6814 8897 15
6814 9142 12
6814 9057 19
6815 8089 17
6815 8959 3
6815 7941 18
6816 9325 13
6816 7747 8
6818 9143 5
6818 7052 10
6818 9357 7
6819 7798 7
6819 9767 11
6820 7437 1
6822 9293 18
6823 9325 12
6823 7202 3
6824 9563 4
6824 9130 5
6824 7157 15
6825 9373 9
6825 7022 17
6828 9911 4
6828 7279 13
6828 8954 5
6829 8600 14
6830 7601 20
6830 7121 17
6830 7786 12
6831 7151 6
6831 9303 1
6832 6835 11
6832 7517 14
6833 9949 14
6834 8778 1
6834 6958 11
6834 8908 19
6834 7160 19
6836 7774 19
6837 7544 7
6838 8248 5
6839 8747 3
6839 7876 19
6839 8661 15
6840 9920 9
6841 9488 13
6841 7796 12
6841 7717 13
6841 9334 7
6842 9635 17
6842 9386 5
6843 7490 12
6843 9560 14
6844 7546 20
6846 7328 2
6846 7363 6
6847 7887 17
6847 8284 15
6848 9165 13
6849 8830 3
6849 7715 20
6850 6852 15
6851 7209 14
6852 9771 18
6852 9972 3
6852 9177 8
6852 9477 17
6852 8616 19
6853 8907 4
6854 8114 1
6854 7498 5
6855 8789 2
6855 8549 18
6855 9637 16
6855 9060 10
6856 7132 2
6856 6989 6
6856 9211 18
6857 7366 19
6857 9683 19
6858 8773 8
6859 8641 14
6859 9000 11
6860 7671 1
6860 9185 2
6861 8648 8
6861 6984 3
6862 7355 20
6862 8789 1
6862 9685 18
6864 8581 11
6864 9495 15
6864 7205 18
6865 8818 18
6866 9622 6
6867 6974 11
6868 9562 17
6868 7330 9
6868 9133 5
6869 7897 6
6869 9888 1
6870 9058 17
6870 7671 13
6872 9170 12
6872 7706 5
6874 9108 2
6875 7179 15
6876 8597 16
6876 9074 10
6876 8982 17
6876 7769 13
6877 9612 2
6877 7052 6
6878 7432 12
6878 7489 14
6878 7935 8
6879 9135 16
6879 7428 17
6881 7873 3
6881 9759 3
6881 8034 13
6881 7736 19
6882 8031 2
6882 8723 20
6882 9016 15
6883 7272 5
6884 8947 15
6884 9505 8
6885 7429 6
6885 9347 17
6885 9589 12
6885 8193 12
6886 9920 16
6887 8924 15
6888 9762 19
6888 8100 16
6888 9110 9
6889 7643 18
6889 9297 9
6889 7913 1
6889 9513 17
6889 7505 12
6891 8170 6
6891 9529 6
6892 8553 17
6892 8682 14
6892 9042 3
6892 8741 20
6893 9632 17
6893 9384 5
6893 7293 15
6893 8041 5
6893 7012 14
6893 9672 1
6894 9594 13
6894 7611 11
6895 9312 16
6895 9865 14
6895 8313 17
6895 8403 6
6897 8619 20
6897 6977 20
6897 7999 14
6897 8343 16
6897 8086 5
6897 7823 17
6897 7485 6
6897 7480 10
6897 8172 4
6898 9035 20
6898 8274 15
6898 7916 17
6899 9364 13
6901 7807 17
6901 7961 2
6901 7864 9
6902 8416 6
6902 8208 17
6903 9564 18
6903 9167 16
6904 7790 17
6906 8185 20
6908 7085 6
6908 9655 11
6909 9403 19
6910 7916 17
6911 9365 13
6911 8633 15
6911 9740 5
6911 9147 10
6912 7765 4
6912 6945 20
6913 9639 12
6913 9913 10
6914 6984 4
6914 7968 12
6917 8944 16
6918 9130 3
6918 7077 16
6918 9816 14
6919 8765 6
6920 8276 13
6920 7945 19
6921 7551 13
6921 7756 15
6922 9354 6
6923 7464 18
6924 8292 19
6925 7231 5
6925 8118 12
6925 8375 16
6926 8278 14
6927 8132 12
6927 7599 11
6928 8747 11
6928 7395 3
6928 7335 9
6929 9587 14
6930 9704 12
6931 9670 20
6931 8058 19
6932 9938 17
6932 8736 8
6932 8474 3
6933 8613 9
6933 8143 7
6933 8087 2
6933 8199 20
6934 6993 20
6934 7000 12
6934 9423 8
6934 7606 6
6934 9608 4
6935 9585 18
6936 7171 19
6937 8331 8
6937 8172 4
6937 9829 12
6937 7238 8
6938 9828 2
6938 9518 11
6938 7800 17
6938 8029 13
6939 9251 12
6939 8302 9
6940 7443 18
6940 8786 7
6940 8920 8
6940 7208 17
6942 8806 18
6942 9770 2
6942 7276 14
6943 7780 16
6943 8458 4
6943 7307 20
6944 7885 4
6944 9381 16
6944 8490 10
6944 7164 6
6945 8171 12
6945 9355 3
6945 7225 17
6945 9460 14
6946 8875 20
6946 9604 15
6946 9146 11
6947 7259 14
6948 8715 13
6948 8346 16
6948 7796 4
6948 9356 15
6949 7296 12
6949 8656 5
6949 7159 10
6949 8544 2
6950 9590 20
6950 7078 15
6951 8476 12
6951 9021 17
6951 8383 13
6951 8073 4
6952 7847 8
6952 9440 19
6952 9826 8
6953 8077 9
6953 7650 16
6954 9197 9
6954 9588 19
6955 7266 12
6956 9780 2
6956 9013 2
6956 9875 10
6956 8115 10
6959 9905 3
6960 7837 18
6960 9479 12
6960 8460 2
6961 8366 1
6961 7619 14
6962 8813 2
6963 9308 7
6964 7351 1
6964 8452 16
6964 7086 20
6965 8394 17
6965 7082 10
6965 9158 8
6966 7240 13
6966 9179 8
6967 7864 9
6967 8231 17
6967 6981 13
6968 9228 3
6968 7008 11
6968 7661 14
6968 7366 11
6969 7728 18
6969 8189 17
6970 8132 16
6970 7462 20
6970 7785 7
6971 9017 10
6972 9606 1
6972 7103 9
6973 8799 18
6973 7285 13
6973 8880 20
6974 9902 8
6974 8701 18
6974 8645 9
6974 9374 3
6976 8755 7
6976 9468 16
6977 8887 1
6978 9584 15
6978 7036 17
6978 9940 16
6978 8200 1
6979 8089 8
6980 7851 7
6980 8072 2
6981 9873 3
6981 7391 9
6982 9575 3
6982 9679 4
6982 9733 17
6983 7329 5
6985 9172 13
6985 8394 2
6985 9479 14
6985 9724 2
6986 7928 13
6986 8534 17
6987 9357 6
6987 8999 3
6988 9547 16
6989 7937 20
6989 8085 15
6990 8326 14
6991 8976 9
6991 8010 13
6992 8979 16
6992 9787 1
6993 9003 11
6994 8962 16
6994 9327 10
6994 9467 6
6995 8635 1
6995 7064 12
6997 7715 2
6997 7805 2
6998 7959 18
6999 9107 2
6999 8521 1
7002 9885 2
7003 9467 3
7003 8873 17
7003 7735 5
7004 7190 14
7004 7564 1
7004 7965 13
7005 7192 6
7006 7556 2
7007 9189 4
7007 8442 4
7007 8570 20
7008 8529 20
7008 8167 1
7009 8036 13
7009 9510 18
7009 8329 18
7010 8174 16
7010 8248 1
7010 7916 20
7010 7101 2
7011 9109 19
7012 7562 2
7014 9132 10
7014 9971 6
7014 9217 8
7015 9998 5
7015 7837 14
7015 8081 14
7015 8787 8
7016 8774 9
7017 9534 12
7018 7517 13
7018 7271 10
7019 9560 11
7019 7964 2
7020 9358 9
7020 9715 2
7020 7182 16
7021 8071 19
7021 8714 10
7021 7947 5
7021 8173 12
7021 8653 20
7022 8691 5
7022 7667 5
7022 8730 1
7023 7133 6
7023 9871 3
7024 9688 8
7024 8745 20
7024 9488 11
7024 8371 5
7025 9642 1
7025 9218 16
7026 8404 14
7028 8680 9
7028 8962 8
7029 7821 11
7029 7362 19
7030 9190 7
7030 9467 5
7030 8994 12
7031 8195 14
7031 8763 4
7032 9227 17
7032 8882 7
7032 8219 16
7033 9394 2
7033 7336 4
7034 9096 11
7035 8155 15
7035 7045 16
7035 7158 10
7036 9902 10
7037 9702 3
7037 7326 14
7038 9235 14
7038 7309 5
7039 9782 4
7040 7104 10
7043 9875 11
7043 8029 19
7044 9977 17
7045 9374 10
7045 9707 17
7046 7398 9
7046 7756 16
7046 7441 3
7047 7340 14
7048 9919 19
7048 9726 8
7049 9099 14
7050 9549 4
7051 8569 16
7052 9092 11
7053 8505 13
7054 8228 18
7055 9870 6
7055 8621 13
7055 9782 18
7055 7288 3
7056 9463 9
7057 8474 4
7057 9974 12
7057 7778 11
7058 8061 1
7058 8041 3
7059 8321 10
7059 9337 11
7059 9864 15
7060 7704 1
7060 7379 1
7061 7353 10
7062 8724 1
7062 7292 4
7062 8518 16
7063 9682 7
7063 8084 8
7063 8560 15
7065 7934 11
7065 8256 19
7065 8183 3
7066 7259 4
7067 8151 6
7069 9887 17
7069 8367 14
7071 8615 3
7071 8605 8
7071 9156 4
7071 9456 17
7072 7573 17
7072 9832 7
7073 8228 20
7074 8478 11
7074 8905 11
7075 9526 15
7077 7863 2
7077 7353 3
7077 7985 14
7078 9879 1
7079 7501 4
7079 9658 14
7079 8490 3
7081 7730 20
7081 7089 20
7082 8081 12
7082 8132 19
7085 7630 10
7085 8009 6
7085 8925 12
7085 9787 8
7086 7660 11
7086 9693 5
7086 8725 12
7086 7408 8
7088 7512 15
7088 9507 1
7088 7308 20
7089 7707 10
7090 9553 5
7090 8218 1
7091 9586 13
7091 7128 12
7091 9553 20
7092 7256 19
7093 7355 19
7093 8281 11
7095 8219 9
7096 9402 9
7096 9801 1
7096 7886 18
7097 8513 1
7098 9672 19
7098 8981 19
7100 7987 11
7101 7309 18
7101 8846 20
7101 9349 5
7102 8725 17
7102 8704 5
7103 8201 4
7103 8750 11
7104 8475 10
7105 7932 19
7105 8783 14
7105 9130 7
7105 9313 1
7106 8728 17
7106 9684 8
7106 7282 20
7107 9722 16
7108 8449 16
7109 8189 5
7109 9592 11
7109 9564 4
7110 7558 18
7110 7713 17
7111 8659 8
7112 9818 7
7112 7887 18
7113 9950 19
7113 8087 11
7114 9836 8
7114 7554 10
7116 7753 19
7117 7141 3
7118 9992 2
7119 9774 6
7119 7576 13
7119 7267 8
7119 8704 20
7120 9155 18
7121 8309 14
7121 9191 10
7121 9648 19
7122 8690 8
7122 8077 12
7123 7474 10
7125 7454 9
7125 9121 19
7126 8576 20
7126 9436 16
7126 7272 1
7126 9428 15
7126 9864 11
7127 8311 11
7128 9259 10
7128 8286 12
7128 9880 7
7128 8641 18
7129 7433 18
7129 7544 6
7129 7613 5
7130 8810 8
7130 8931 9
7130 9496 1
7130 8056 19
7130 7499 4
7130 7345 15
7130 9975 2
7130 9640 17
7131 8133 19
7132 9293 11
7132 9227 16
7132 7890 10
7132 9793 7
7133 9834 17
7133 8299 5
7134 8903 14
7134 8119 16
7134 7193 17
7134 7835 5
7135 8950 18
7136 9707 6
7136 7615 15
7136 7511 12
7137 9285 19
7138 9648 17
7138 7368 15
7138 7473 13
7139 9602 17
7139 7748 2
7139 9879 15
7140 7956 19
7140 8407 18
7140 8094 3
7140 7507 2
7140 8244 12
7141 8056 4
7141 8313 8
7142 8526 4
7144 7833 10
7144 9266 14
7144 8399 19
7145 9172 6
7145 7493 19
7145 7805 20
7145 9193 8
7146 9065 7
7146 9683 17
7146 9787 13
7146 7406 7
7146 7248 9
7147 7345 12
7148 8043 17
7149 9932 16
7149 7589 6
7150 9816 8
7151 8287 13
7153 8117 8
7154 8584 13
7154 7510 5
7154 7656 17
7155 9139 11
7156 8725 17
7156 7709 10
7156 7480 19
7157 9983 18
7158 9224 3
7159 9206 4
7159 7823 9
7159 8479 12
7159 8154 16
7159 7358 12
7160 8353 17
7160 8993 15
7160 7688 8
7161 9184 18
7161 9843 14
7161 8218 18
7163 7805 17
7166 8545 1
7168 7951 12
7168 8046 2
7169 9818 15
7169 7647 10
7170 8669 11
7170 8809 4
7170 9308 4
7170 9172 11
7171 7622 6
7171 9059 10
7173 9440 15
7174 8145 3
7174 9405 17
7174 7378 15
7174 8008 3
7175 9936 1
7177 8479 2
7177 8563 1
7177 8128 7
7177 7811 1
7178 9321 2
7178 8484 8
7179 8900 11
7179 9954 5
7181 8286 16
7182 9321 11
7182 8665 4
7184 9829 15
7184 7877 6
7185 7198 17
7185 7320 13
7185 8955 8
7187 7372 5
7188 9237 9
7189 9539 20
7189 9271 10
7189 8636 18
7191 7973 16
7191 8159 17
7191 8114 8
7192 8831 14
7192 7614 2
7193 7474 2
7193 8559 5
7194 8214 20
7195 8824 17
7195 7309 10
7195 7624 12
7195 9728 12
7195 9920 18
7197 8027 6
7197 8798 17
7197 9730 3
7197 7947 10
7199 8586 13
7202 8729 4
7202 9205 15
7202 9665 6
7203 8383 16
7203 8642 1
7206 8943 3
7207 8695 18
7208 7486 19
7208 7289 4
7208 8557 7
7209 8381 17
7209 7914 18
7209 9372 16
7209 7533 5
7210 8020 4
7210 9734 16
7211 8952 5
7212 7548 18
7212 9634 8
7213 7434 13
7213 7271 1
7214 8302 14
7214 9356 20
7214 9003 13
7214 9235 14
7216 8840 18
7216 8520 17
7217 7538 9
7218 9345 9
7218 7978 18
7218 8905 16
7219 8114 19
7219 8911 10
7219 7549 20
7220 8795 8
7220 7255 3
7220 8773 15
7222 9573 7
7222 8510 7
7223 9117 5
7224 9582 5
7224 8729 1
7224 9900 14
7225 8525 6
7226 7356 9
7228 7271 18
7230 8377 1
7231 8951 15
7231 7608 6
7231 8730 15
7233 9471 10
7233 7549 7
7234 9952 11
7234 7418 17
7235 9183 12
7235 7948 13
7235 9108 19
7236 8380 7
7237 7648 5
7238 7244 17
7239 9038 16
7239 8525 9
7239 7904 8
7240 8627 10
7241 8942 5
7241 7801 2
7242 9781 11
7242 7517 1
7243 9260 6
7244 8919 10
7244 9937 2
7245 8592 19
7246 9422 1
7246 7602 12
7246 9159 2
7247 9292 18
7247 9730 7
7249 8885 10
7249 7371 12
7250 7276 2
7250 7711 7
7251 8270 15
7252 7277 8
7252 8244 12
7253 9811 1
7253 7851 20
7253 9984 6
7253 9747 13
7253 9549 19
7254 8363 6
7255 9668 11
7255 9904 6
7256 8171 14
7257 8437 3
7258 9829 16
7259 7443 12
7259 7688 3
7259 9043 12
7261 7698 9
7262 8384 3
7263 9543 17
7264 9061 18
7265 8526 5
7267 9140 6
7268 8658 17
7268 9901 15
7268 7772 2
7268 8642 2
7270 8290 5
7270 9798 3
7271 8287 7
7271 7811 14
7271 9043 3
7272 7410 7
7273 8757 20
7273 8777 19
7276 8647 19
7276 9244 6
7277 9388 7
7278 9987 5
7278 7526 7
7278 9608 19
7278 8892 17
7279 9221 15
7279 8154 9
7279 7485 10
7280 7456 11
7281 9914 4
7282 8817 6
7284 7887 5
7284 9915 15
7286 8351 14
7287 9710 1
7287 8751 15
7288 8534 18
7289 8961 14
7291 8510 14
7293 8637 1
7293 9777 15
7293 8585 13
7294 7510 10
7295 7503 10
7295 7947 5
7296 8901 1
7296 8362 15
7296 7822 2
7297 9738 16
7297 7546 16
7298 8716 4
7298 8881 8
7299 9885 12
7299 7753 19
7300 8335 20
7300 9750 5
7302 8493 8
7303 8284 8
7304 9711 3
7304 9194 6
7307 8311 18
7308 7773 20
7309 7531 19
7309 8524 17
7312 8805 11
7313 8810 4
7313 9365 3
7314 9794 17
7314 7752 14
7314 7327 1
7316 8824 12
7316 8706 9
7317 9284 5
7317 9559 7
7317 7635 3
7317 8684 4
7318 7838 6
7319 8609 13
7319 8410 5
7319 9023 12
7319 9495 15
7319 8079 9
7319 8632 17
7320 9889 20
7320 8557 9
7321 9633 13
7323 7680 13
7324 8166 16
7324 7920 10
7324 8338 13
7324 7779 11
7327 9088 11
7327 8566 1
7328 8832 12
7328 9960 15
7329 8426 11
7330 8646 3
7331 7930 19
7332 9183 9
7332 8660 8
7334 8884 9
7335 9020 5
7335 7632 11
7337 9378 9
7337 9399 17
7337 9906 5
7337 9898 11
7340 8468 1
7343 8140 18
7344 7802 12
7345 9205 3
7346 9101 3
7347 8845 12
7347 9158 10
7347 9252 19
7349 7780 9
7350 8786 15
7350 9951 12
7350 8467 1
7353 9529 10
7353 7915 14
7354 9248 12
7355 7386 7
7355 9913 9
7356 7720 6
7357 8832 11
7357 9349 10
7359 9654 5
7359 9937 5
7359 9706 17
7360 8632 18
7360 8349 1
7361 8410 8
7361 8748 5
7361 9476 14
7361 7652 1
7362 8073 6
7364 9588 19
7364 9492 16
7365 9705 10
7366 9378 18
7366 8299 1
7366 9777 11
7367 8569 15
7368 9366 20
7369 8829 14
7369 8605 18
7369 9325 15
7369 8845 7
7370 9644 7
7370 7506 12
7370 8044 6
7370 9708 2
7370 8489 4
7371 7454 17
7371 7551 18
7371 9673 20
7371 9056 15
7371 9900 13
7372 7632 3
7372 9650 3
7373 7777 2
7373 9044 20
7373 9487 15
7373 7945 14
7375 9717 7
7375 8456 2
7375 9779 6
7376 7566 17
7377 8535 14
7377 8225 14
7378 8261 12
7378 9051 8
7379 8570 12
7380 8312 18
7380 7452 3
7381 7493 18
7382 9358 19
7383 9291 18
7384 7852 12
7384 8006 15
7385 7644 20
7385 7979 4
7387 9475 15
7387 9513 6
7389 9298 3
7390 9599 9
7391 9948 17
7392 9054 13
7392 8418 18
7393 7630 18
7394 9336 6
7394 8283 8
7395 9394 18
7395 9991 12
7397 9330 12
7397 7657 4
7399 7669 12
7400 7595 4
7400 8900 1
7401 9095 19
7401 8165 8
7403 8940 9
7403 9968 13
7403 8197 14
7403 7833 15
7404 8732 8
7405 8254 2
7405 8137 17
7405 8526 18
7407 8386 1
7407 8270 9
7408 7608 18
7408 7724 1
7409 8607 17
7410 8082 3
7410 9227 6
7411 8159 16
7412 7966 5
7412 8412 16
7413 7744 9
7413 7970 14
7415 8039 1
7416 8278 2
7418 7460 3
7418 9282 4
7420 7894 3
7421 7582 12
7424 9111 14
7424 7710 14
7424 9484 8
7424 8656 4
7425 8443 3
7425 9067 1
7428 9975 17
7428 8661 9
7429 8402 18
7430 9131 12
7430 9419 11
7431 8371 15
7432 8931 20
7433 8282 7
7433 8808 20
7434 9877 8
7434 9939 17
7434 9237 4
7435 7758 5
7437 8046 9
7437 7570 1
7437 9428 4
7438 7681 10
7438 8144 16
7439 8474 13
7439 8646 13
7439 7878 19
7439 9161 13
7440 9952 9
7441 8789 18
7441 9376 9
7441 8847 14
7443 8341 3
7443 9766 11
7444 8901 20
7444 8145 4
7445 9608 1
7446 9954 4
7446 9328 10
7446 8946 11
7447 8082 6
7447 8552 19
7447 8814 15
7448 7695 4
7448 8353 15
7449 9603 7
7450 8110 1
7450 9828 9
7450 9497 7
7451 8573 4
7451 8213 3
7452 7598 7
7453 7598 17
7454 8494 15
7454 9299 11
7455 9284 1
7455 8646 19
7457 8368 7
7460 8333 3
7460 9359 1
7461 7755 14
7461 8254 4
7461 7957 16
7462 9919 8
7464 8277 11
7466 9795 12
7466 8414 20
7467 8189 20
7467 9628 16
7468 9031 4
7469 7686 16
7470 7474 16
7471 8285 15
7471 8177 6
7471 7667 4
7471 9027 14
7472 8991 13
7472 9009 10
7472 8794 2
7475 9649 3
7476 7739 13
7476 8294 6
7476 9988 11
7477 7825 19
7477 8307 11
7478 9725 7
7479 8230 9
7480 9240 12
7480 8606 9
7481 9325 15
7482 9734 20
7483 9535 16
7483 9784 5
7484 9239 18
7484 9883 1
7484 9487 17
7486 9836 20
7486 7973 7
7486 7894 16
7487 8508 5
7492 9753 11
7493 8805 19
7493 8361 12
7495 9971 14
7495 9423 4
7496 9329 13
7498 8170 18
7499 8077 20
7501 8315 18
7502 8698 7
7503 8202 16
7503 9639 11
7503 9708 1
7504 7868 4
7505 9856 10
7506 7669 18
7507 9480 4
7507 8940 2
7507 9947 6
7509 8791 16
7509 7666 1
7509 8503 8
7509 9503 13
7511 8119 9
7513 7627 13
7514 9157 12
7516 8456 16
7516 8589 13
7516 8627 3
7516 8316 2
7516 8527 12
7518 9683 5
7521 8804 16
7521 7869 6
7522 9031 7
7523 7555 16
7524 9345 12
7525 8172 10
7526 7872 7
7527 8785 11
7528 9987 10
7529 9321 16
7529 8119 16
7530 8760 18
7531 8023 2
7533 7882 4
7533 9626 11
7536 9167 6
7538 9406 14
7539 7580 1
7539 9292 16
7540 7861 10
7540 7569 18
7540 9989 13
7542 9544 19
7542 9584 20
7543 9244 7
7546 8819 11
7547 9983 17
7547 9725 17
7548 9614 7
7548 8856 19
7548 7745 16
7549 8665 18
7549 9016 9
7552 8728 15
7552 9687 20
7552 9502 4
7553 8597 13
7555 9284 13
7556 7842 11
7556 9078 19
7557 9005 3
7557 8825 10
7558 8413 10
7559 7913 9
7559 8108 12
7559 7985 1
7560 8084 8
7560 9697 6
7560 9179 7
7560 7752 4
7564 8060 5
7564 9034 9
7566 7617 17
7566 9821 19
7566 7664 4
7568 7591 9
7569 8889 6
7571 9304 16
7571 9679 9
7571 9065 5
7574 9931 11
7577 9953 17
7577 9725 19
7577 9981 4
7578 7676 12
7579 8140 20
7579 8295 13
7580 9872 11
7580 9531 10
7580 8315 11
7580 9525 18
7580 8935 5
7581 9508 16
7581 9565 7
7581 8670 15
7582 8487 6
7582 8424 1
7583 7863 9
7584 9137 4
7585 8920 14
7585 9276 17
7586 9643 19
7586 8078 7
7586 9843 20
7587 9117 9
7587 9161 6
7588 9056 9
7588 8508 4
7588 8226 17
7589 9671 11
7589 7637 1
7591 9754 10
7591 9102 17
7592 7763 19
7593 9163 2
7594 8761 1
7594 9973 13
7594 8995 1
7594 9264 13
7595 9901 16
7598 9322 1
7599 8192 17
7599 7645 16
7600 8107 13
7600 7698 5
7601 8095 9
7601 9815 1
7602 8117 17
7602 8873 5
7604 7952 18
7606 8501 7
7606 7942 7
7606 7819 2
7606 7865 1
7606 9195 19
7608 9810 6
7609 7793 16
7609 9330 7
7611 8633 8
7612 7840 17
7612 9313 11
7612 9856 5
7614 9342 18
7615 9062 20
7615 8820 6
7616 7921 11
7616 8767 16
7616 7868 1
7616 8097 5
7617 8469 13
7617 9181 16
7618 7833 6
7622 8965 3
7622 7800 18
7622 9518 6
7623 8368 12
7625 7709 16
7626 7679 3
7626 8371 12
7627 8200 15
7628 8497 16
7628 8912 8
7628 9874 4
7628 8224 16
7629 9302 11
7629 7634 8
7631 9013 13
7632 7675 8
7632 8360 20
7633 8890 15
7633 8827 18
7633 8624 13
7634 9724 20
7635 9879 2
7637 9919 8
7637 9551 13
7638 9545 4
7638 9000 17
7639 8743 9
7640 9013 8
7642 8621 20
7643 8177 14
7644 8119 18
7644 9660 6
7644 7813 6
7645 8514 19
7645 9661 17
7645 7999 7
7646 7916 7
7647 9197 14
7648 8171 19
7649 7658 3
7649 8010 19
7651 8122 11
7651 8165 15
7652 8123 4
7652 9940 16
7654 8856 18
7654 8924 7
7657 9038 1
7657 9826 2
7657 8394 7
7658 8785 1
7659 9313 12
7660 9560 13
7662 9911 10
7662 9429 9
7663 8122 3
7665 8941 11
7666 7690 18
7667 9455 20
7667 9809 13
7668 9763 18
7668 9616 19
7669 9889 16
7672 8798 10
7674 7821 17
7674 9910 5
7674 9654 18
7675 9864 15
7675 9994 11
7675 9211 18
7676 9763 7
7678 8228 7
7678 9389 4
7679 9054 18
7679 9739 8
7679 9948 20
7679 9431 1
7680 8411 5
7680 9180 3
7681 9633 11
7681 9352 16
7683 8814 8
7683 9338 5
7684 7869 1
7685 8505 18
7686 9591 7
7687 8767 14
7687 8399 4
7687 9417 13
7687 8825 6
7688 8123 5
7690 7843 17
7693 9049 16
7693 9179 19
7695 9837 10
7695 7812 16
7695 9670 8
7696 9229 3
7697 9375 3
7697 9422 1
7697 9903 19
7698 9714 17
7698 8345 5
7698 8572 2
7699 9729 10
7699 8925 17
7699 9632 4
7700 9359 14
7700 9374 4
7701 7933 3
7701 8905 7
7702 8899 8
7702 8201 14
7702 9619 6
7704 8977 18
7705 9191 18
7706 9670 12
7706 9013 16
7708 8502 2
7708 8122 4
7708 8691 12
7708 9870 18
7709 9378 20
7710 8731 14
7711 8261 16
7711 9374 4
7712 8798 19
7712 8154 14
7713 9008 12
7713 8211 6
7714 8806 14
7715 9522 8
7716 9586 1
7718 9804 6
7719 8126 14
7719 8680 14
7720 9065 20
7721 9668 17
7723 7891 2
7724 8224 7
7725 9391 5
7726 8221 15
7726 8132 7
7728 8674 19
7728 8368 19
7731 9327 14
7731 8690 14
7731 9245 13
7731 8376 6
7732 9271 19
7734 8842 1
7734 8696 19
7735 9782 3
7735 7887 7
7736 7905 15
7736 9245 10
7736 9178 3
7737 9111 6
7738 8592 18
7741 8922 7
7741 8611 19
7742 8840 3
7742 8800 15
7744 9440 12
7744 9439 13
7746 8059 16
7747 8580 7
7749 9403 11
7750 9977 2
7750 7939 18
7750 9563 6
7751 8776 5
7752 8985 1
7753 9068 9
7753 9070 16
7755 9880 8
7755 8066 1
7756 8897 4
7756 8938 19
7756 8099 5
7757 9692 9
7757 8256 19
7757 7967 1
7758 8813 15
7758 8575 9
7758 9262 17
7758 8537 17
7758 8857 6
7760 8166 9
7760 8195 4
7761 9344 18
7762 9752 7
7763 8051 7
7763 9554 12
7763 7824 14
7764 9460 15
7764 8308 5
7766 7835 1
7766 7853 16
7768 8276 3
7770 9911 19
7770 7838 1
7773 8404 4
7774 9345 9
7775 9779 16
7775 9615 8
7775 8572 9
7775 8502 5
7776 9142 15
7777 8011 6
7778 7836 6
7778 8507 2
7779 9383 17
7779 7876 19
7780 9196 12
7781 9418 18
7784 8761 1
7784 7926 20
7785 8436 1
7785 8901 4
7785 9951 12
7786 9768 3
7786 8700 15
7786 9004 10
7788 9430 18
7790 7890 19
7791 9404 17
7792 9912 14
7792 9136 5
7792 9951 5
7792 9148 1
7793 7822 14
7794 8759 18
7794 9647 14
7794 8771 16
7794 8240 8
7795 9910 14
7795 9269 9
7795 8203 8
7796 8593 18
7797 9211 20
7798 9055 9
7799 7821 3
7800 8041 12
7801 7871 6
7802 8698 8
7802 7997 12
7803 8724 19
7803 8113 17
7803 9386 6
7805 8182 2
7807 8301 5
7807 9469 19
7808 9632 2
7809 8165 3
7809 9995 13
7810 9353 13
7810 7919 12
7810 8990 4
7811 8238 12
7811 8245 3
7811 8969 15
7812 8489 9
7813 8656 16
7813 8069 15
7814 8743 6
7814 8603 8
7815 9919 10
7816 9053 7
7816 9037 14
7820 8681 13
7822 8447 14
7823 9882 10
7824 9187 15
7826 8388 20
7828 8597 17
7829 7949 10
7829 8174 14
7829 9894 11
7829 9676 1
7830 9468 7
7831 8625 8
7832 9264 12
7834 9235 1
7836 8859 9
7837 8609 13
7837 9988 17
7837 9122 2
7837 9880 4
7838 9661 11
7838 8598 5
7838 8766 15
7839 9504 13
7839 8963 12
7840 9896 2
7843 8765 20
7843 8771 13
7844 7848 2
7844 9034 8
7845 8711 2
7845 9685 15
7846 8694 12
7846 9485 17
7846 8509 11
7847 8207 14
7848 9022 20
7848 9891 7
7848 8583 20
7850 9458 14
7851 9796 8
7851 7903 5
7851 8727 6
7854 8471 19
7855 9470 20
7857 9533 4
7857 9672 20
7858 8156 9
7858 9128 11
7858 7938 16
7858 9456 13
7861 8235 8
7862 7946 9
7863 8903 7
7864 8108 8
7865 9534 20
7866 7988 19
7866 8236 16
7867 9188 3
7867 8212 6
7869 9833 8
7869 9649 14
7870 9212 8
7870 8193 2
7870 8349 14
7871 9774 4
7871 9186 20
7872 9520 8
7872 8970 15
7872 9735 15
7873 8931 2
7875 8709 13
7877 7927 4
7878 9144 20
7878 8266 17
7880 8903 16
7883 9389 18
7884 9692 2
7885 8758 3
7888 9264 18
7889 9507 15
7890 8252 3
7890 9977 14
7891 8125 13
7892 9695 19
7892 9356 19
7892 9186 7
7895 9204 9
7896 9074 3
7896 9652 2
7896 9882 11
7897 8605 11
7898 7976 13
7898 9965 16
7899 8858 6
7899 7966 9
7899 8681 5
7899 9859 15
7900 9277 9
7900 9416 5
7900 9197 2
7902 8109 15
7903 8049 17
7903 8343 10
7904 9135 6
7904 8006 15
7904 9653 4
7905 9767 15
7905 9216 3
7906 9623 7
7906 9438 15
7907 8386 11
7908 9678 13
7910 8209 10
7911 8143 18
7912 8537 14
7912 8328 15
7912 8737 4
7913 8991 9
7913 9817 8
7914 8364 14
7914 9367 9
7914 9347 18
7915 8071 19
7916 7993 8
7917 9308 13
7918 8106 3
7918 8311 15
7918 8871 11
7919 9267 20
7919 9982 1
7920 9606 17
7921 8579 17
7921 8531 16
7924 9908 1
7924 7926 2
7924 8782 5
7925 8014 12
7925 8435 4
7926 9236 17
7927 8037 18
7928 9830 6
7930 8593 18
7930 9230 4
7930 8420 13
7930 7951 2
7931 9988 6
7933 9814 11
7934 8471 8
7935 9760 8
7936 9350 9
7936 9877 10
7938 8379 3
7938 9941 4
7938 8551 1
7940 8921 6
7940 9782 6
7940 9430 2
7941 9944 3
7941 8811 8
7942 9771 19
7942 8304 5
7944 8979 3
7944 7990 14
7948 9858 1
7948 8302 19
7949 9189 5
7949 9915 5
7950 7952 17
7950 9664 20
7950 8761 7
7951 8669 15
7953 9830 1
7953 9432 20
7954 8388 20
7955 9372 16
7955 8412 6
7956 9642 14
7956 8373 8
7956 9375 8
7957 9946 5
7957 9748 19
7958 8863 7
7959 9828 8
7963 8165 2
7964 9067 1
7964 8137 5
7965 9721 7
7967 9901 6
7967 8468 18
7967 9949 11
7968 9633 6
7970 9740 4
7971 9196 5
7971 8058 9
7971 8375 1
7972 9717 2
7972 9932 13
7973 9105 5
7974 9861 5
7975 9715 9
7975 9625 4
7976 8969 16
7976 8230 10
7977 9328 17
7978 9434 13
7979 9345 2
7982 9512 1
7982 8594 13
7982 9802 9
7983 8166 19
7984 8993 17
7984 9307 17
7984 9624 6
7985 8099 9
7985 9148 15
7986 9008 14
7986 9337 20
7987 8363 1
7987 8015 6
7989 8635 19
7989 8075 1
7989 8049 6
7991 8379 15
7992 8637 13
7993 9186 19
7996 9815 20
7997 9647 19
7998 9919 1
7999 9318 9
7999 8840 11
7999 9094 2
8000 9608 18
8000 9292 6
8001 9919 1
8002 8442 6
8004 9157 14
8005 8037 20
8005 8349 5
8007 8938 15
8008 9554 18
8008 9732 6
8009 9385 20
8009 8896 16
8009 8245 6
8010 8026 11
8010 9938 7
8011 9569 19
8011 9017 17
8012 9013 7
8012 8975 16
8012 8523 10
8014 9664 11
8014 8880 8
8014 8360 15
8015 9635 9
8015 8954 2
8015 9053 3
8015 9882 6
8017 8147 13
8017 8647 18
8018 9899 9
8019 8646 20
8019 8697 2
8020 9752 18
8020 9101 12
8021 9647 14
8021 8901 10
8022 8502 7
8022 8244 5
8023 9302 1
8025 9222 14
8025 9722 11
8026 8615 20
8027 9683 8
8029 8892 4
8029 9177 5
8029 8406 9
8031 8124 17
8032 8270 8
8032 9115 18
8033 9296 6
8034 8740 15
8035 9454 20
8035 8223 2
8037 9320 13
8037 8283 11
8037 8413 10
8037 9211 11
8038 9608 15
8038 9178 8
8038 8449 9
8039 8444 18
8039 9137 11
8040 9116 9
8040 8653 4
8040 8794 7
8041 8436 5
8042 9072 8
8043 9326 14
8043 8670 13
8043 8757 3
8043 8122 14
8043 8992 6
8044 9435 12
8045 8153 6
8045 9793 8
8046 8556 2
8048 8802 18
8049 9194 3
8053 9650 20
8053 8921 15
8054 8940 7
8055 8827 7
8055 8257 9
8055 8099 20
8057 9286 10
8057 8805 11
8059 8320 5
8061 8827 1
8063 9156 9
8063 9993 12
8064 8882 5
8064 8518 9
8066 9412 5
8067 8514 2
8068 8719 12
8068 8507 6
8069 8154 14
8070 8745 16
8071 8971 7
8072 9808 17
8072 8763 17
8072 8709 20
8073 9293 1
8073 9709 15
8074 8253 13
8074 9079 4
8074 9359 8
8074 8841 4
8075 9466 18
8075 9957 16
8076 8333 13
8077 9734 8
8077 8302 20
8078 9803 11
8079 9759 10
8079 8370 2
8082 8110 1
8082 8550 6
8083 9694 5
8083 9561 1
8084 9961 6
8084 8310 14
8084 8317 15
8084 9219 18
8085 8348 18
8086 9190 14
8087 8497 19
8089 9018 12
8090 8847 4
8090 9870 6
8091 9949 16
8092 8590 1
8092 8169 11
8093 8197 16
8095 9406 1
8095 8902 6
8097 8499 16
8099 9133 7
8099 9041 1
8099 9092 8
8099 9177 17
8099 8122 6
8102 9155 2
8105 9876 2
8105 9587 1
8106 8764 2
8107 9134 7
8107 8969 19
8108 9789 1
8109 8281 3
8110 8723 4
8110 9881 2
8111 8670 18
8112 9129 2
8114 8340 2
8114 8643 19
8115 9267 6
8115 8638 18
8115 9894 6
8115 8322 4
8115 8329 1
8115 8966 7
8116 8501 18
8117 9502 17
8117 9763 16
8117 8972 17
8120 8890 4
8121 9419 11
8122 8215 4
8122 9070 10
8125 9823 4
8126 8611 15
8126 9934 17
8129 8151 19
8129 8653 6
8129 8632 14
8129 9176 12
8130 9492 10
8131 8153 2
8132 8980 3
8132 8514 13
8132 9247 6
8132 9097 10
8133 8924 5
8133 9936 20
8134 8642 12
8134 8375 12
8135 9559 12
8137 8272 8
8137 8964 17
8138 9935 16
8139 9072 2
8139 8923 19
8141 9179 16
8142 8203 19
8143 8656 3
8144 8826 11
8147 8401 10
8148 8234 6
8150 8254 6
8151 8586 2
8151 9288 12
8153 8169 18
8153 9916 7
8154 8634 5
8155 8301 17
8156 9947 8
8156 8232 16
8156 9945 3
8159 8662 12
8161 9463 17
8161 8569 16
8162 9540 11
8162 9811 10
8162 9574 9
8163 8433 20
8165 8288 13
8168 8245 7
8169 9482 6
8169 8175 9
8170 9105 5
8171 8472 10
8172 8266 13
8172 9318 13
8173 9806 2
8175 9225 10
8176 9143 16
8177 9942 6
8177 8332 20
8179 8832 9
8179 9298 17
8180 9021 9
8183 9402 5
8184 9328 6
8185 9287 1
8186 8411 20
8186 9673 1
8186 9206 1
8186 9401 4
8186 9589 10
8187 8243 8
8189 9776 4
8191 9006 2
8192 8482 3
8194 8420 14
8195 8610 2
8195 9745 20
8196 9154 15
8197 9626 1
8199 8758 14
8201 9723 15
8202 8735 2
8202 8244 9
8202 8861 8
8202 8676 1
8205 8592 6
8205 8290 9
8206 8552 4
8207 9110 20
8209 9619 7
8210 8362 12
8210 9768 2
8211 8623 17
8211 9381 1
8212 9147 12
8213 9335 9
8214 9303 6
8214 9407 7
8215 8629 8
8216 8795 12
8218 8459 16
8220 8933 10
8220 8712 3
8221 8727 12
8222 9372 4
8222 9975 18
8222 9301 4
8224 9187 8
8224 9495 9
8226 9358 6
8227 8735 18
8228 8496 17
8228 9821 4
8229 8775 12
8230 9907 3
8232 8843 9
8233 9402 15
8234 9490 8
8234 8478 19
8235 8453 19
8237 8653 1
8241 9426 11
8242 9195 8
8243 8606 15
8243 9901 19
8243 9180 19
8244 8982 19
8245 9496 4
8246 8706 12
8246 8611 11
8246 9204 16
8246 9988 5
8247 9522 18
8247 8879 16
8248 9625 13
8248 8288 18
8249 9263 10
8251 8806 4
8252 9549 17
8253 9571 4
8254 9974 14
8255 9677 5
8255 8766 18
8258 9965 6
8259 8577 13
8259 8648 4
8260 9655 7
8260 9404 13
8260 8578 5
8262 9083 9
8263 8564 8
8265 9579 10
8267 9661 4
8267 9369 19
8267 8839 3
8268 9169 15
8268 9717 7
8269 9424 19
8271 9947 11
8272 9342 19
8272 9917 8
8272 8940 5
8274 9575 19
8274 9675 12
8277 9562 10
8278 9984 9
8279 9863 1
8279 9820 11
8279 9441 11
8281 8972 9
8283 9148 13
8284 8947 8
8287 8883 5
8287 9862 3
8289 9438 18
8289 9758 6
8290 8764 15
8290 9747 1
8291 9809 1
8291 9078 13
8293 8950 5
8293 9901 14
8293 9658 18
8294 9928 14
8297 9971 4
8297 8504 2
8297 9348 18
8297 9453 10
8298 8624 10
8299 8570 16
8299 9121 14
8299 8576 2
8300 8755 16
8300 8334 16
8301 9474 20
8306 9437 17
8306 9415 19
8306 9231 17
8306 9458 19
8307 8324 13
8308 9166 6
8308 9184 17
8309 8862 14
8310 9718 16
8312 8316 10
8313 9468 7
8313 8948 8
8314 9975 7
8314 8743 20
8314 9937 18
8315 9114 20
8316 9466 17
8316 8753 11
8317 9977 5
8317 9493 11
8321 9779 18
8321 9977 17
8322 8882 2
8323 9761 10
8324 8856 19
8326 9527 13
8326 8335 6
8327 9820 12
8327 9657 6
8328 9213 12
8328 8368 11
8329 8584 18
8329 9943 1
8330 8833 8
8330 9543 4
8331 8702 11
8333 8697 8
8335 9592 20
8336 9945 11
8337 8749 7
8337 8970 3
8338 9380 7
8340 9015 3
8341 9870 7
8341 8457 12
8342 9701 5
8342 9720 3
8344 8926 10
8345 9659 17
8346 9081 11
8348 9943 16
8348 9454 11
8351 8721 3
8353 9798 15
8354 9970 9
8354 8941 8
8355 8693 3
8355 8425 20
8355 8526 6
8356 8958 14
8356 9017 5
8358 9058 3
8358 9856 19
8358 9570 15
8359 9111 8
8359 8626 4
8360 8447 10
8361 9587 12
8361 9660 15
8364 8451 6
8364 8754 14
8364 8728 12
8365 8818 10
8368 9234 6
8369 9006 11
8369 8751 17
8372 9114 14
8372 8717 13
8376 9114 1
8376 9913 4
8379 9234 19
8379 9039 9
8381 9913 13
8382 9019 4
8384 9261 4
8384 8974 14
8386 9249 1
8387 9291 18
8388 9052 4
8388 9562 1
8388 9110 16
8389 9769 10
8390 8646 11
8391 9508 6
8391 9069 12
8393 9871 10
8393 9645 18
8394 9075 13
8396 9473 4
8396 9083 11
8397 9425 2
8398 9377 17
8401 8956 12
8403 8960 11
8404 9756 4
8406 9488 3
8406 8436 2
8407 8837 18
8408 8669 1
8408 8432 7
8408 9550 1
8408 8949 13
8410 9683 4
8412 9718 12
8413 8529 10
8420 8644 16
8422 9168 3
8422 8833 2
8425 8630 11
8426 8668 15
8427 9929 18
8428 9089 15
8428 8503 2
8429 8645 8
8431 8465 15
8431 8804 4
8432 9490 7
8432 8471 4
8433 9306 3
8433 9109 19
8433 8435 10
8435 9349 5
8435 9122 15
8437 8722 3
8437 8690 2
8439 8631 2
8440 9991 7
8443 9421 14
8444 9498 13
8445 9519 14
8446 8769 1
8446 8604 14
8451 9617 7
8451 9752 5
8451 9194 18
8456 9450 16
8456 8537 20
8456 8577 17
8457 9612 18
8458 9647 3
8459 9539 12
8459 8532 19
8463 9667 9
8465 8522 11
8466 9109 14
8466 9735 2
8466 9330 13
8466 8736 19
8466 8989 11
8467 9363 11
8468 8518 19
8470 8728 19
8470 9594 4
8470 8574 11
8471 8617 6
8471 9270 9
8471 8864 6
8472 8936 16
8473 9592 11
8474 8568 2
8476 8827 20
8479 9109 1
8481 9242 4
8481 9433 13
8489 8604 4
8494 9668 11
8495 9791 7
8496 9517 13
8496 8527 9
8499 9142 9
8500 9566 8
8501 9580 3
8501 9311 13
8502 9147 6
8503 8987 8
8504 8570 1
8509 9904 1
8509 8990 8
8509 8802 1
8514 8783 1
8515 9912 10
8516 8598 12
8517 8863 6
8518 8548 2
8520 9879 17
8520 9662 6
8520 9269 7
8524 9770 11
8524 9480 1
8527 8860 20
8527 8532 13
8528 9742 17
8529 8613 18
8530 8615 17
8530 9797 18
8531 9265 8
8532 9103 3
8533 8799 3
8534 9004 10
8536 9615 19
8538 9866 13
8539 9889 7
8539 8886 17
8540 9813 14
8540 9760 16
8547 8715 14
8547 9362 18
8547 8597 9
8547 9750 9
8548 9342 9
8548 9740 3
8550 9297 5
8550 9922 4
8550 9966 20
8551 9509 3
8552 8973 16
8556 8950 2
8557 9622 13
8557 9831 5
8558 8735 5
8558 8672 4
8560 9459 16
8561 9626 18
8562 8586 19
8562 9642 10
8563 8735 5
8563 8936 14
8564 9991 1
8564 9393 7
8564 8938 5
8565 9260 1
8565 9889 1
8569 9165 7
8570 9791 19
8572 9808 1
8573 9973 6
8573 8852 20
8574 9122 4
8575 8753 11
8577 9323 10
8581 9706 5
8583 9440 12
8584 8741 20
8585 8823 10
8587 9588 5
8589 9317 17
8589 9194 8
8590 9689 19
8592 9052 18
8592 9909 4
8593 9418 4
8595 9777 5
8596 9430 4
8597 9925 2
8598 9895 11
8598 9721 19
8598 9375 16
8599 8954 1
8604 9499 3
8604 9805 6
8605 8784 9
8606 9682 9
8608 9615 5
8609 9350 7
8610 9666 13
8612 8717 1
8612 9868 5
8614 8821 11
8615 8946 14
8615 9089 16
8617 9924 8
8617 8996 6
8618 8914 6
8618 9351 20
8620 8875 4
8620 9111 15
8623 9342 4
8623 8951 6
8624 9889 8
8625 9558 6
8626 8843 2
8632 9132 20
8635 9503 11
8636 9933 11
8636 8662 10
8637 9737 1
8641 9889 20
8647 9975 7
8652 8711 9
8652 9667 8
8653 9119 13
8655 8929 17
8655 9293 18
8656 9172 14
8660 9015 19
8661 9722 4
8662 9674 9
8662 8963 18
8664 9648 2
8668 9359 7
8669 9512 1
8670 9930 13
8672 9516 14
8673 9811 12
8676 9952 13
8677 9204 19
8677 9781 7
8679 9960 1
8679 9452 1
8684 8788 20
8684 8827 2
8685 9278 8
8686 8986 17
8687 9424 16
8689 8837 11
8689 9432 11
8690 9449 14
8690 9629 15
8691 9949 13
8692 9222 3
8692 9594 8
8693 9110 9
8693 9346 6
8697 9093 18
8697 9901 5
8698 9815 8
8700 9692 7
8700 9104 9
8701 9616 9
8702 9157 8
8702 9410 1
8702 9034 9
8713 9709 16
8714 8730 3
8715 9282 10
8715 9456 6
8719 9038 16
8720 9757 5
8724 8785 1
8724 9370 12
8727 9438 3
8727 9007 7
8730 9294 20
8736 8788 12
8737 9757 10
8737 9190 4
8739 9681 10
8741 9942 19
8743 9981 4
8746 9872 14
8749 9086 4
8750 9049 3
8753 9676 3
8753 9196 5
8755 9503 17
8756 9402 9
8759 9843 5
8760 8856 11
8761 8810 14
8761 9281 3
8763 9773 20
8767 9764 13
8769 9667 6
8770 9293 8
8772 8960 5
8772 8871 13
8777 8929 18
8782 8938 14
8782 9041 5
8782 8885 12
8784 9325 3
8786 9908 7
8793 8916 15
8796 9729 16
8798 9936 5
8799 9630 16
8800 8970 13
8801 9751 20
8802 9113 1
8804 9556 12
8805 9262 12
8805 9140 12
8806 9001 20
8810 9981 1
8811 9097 17
8812 9250 10
8812 9750 17
8813 9419 7
8813 9730 4
8815 9630 1
8818 9173 7
8818 9741 9
8818 9717 10
8819 9046 14
8820 9245 20
8821 9435 9
8822 9514 7
8825 9263 2
8827 9981 15
8829 9094 10
8829 9492 20
8829 9924 17
8830 9197 6
8835 9887 2
8837 9073 20
8839 9201 16
8841 9390 13
8842 9164 17
8842 9634 3
8844 9975 5
8845 9054 15
8847 9443 17
8847 9290 17
8849 9690 17
8850 9463 20
8852 9739 1
8852 8945 3
8852 9924 6
8852 9996 5
8853 9101 13
8854 9801 20
8856 9854 19
8857 9545 12
8860 9988 3
8861 9028 20
8864 9193 2
8865 9140 14
8866 9562 6
8867 9994 20
8869 9519 10
8870 9511 10
8871 9016 5
8871 9822 1
8874 9409 12
8874 9127 6
8875 9910 1
8876 9661 7
8876 9502 2
8877 9034 14
8877 9889 11
8877 9711 16
8880 9023 4
8883 9378 5
8887 9424 18
8890 8957 16
8890 9423 12
8892 9058 7
8892 9996 7
8893 9564 10
8897 9117 17
8899 9395 1
8899 9660 18
8900 9266 1
8900 9957 3
8900 9569 7
8901 9807 14
8908 9802 2
8908 9558 10
8910 9044 19
8918 9341 10
8920 9560 16
8920 9160 9
8920 9034 5
8921 9112 4
8922 9643 9
8922 9969 6
8929 9629 11
8930 9935 9
8932 9801 18
8934 9604 6
8937 9229 15
8939 9226 4
8942 9129 18
8947 9883 19
8947 9395 18
8947 9380 1
8948 9381 10
8948 9655 11
8949 9369 15
8950 9542 13
8952 9591 19
8955 9640 6
8955 9383 6
8955 9391 19
8957 9018 14
8958 9184 6
8959 9178 12
8959 8965 18
8964 9867 10
8964 9682 16
8967 9468 1
8971 9895 16
8977 9151 5
8977 9486 4
8978 9279 16
8978 9752 14
8979 9596 20
8979 9651 19
8981 9882 19
8981 9600 12
8982 9411 20
8983 9220 2
8984 9740 12
8988 9954 8
8988 9223 2
8993 9459 9
8996 9128 9
8996 9020 8
8999 9471 3
8999 9745 20
8999 9326 15
9004 9316 10
9005 9367 2
9013 9108 13
9013 9382 8
9013 9385 20
9015 9985 12
9016 9866 20
9019 9408 2
9020 9603 16
9021 9561 1
9021 9062 2
9023 9747 20
9023 9557 15
9023 9820 10
9024 9207 2
9026 9517 15
9027 9235 8
9029 9569 8
9031 9114 19
9034 9547 16
9034 9361 7
9037 9069 11
9037 9518 4
9038 9742 1
9040 9249 19
9041 9629 1
9045 9865 19
9045 9628 7
9046 9498 7
9047 9914 3
9050 9222 17
9054 9941 14
9056 9471 17
9056 9746 8
9057 9174 19
9058 9061 17
9061 9671 11
9063 9145 19
9064 9940 3
9064 9280 9
9065 9568 13
9065 9726 20
9067 9452 8
9071 9570 13
9072 9620 13
9075 9782 13
9075 9989 8
9077 9603 19
9081 9536 3
9084 9902 18
9085 9808 19
9088 9125 2
9089 9400 2
9090 9658 19
9090 9667 4
9091 9160 17
9097 9676 1
9098 9717 16
9098 9520 8
9099 9629 6
9100 9142 4
9100 9998 17
9101 9262 19
9103 9241 12
9107 9239 4
9108 9411 9
9118 9879 3
9120 9936 20
9122 9391 16
9126 9376 7
9126 9898 9
9129 9593 17
9130 9624 13
9133 9499 2
9134 9734 15
9136 9355 3
9136 9567 15
9137 9576 16
9139 9519 11
9141 9830 10
9145 9659 12
9146 9864 1
9146 9178 16
9147 9587 12
9148 9914 13
9148 9658 17
9150 9443 14
9152 9402 18
9156 9831 1
9158 9637 10
9159 9458 16
9160 9986 16
9163 9828 19
9164 9872 2
9165 9302 2
9167 9561 3
9168 9337 7
9170 9250 18
9172 9239 18
9177 9829 12
9178 9915 19
9178 9274 15
9180 9802 18
9183 9368 15
9189 9995 3
9194 9680 19
9196 9477 3
9198 9728 8
9201 9608 20
9202 9995 6
9203 9367 3
9204 9343 4
9210 9376 16
9210 9929 2
9215 9871 11
9219 9722 19
9224 9422 10
9225 9835 13
9234 9819 13
9236 9494 19
9236 9581 13
9236 9387 4
9238 9994 9
9239 9476 16
9246 9697 19
9248 9516 15
9248 9544 19
9250 9297 7
9250 9932 17
9253 9508 19
9255 9462 5
9257 9447 13
9257 9963 20
9258 9509 9
9258 9404 17
9259 9879 3
9259 9411 8
9260 9856 8
9263 9859 12
9266 9528 5
9266 9696 19
9267 9939 12
9267 9314 9
9270 9279 2
9276 9940 1
9277 9994 12
9281 9984 10
9287 9447 11
9288 9725 8
9294 9939 1
9299 9577 10
9300 9912 5
9303 9697 4
9304 9490 10
9308 9367 8
9309 9551 3
9309 9954 14
9310 9453 14
9312 9983 12
9312 9903 4
9320 9768 18
9322 9537 19
9325 9749 19
9325 9558 20
9328 9887 9
9330 9362 1
9333 9550 7
9334 9394 13
9336 9999 9
9342 9795 2
9343 9709 5
9344 9955 19
9345 9550 18
9346 9979 3
9348 9823 14
9348 9890 17
9349 9548 16
9349 9365 18
9349 9694 7
9353 9843 7
9354 9923 6
9356 9717 13
9359 9625 6
9359 9976 4
9360 9935 1
9362 9801 1
9367 9662 8
9370 9728 18
9374 9705 11
9375 9900 17
9376 9928 20
9376 9772 9
9378 9734 16
9380 9946 5
9381 9387 19
9382 9401 4
9382 9679 11
9394 9664 12
9396 9705 4
9397 9905 11
9400 9940 6
9403 9938 4
9404 9819 19
9408 9580 17
9420 9821 7
9422 9891 14
9422 9598 5
9422 9540 7
9423 9586 1
9424 9511 18
9424 9739 3
9424 9678 15
9429 9927 5
9430 9905 13
9431 9702 1
9432 9769 16
9432 9706 14
9433 9862 3
9434 9486 5
9436 9841 9
9439 9650 5
9448 9697 2
9467 9757 10
9467 9984 9
9468 9848 3
9471 9884 11
9480 9762 13
9481 9902 18
9485 9740 5
9485 9504 2
9485 9646 16
9491 9958 5
9496 9544 16
9501 9616 20
9502 9939 19
9504 9892 20
9504 9817 19
9506 9524 10
9513 9696 19
9514 9647 20
9515 9588 9
9515 9973 2
9523 9595 4
9534 9726 17
9536 9864 20
9540 9602 17
9544 9612 19
9546 9632 6
9551 9871 13
9553 9567 14
9554 9830 6
9562 9626 19
9562 9737 8
9565 9791 13
9568 9804 15
9568 9766 9
9568 9715 2
9574 9994 17
9580 9711 14
9585 9970 12
9587 9854 14
9587 9718 2
9594 9694 1
9603 9836 6
9625 9761 6
9626 9987 19
9630 9914 11
9631 9896 16
9631 9668 1
9637 9801 8
9644 9751 10
9645 9697 19
9646 9917 7
9647 9961 12
9658 9776 12
9666 9886 7
9666 9843 9
9668 9788 4
9671 9688 16
9676 9773 13
9679 9856 2
9680 9790 16
9680 9789 20
9682 9750 17
9683 9928 16
9683 9985 13
9690 9973 16
9702 9766 20
9702 9772 20
9703 9902 8
9718 9785 14
9722 9725 18
9733 9984 20
9740 9898 4
9753 9854 20
9766 9933 12
9774 9939 6
9779 9913 2
9780 9798 19
9785 9948 17
9790 9913 10
9795 9830 13
9799 9945 8
9801 9993 10
9803 9982 16
9822 9878 15
9824 9826 15
9830 9846 9
9832 9850 4
9835 9906 12
9839 9931 10
9878 9911 14
9879 9958 7
9885 9960 7
9926 9949 10
9943 9958 10
9953 9984 4

